runner_id,profile
R009432,1
R077741,3
R034376,3
R020754,2
R001301,1
R033817,0
R017407,0
R064216,1
R062212,3
R086631,0
R026067,3
R064812,0
R063701,0
R060724,1
R083558,2
R047594,3
R082857,1
R098715,1
R060107,0
R051932,2
R021491,1
R018255,2
R032893,2
R050041,1
R002188,1
R060019,3
R097969,0
R005090,0
R033720,2
R087926,3
R083627,0
R085650,3
R064220,3
R098283,0
R050512,2
R007458,1
R073495,1
R033938,0
R084106,0
R018680,3
R045561,0
R004960,1
R022678,2
R043265,2
R073446,0
R090941,1
R049975,1
R073831,3
R020069,0
R073317,3
R084136,1
R008777,2
R017737,0
R042095,1
R090174,2
R073621,0
R036500,2
R018935,3
R048718,0
R070909,0
R074551,0
R034650,0
R004939,0
R040132,0
R090201,1
R032641,3
R071255,3
R018502,2
R031750,0
R002358,0
R040498,1
R004256,2
R087849,0
R081960,1
R027551,2
R052701,1
R070815,1
R037806,3
R085171,0
R004493,0
R074942,2
R001754,1
R077895,0
R015235,3
R091284,0
R076940,0
R065159,0
R073083,0
R086236,3
R074800,0
R041331,2
R043525,0
R029637,1
R023713,3
R006421,0
R091082,2
R084067,0
R085978,3
R035642,0
R074266,1
R047162,1
R087861,0
R078744,3
R004082,2
R068049,3
R079307,0
R068359,0
R013782,1
R078095,0
R063110,0
R074272,2
R033703,2
R052494,0
R068865,0
R021517,0
R081697,0
R057333,1
R069043,0
R030737,1
R089770,0
R065153,0
R059728,1
R013518,0
R005543,2
R010812,0
R084996,2
R065621,1
R035622,0
R072635,1
R007441,1
R091863,0
R091691,0
R045715,0
R036951,2
R056081,2
R014149,1
R007435,1
R086372,1
R055519,1
R082508,0
R097646,3
R073044,0
R087299,3
R036378,0
R049112,2
R057528,0
R027120,1
R013742,3
R008802,1
R036418,0
R053823,1
R099364,0
R050501,0
R062171,0
R084059,1
R042731,0
R000749,1
R055529,1
R034121,0
R081397,0
R012937,0
R054805,3
R099683,0
R065393,3
R080276,0
R066832,0
R059922,0
R073175,1
R094561,2
R071771,0
R029950,2
R075612,1
R026541,0
R072859,0
R044003,3
R037454,1
R045239,1
R026417,1
R068939,1
R073114,1
R073486,3
R051534,3
R053490,1
R053574,3
R074074,0
R000944,0
R033265,2
R092910,0
R054033,2
R086105,1
R004599,0
R091397,0
R069989,0
R065154,1
R074986,0
R027586,3
R075394,2
R041736,0
R094335,1
R040328,0
R021413,0
R082172,3
R021980,3
R072458,0
R079697,1
R068954,0
R010648,1
R072101,1
R084882,3
R028759,3
R087047,0
R029743,1
R041598,2
R071343,0
R072293,1
R050633,3
R090344,2
R058509,1
R069208,3
R057479,3
R026963,0
R048533,2
R019532,3
R075951,2
R040742,2
R086212,0
R093370,0
R014696,0
R040915,1
R097212,1
R033301,1
R076125,0
R084986,0
R069243,1
R015073,1
R010148,0
R062123,1
R029128,0
R091215,1
R059096,1
R095766,1
R085947,1
R083311,1
R045379,0
R075307,0
R018934,0
R039489,0
R060754,0
R093573,0
R005201,1
R072166,3
R067240,0
R007263,0
R051097,3
R054358,3
R016154,2
R082043,1
R007181,2
R076145,0
R064601,1
R084567,0
R042862,0
R091650,2
R015733,3
R055783,3
R033614,1
R012351,2
R034689,0
R047871,3
R097538,0
R080898,1
R027262,1
R015860,3
R054706,0
R028160,0
R036665,3
R001531,2
R039382,0
R011853,2
R029561,0
R009567,0
R056297,1
R077506,0
R064119,2
R038979,1
R021140,3
R060641,3
R086701,1
R050616,2
R058449,0
R021192,2
R043626,2
R087891,2
R094004,0
R047692,2
R048433,1
R059561,1
R026097,0
R030285,1
R052393,0
R000765,0
R037340,1
R097309,0
R093782,2
R034404,0
R003379,0
R095137,0
R069423,0
R008668,0
R045232,1
R070651,0
R047225,2
R057998,1
R028004,0
R092897,1
R019288,1
R055290,0
R002570,0
R065856,0
R048880,2
R073758,1
R053552,3
R014204,1
R009907,2
R044691,0
R092513,1
R024094,2
R098627,1
R042103,2
R012448,3
R040158,3
R087019,3
R062282,2
R056794,0
R060463,2
R009828,3
R035925,0
R065465,0
R031117,1
R019783,0
R075874,0
R037530,1
R081769,0
R025713,0
R087214,1
R092610,1
R058228,3
R092728,0
R013175,2
R081036,3
R079387,3
R053792,0
R013113,2
R030127,3
R084421,3
R000528,0
R000378,0
R023516,0
R062671,0
R089055,3
R054509,3
R074429,0
R013757,3
R053883,3
R007059,0
R093117,0
R018524,0
R044212,3
R024498,0
R083796,0
R088767,1
R028141,1
R038082,0
R064918,1
R089670,0
R090412,1
R099849,0
R056945,0
R065828,1
R061517,2
R070381,2
R066584,0
R072299,1
R055008,1
R032179,1
R093660,1
R000224,0
R042497,0
R043288,2
R042760,3
R058802,0
R009143,1
R055350,0
R098883,0
R025871,1
R026160,3
R063616,1
R094036,0
R073770,0
R071463,1
R045230,3
R088926,1
R064847,1
R044129,0
R050613,2
R028816,2
R025362,0
R048908,2
R058308,0
R049559,2
R078289,1
R005805,1
R035764,0
R082064,0
R057617,0
R014755,0
R054350,1
R003008,2
R081977,0
R018434,2
R062939,0
R041615,0
R016218,1
R065664,0
R051395,2
R092022,2
R000420,1
R078453,2
R069734,1
R002033,0
R059488,0
R053942,0
R000504,3
R045964,1
R035598,3
R085856,3
R026527,0
R098354,0
R001086,0
R058591,2
R094338,3
R013270,0
R028312,2
R098378,1
R016499,2
R013988,0
R049241,3
R004881,0
R002248,1
R021269,2
R035593,2
R065108,0
R077840,1
R082324,3
R025437,1
R034218,1
R062540,2
R038977,0
R066029,0
R057003,0
R048115,1
R007252,2
R067607,3
R076832,0
R083309,0
R074761,0
R069261,2
R052874,3
R072239,3
R064188,2
R035147,3
R065610,0
R039010,3
R073726,0
R075971,0
R018985,1
R029056,1
R067618,3
R030619,0
R057443,0
R084966,0
R076212,3
R028554,0
R042332,0
R019265,2
R091074,0
R007271,0
R070136,3
R028372,3
R078268,3
R085537,2
R030235,0
R073975,2
R009476,0
R097287,3
R096716,0
R034532,1
R077968,2
R003634,3
R011282,0
R043283,1
R072776,2
R041618,2
R066726,0
R085949,3
R027139,0
R039218,3
R084570,0
R001640,0
R098980,0
R023800,0
R043734,1
R067805,2
R079402,2
R068469,1
R045975,0
R078692,0
R083752,0
R057877,1
R086025,2
R020019,3
R029502,3
R046865,0
R003477,0
R026341,1
R010705,1
R040826,1
R068437,1
R050085,0
R028219,3
R019918,3
R011033,0
R028947,0
R099027,1
R082876,1
R018887,2
R000175,2
R043422,3
R028374,0
R089007,1
R016845,1
R092819,0
R061565,0
R037379,1
R067170,1
R099370,0
R048444,1
R090895,1
R031718,1
R045433,1
R027147,2
R014228,0
R093364,0
R001717,0
R096773,0
R039623,0
R010572,1
R074069,3
R022042,0
R097859,0
R035547,1
R007682,0
R011071,1
R069271,2
R097385,0
R055130,0
R034845,1
R043477,0
R064896,2
R077567,0
R073723,0
R033146,0
R078177,2
R050525,0
R084208,3
R088586,0
R050733,0
R027590,3
R009565,0
R064788,0
R049190,2
R074125,1
R066490,1
R090331,1
R010040,0
R079134,0
R097856,2
R060081,2
R090852,3
R074653,0
R032213,3
R043812,0
R064950,3
R003704,2
R074611,0
R050482,1
R059330,2
R069248,3
R023946,0
R091724,1
R077632,0
R082548,2
R024590,0
R059396,1
R020194,1
R058092,0
R057871,0
R076299,0
R066219,1
R001248,0
R065327,3
R046402,0
R064340,0
R076522,0
R067965,0
R050820,0
R041539,1
R084861,0
R001273,1
R048796,0
R004210,1
R074056,2
R093903,1
R052303,1
R033826,2
R029215,1
R039746,3
R062804,0
R078553,3
R026453,2
R002639,3
R046518,0
R015559,0
R068827,1
R007198,0
R011136,1
R056450,3
R060834,1
R018224,0
R043645,2
R036955,3
R017442,2
R026584,0
R008745,2
R077826,0
R096020,0
R035171,2
R030194,2
R010195,0
R031276,0
R053391,1
R047075,0
R008527,0
R064397,1
R008806,0
R045824,0
R049656,0
R061487,3
R057843,2
R060870,3
R063304,0
R094662,2
R011682,1
R087115,2
R063778,3
R089494,1
R070360,3
R056037,0
R009772,0
R026253,1
R045960,2
R001185,1
R008676,3
R089818,2
R083224,0
R082566,1
R014650,3
R053105,3
R048757,2
R021747,1
R031362,0
R034630,1
R093818,2
R018310,3
R066006,0
R015363,0
R093410,0
R071221,0
R056383,0
R066149,0
R060124,1
R073779,1
R014075,0
R093914,0
R023082,0
R025403,1
R006334,2
R073346,3
R024203,1
R054618,0
R053392,2
R057362,3
R002489,0
R088738,0
R051503,2
R059076,0
R012361,3
R082124,0
R044783,0
R075576,1
R013732,0
R065135,1
R084749,0
R045452,2
R099213,1
R091271,0
R053914,0
R006408,2
R039231,0
R020334,1
R053347,1
R009213,1
R093025,0
R071096,2
R000368,2
R001575,0
R044035,0
R067355,3
R075331,1
R023726,0
R003281,3
R093071,0
R083775,0
R009145,3
R081037,3
R019842,2
R016972,3
R088499,0
R095008,3
R077659,0
R004551,3
R028969,1
R094219,0
R022348,0
R021148,1
R003884,1
R092800,3
R010889,0
R069480,0
R078112,3
R006888,0
R042372,1
R097230,0
R026642,0
R043909,0
R032544,0
R080644,2
R076586,0
R035921,0
R005576,1
R073087,2
R005956,2
R068646,0
R059788,3
R088589,1
R032855,0
R078736,0
R052870,0
R071977,0
R038456,1
R021709,1
R004405,2
R096571,3
R078314,0
R062051,0
R026914,0
R019390,1
R039351,2
R086447,0
R061431,1
R002087,0
R043443,0
R091477,2
R016769,0
R072585,3
R021816,1
R032780,3
R075696,1
R098902,0
R085761,0
R080491,3
R012680,0
R045558,3
R040836,1
R046077,0
R033311,3
R076043,3
R001743,2
R085071,0
R074928,2
R006325,3
R007280,3
R050533,1
R069841,0
R018309,0
R022244,1
R026157,0
R015544,0
R093062,0
R095066,3
R042531,2
R098729,0
R079570,2
R005363,0
R054599,0
R000897,2
R009022,0
R049090,3
R039606,0
R054862,1
R028413,3
R076432,2
R002613,3
R056197,1
R098914,0
R089667,0
R067790,0
R045182,0
R003891,0
R022714,3
R030862,0
R079276,1
R033366,2
R081803,0
R082011,0
R090698,0
R079947,0
R054847,3
R049385,1
R010718,0
R029458,3
R020078,3
R071867,1
R078478,0
R010724,3
R088964,0
R021317,2
R042458,3
R089404,1
R081758,2
R047837,3
R031797,0
R082737,0
R097007,0
R012699,0
R068228,3
R042630,3
R027162,1
R075775,1
R076247,1
R088079,0
R083573,2
R098681,0
R048056,2
R031870,2
R055694,1
R040910,0
R043621,1
R096469,2
R024296,0
R047754,0
R066403,1
R060527,3
R018085,3
R068628,1
R098148,3
R034414,2
R007158,0
R064072,1
R059629,2
R060720,0
R099584,0
R011564,3
R052391,0
R003855,1
R065034,1
R012545,0
R036704,0
R020712,0
R019232,2
R072436,2
R033338,0
R002913,2
R091602,0
R088721,1
R079770,0
R045778,1
R020174,0
R075526,2
R038232,3
R056597,1
R098925,1
R049893,0
R085963,0
R057055,0
R001444,1
R035620,0
R034045,1
R048834,0
R045039,0
R038206,3
R072530,1
R080354,1
R086694,2
R035300,0
R005251,0
R060938,0
R055784,1
R015173,0
R013568,0
R000340,1
R014778,2
R036030,3
R082162,1
R048243,0
R019436,1
R069055,2
R017948,0
R059500,2
R017826,0
R038369,2
R082959,1
R092268,3
R032025,0
R035677,1
R088682,3
R080854,1
R084890,0
R061722,0
R025162,2
R019772,0
R063551,1
R096498,0
R004132,3
R065883,1
R089824,1
R006367,3
R044061,0
R013010,3
R077595,0
R056790,1
R022429,0
R088830,0
R094841,1
R027259,3
R040959,2
R094914,1
R045858,3
R056014,0
R076529,3
R056515,0
R048072,0
R042109,0
R041177,3
R038433,0
R089372,0
R083227,0
R089134,1
R021026,0
R061824,0
R033827,1
R089266,0
R099979,0
R092039,1
R083307,0
R005089,2
R003751,1
R036444,0
R012460,0
R049384,0
R031619,1
R097004,2
R035707,0
R019068,3
R001165,0
R014297,3
R053998,1
R093915,0
R027317,1
R062685,0
R016017,1
R054077,2
R028050,0
R001903,3
R015729,1
R021969,1
R011005,2
R059201,3
R015840,1
R034138,1
R010045,3
R021453,3
R038040,1
R054684,0
R062751,2
R069201,2
R092552,3
R077905,1
R098312,1
R024609,3
R050441,0
R087098,2
R010754,3
R039044,0
R033170,0
R021396,3
R074914,2
R088027,0
R071630,1
R020203,1
R058197,3
R097623,2
R028337,1
R047193,0
R064693,0
R027118,2
R097156,0
R069662,0
R052586,3
R057579,3
R056061,0
R044625,1
R096694,1
R071845,2
R035776,2
R069448,0
R033781,3
R023768,1
R013848,0
R026012,1
R032976,2
R080707,1
R022951,2
R047563,2
R098314,1
R068749,0
R036857,0
R000374,0
R054369,2
R058628,2
R024748,0
R007749,0
R099049,1
R076569,3
R000550,1
R051500,3
R083602,0
R075016,1
R032735,0
R045475,2
R013655,3
R088629,1
R065395,3
R060683,0
R080110,0
R028033,2
R076502,0
R052963,3
R076754,1
R004136,2
R048131,0
R093997,2
R013771,0
R025207,1
R062112,1
R082128,1
R038266,0
R033626,1
R097462,0
R027597,1
R035179,3
R054301,0
R029759,0
R040067,1
R075990,1
R089723,2
R025455,0
R097491,3
R057295,0
R067782,0
R065363,3
R031339,3
R097562,2
R057121,2
R025451,2
R045390,0
R023041,0
R058753,3
R025237,2
R063452,1
R038229,2
R026443,0
R049028,3
R040665,0
R068200,0
R071042,0
R055862,1
R092325,0
R023160,1
R073548,0
R081458,0
R087498,3
R047069,1
R084968,0
R031159,0
R034944,0
R038763,0
R046166,1
R050992,0
R002546,2
R088720,0
R022194,3
R072933,0
R093965,1
R051472,0
R043112,2
R047339,1
R021139,0
R091119,2
R025296,0
R078048,0
R042875,1
R017603,2
R061896,1
R071075,1
R002261,2
R069689,0
R017991,0
R060983,1
R010411,0
R015270,0
R098223,0
R078296,2
R038013,0
R073514,2
R046532,1
R045920,0
R003804,1
R077758,3
R021812,1
R050628,3
R019611,1
R044627,0
R045705,1
R077630,0
R043439,1
R009379,3
R039975,0
R051110,2
R045741,1
R022587,1
R019575,0
R097600,1
R058634,3
R088994,0
R024441,0
R092249,0
R061122,0
R055486,3
R087890,3
R069341,0
R011916,1
R026331,1
R048995,1
R033717,3
R030105,1
R052484,3
R089633,0
R014657,0
R051559,0
R049127,2
R069647,0
R062443,0
R002235,0
R091661,1
R091925,1
R036662,0
R085715,0
R055306,0
R086863,0
R066831,0
R083726,0
R029619,2
R040326,1
R066412,0
R036604,0
R065089,1
R011458,2
R091355,3
R013456,1
R094244,2
R065490,2
R013355,0
R003172,1
R035155,3
R012266,1
R004742,0
R080021,3
R066996,3
R032719,1
R062068,1
R064893,0
R059400,0
R045843,1
R010892,0
R057902,0
R018792,0
R042889,0
R040345,0
R052670,1
R053145,0
R069053,1
R019930,0
R086890,3
R032831,1
R082191,2
R051701,0
R034713,1
R090703,1
R049085,2
R010917,1
R084274,1
R094580,3
R011654,0
R089665,1
R090664,0
R045093,0
R032943,3
R054384,1
R045297,2
R052368,1
R013425,2
R081826,0
R045925,1
R078738,3
R075934,1
R012645,0
R034264,0
R052378,0
R028636,0
R069184,1
R040272,0
R036780,3
R039226,1
R051508,0
R044911,0
R093259,2
R065611,0
R048649,2
R081920,3
R012485,1
R071757,2
R007375,1
R002842,0
R069091,0
R075339,0
R045224,1
R030969,0
R067176,3
R038647,1
R041281,0
R092749,0
R066893,1
R001664,2
R091354,0
R025124,0
R019855,3
R076133,0
R022149,1
R093689,2
R034599,3
R026250,1
R081698,0
R015361,0
R016711,0
R061870,3
R043369,2
R028147,0
R089300,0
R019353,1
R013665,0
R085275,2
R022277,2
R041327,1
R098325,0
R009533,0
R007689,3
R056335,0
R067019,2
R034461,1
R049936,1
R021587,0
R065270,0
R075572,1
R017220,0
R093185,0
R098000,0
R074147,0
R079448,0
R060529,1
R005730,2
R033307,0
R015701,3
R090968,1
R086225,1
R096560,0
R062523,1
R044489,3
R068956,3
R073647,0
R046477,0
R084370,0
R063564,0
R082299,0
R082919,0
R039328,0
R009246,2
R001927,0
R040292,0
R014048,0
R015772,0
R085678,3
R085324,0
R083772,3
R066395,1
R028865,0
R031928,3
R069446,2
R028596,0
R016601,1
R081930,0
R017408,3
R059441,0
R088309,0
R021412,1
R004529,0
R065558,0
R034238,0
R069811,0
R057532,3
R039979,2
R003135,3
R023345,0
R023287,0
R010655,1
R053519,0
R058867,0
R098376,0
R064186,0
R096786,1
R067994,3
R058503,0
R080327,1
R005442,0
R007217,0
R028039,3
R099463,0
R070220,3
R029394,3
R034458,0
R021302,3
R008574,0
R077475,1
R097345,3
R086456,0
R084435,0
R004171,1
R011302,0
R013000,0
R049377,0
R000645,0
R003724,0
R022707,1
R079433,0
R042857,2
R021345,0
R087630,0
R019444,1
R055506,2
R048414,3
R067563,3
R035508,0
R086083,0
R084218,0
R081939,0
R009440,0
R099548,0
R050659,0
R009412,0
R046807,3
R015974,0
R036905,1
R079615,3
R005008,2
R004689,3
R038348,0
R074662,1
R075277,1
R088679,1
R083373,0
R006697,2
R020895,0
R049866,0
R083089,1
R083300,0
R086924,0
R019822,0
R012041,0
R027442,0
R076492,1
R042883,0
R054086,0
R024621,1
R091419,0
R080899,0
R071595,0
R064953,2
R004081,2
R025979,0
R019725,0
R094147,3
R090614,2
R083741,1
R028211,0
R079899,0
R075914,0
R052916,1
R079786,0
R079735,1
R023950,2
R060968,0
R031472,0
R087502,1
R061397,0
R043222,1
R092652,0
R012896,0
R016114,0
R091986,0
R057900,1
R052129,2
R075224,3
R028217,0
R055574,0
R097740,0
R095653,1
R034119,3
R038516,0
R066257,0
R047335,1
R084428,0
R056184,1
R073751,0
R089535,1
R069282,0
R005401,0
R056678,1
R053969,0
R003713,0
R004983,0
R022920,2
R015244,1
R077561,2
R033690,0
R000042,0
R026740,3
R046909,1
R070674,2
R023429,1
R049278,0
R074905,2
R035419,0
R008105,3
R067359,0
R037885,3
R049877,0
R006014,1
R004947,0
R070022,3
R051702,0
R042123,0
R003573,0
R045775,1
R057967,0
R054205,2
R069138,3
R062377,3
R011444,0
R099640,1
R025986,1
R085605,2
R070635,0
R008183,2
R068018,1
R029924,0
R062489,3
R038370,3
R097348,3
R094089,0
R015712,0
R093956,3
R027785,0
R012559,0
R066753,0
R075615,2
R004542,0
R050529,2
R067586,0
R026488,0
R092247,0
R090993,2
R037925,0
R060633,2
R026511,0
R083359,0
R042715,0
R020528,1
R036264,0
R025488,0
R077308,0
R018280,0
R003048,0
R063183,1
R026487,1
R040840,1
R020156,3
R076829,0
R076882,1
R093264,0
R059519,3
R002945,3
R054637,2
R068325,1
R054800,1
R075717,1
R068649,0
R097316,0
R016239,1
R052883,2
R046872,0
R052649,1
R044082,0
R025512,0
R008652,0
R009802,0
R045627,0
R038906,0
R080268,0
R087924,0
R091696,1
R028466,0
R022252,2
R010971,1
R034703,3
R069232,3
R076694,1
R077680,2
R038888,1
R007276,1
R075924,0
R022546,1
R045139,0
R085922,1
R027778,0
R093271,1
R098964,0
R085170,2
R030226,0
R086846,1
R079513,0
R023975,0
R066777,1
R036010,2
R035369,1
R056141,0
R067044,2
R014966,0
R002425,0
R045564,1
R086717,2
R018223,2
R014877,2
R018237,1
R077763,3
R062634,2
R034405,0
R059371,0
R015436,1
R084539,0
R062368,3
R079835,0
R078570,0
R089245,1
R026324,0
R084873,2
R061402,1
R014079,0
R051082,1
R067895,1
R066913,3
R017916,3
R038164,0
R031520,1
R099654,0
R085714,2
R088338,0
R032398,1
R065531,0
R060714,0
R076272,2
R047449,1
R029552,3
R008864,1
R033751,3
R065420,0
R001107,1
R077198,0
R040685,3
R007169,1
R031554,1
R069731,2
R073526,0
R023440,2
R055121,3
R035675,3
R070879,1
R027721,1
R049013,0
R068087,3
R099500,0
R063782,0
R060178,0
R016476,0
R061789,2
R060036,1
R038030,2
R053048,0
R015675,2
R059321,0
R069032,2
R054330,3
R010703,3
R071306,3
R035489,0
R012128,0
R076587,0
R081914,3
R039094,2
R095081,0
R098382,2
R021972,0
R088771,0
R090561,3
R032074,2
R045850,1
R086560,0
R024481,2
R046075,0
R091347,1
R096516,0
R025125,0
R020448,1
R032787,1
R050014,0
R010805,2
R045761,0
R081001,0
R003105,2
R077428,0
R056768,0
R087842,0
R082101,3
R086678,3
R059078,0
R094675,0
R070862,3
R004998,1
R032009,0
R027090,1
R091873,3
R042719,3
R045663,0
R049708,1
R083159,2
R014262,0
R029586,3
R061664,2
R063978,1
R071926,2
R096053,3
R070878,0
R055082,0
R092017,0
R063447,2
R046179,0
R080111,0
R060563,2
R041405,0
R080108,1
R037113,2
R028513,3
R089862,1
R055920,0
R007594,0
R094880,2
R009711,1
R062190,1
R033365,3
R023554,2
R014526,2
R093009,2
R039946,0
R053134,1
R085783,0
R011379,1
R056943,0
R046577,2
R031471,0
R006813,1
R013688,0
R009366,1
R072867,2
R072736,2
R093578,1
R093369,1
R033881,3
R041660,1
R053243,3
R059611,0
R011552,2
R045354,0
R022154,0
R056807,0
R061839,3
R074927,0
R094033,3
R023391,0
R074858,0
R056691,3
R042989,3
R099611,1
R078748,1
R088912,0
R045948,0
R074357,2
R068594,2
R080457,0
R061544,0
R010903,3
R076627,0
R024952,1
R031500,0
R010158,0
R077149,0
R075875,2
R015767,0
R083808,0
R080665,1
R078043,1
R053799,0
R054323,3
R059730,0
R006031,0
R015358,0
R073752,0
R087814,1
R012375,1
R047240,0
R008890,2
R071546,0
R066199,0
R061846,1
R070885,3
R035430,0
R000120,3
R087812,1
R086172,0
R098866,0
R070493,0
R077948,1
R044739,3
R076664,0
R096334,0
R052774,0
R049599,1
R064175,0
R051126,0
R009039,1
R068605,1
R074280,0
R028038,2
R098742,0
R068740,3
R097955,0
R015381,0
R074031,2
R071690,0
R097757,1
R093198,1
R077036,0
R006875,0
R025514,0
R070680,0
R098249,1
R019339,1
R032742,2
R095605,0
R065731,1
R047646,0
R073654,1
R019958,0
R022886,0
R094762,0
R071393,0
R082461,0
R053569,3
R073372,2
R032722,3
R019330,1
R031866,0
R082673,2
R012373,1
R091539,0
R021303,2
R040807,0
R037376,1
R007180,0
R090334,3
R024761,3
R090705,2
R094550,3
R027940,2
R091510,1
R028659,0
R078399,0
R014674,1
R042675,0
R020210,0
R013127,2
R059628,0
R008019,1
R083876,1
R074717,0
R032388,1
R011860,2
R083232,0
R042602,3
R062473,3
R030245,3
R038408,0
R055347,2
R022736,3
R050283,1
R010807,0
R085585,0
R012961,3
R056830,2
R027664,3
R061442,2
R030439,0
R029354,2
R065328,2
R052944,3
R039540,0
R061160,1
R047356,3
R006210,0
R090003,0
R035491,2
R070804,0
R013043,1
R034863,2
R006683,1
R000647,0
R059283,0
R077231,0
R069046,0
R031768,0
R039290,3
R002560,3
R011575,3
R026423,0
R056935,0
R013257,0
R083245,3
R013154,2
R092117,1
R019003,1
R066225,1
R058383,0
R037433,2
R023537,0
R005649,0
R009274,1
R020773,0
R095492,3
R056585,0
R049165,2
R035557,1
R040994,2
R067407,1
R091702,0
R028428,1
R072683,0
R047565,1
R070884,0
R006922,1
R093846,0
R065709,3
R074918,3
R098966,3
R063626,0
R023410,0
R086098,0
R044379,0
R055465,3
R081976,0
R032715,0
R008219,0
R004948,0
R063124,3
R078945,1
R037352,0
R035759,0
R004073,1
R041617,0
R021790,0
R045577,3
R045588,1
R027837,2
R072351,3
R072430,0
R095652,0
R047665,3
R015413,2
R084581,3
R033807,3
R072169,3
R054568,2
R026296,3
R066387,3
R034469,0
R080876,1
R017947,1
R069348,1
R063828,0
R042170,2
R041943,3
R065053,0
R020100,2
R013337,0
R051148,1
R024047,1
R046456,2
R052939,0
R046500,0
R086566,1
R063679,3
R096475,0
R012213,0
R048259,0
R027180,1
R093269,3
R059657,1
R002966,3
R012830,0
R010966,1
R053023,1
R011521,0
R078795,0
R096480,2
R017718,2
R019448,2
R056756,2
R005272,0
R082799,0
R064049,0
R013054,2
R082212,0
R008238,0
R020786,0
R004452,1
R082229,0
R006498,3
R071885,0
R056252,2
R014024,0
R083902,1
R016635,3
R009594,1
R059403,0
R048627,0
R033280,3
R073671,3
R021756,0
R080443,0
R000674,0
R090081,2
R083214,0
R042863,0
R076446,1
R088970,0
R029648,1
R048152,1
R085529,3
R086728,0
R086349,0
R091726,0
R038782,0
R065308,2
R086457,1
R047836,1
R034915,2
R043298,1
R083189,3
R030054,1
R029600,3
R026137,0
R091786,0
R094432,2
R044352,3
R059147,0
R096578,1
R068347,1
R083875,0
R071256,1
R090348,2
R014394,1
R074888,3
R091202,0
R052787,2
R069363,0
R027039,1
R059095,0
R023671,0
R022797,0
R062295,0
R061802,1
R086233,2
R012063,2
R094900,0
R015116,0
R049148,2
R019459,1
R012763,0
R033292,1
R050426,0
R061489,0
R082012,2
R083571,1
R060989,2
R046119,2
R087347,0
R031178,3
R096652,0
R051671,0
R093273,2
R099933,2
R074483,0
R068072,0
R057928,0
R030057,0
R038730,0
R071981,2
R008731,0
R001696,0
R079209,3
R018721,0
R058930,1
R060272,2
R084530,0
R011480,0
R009515,3
R093207,3
R042662,2
R052544,0
R081836,1
R047271,3
R061779,1
R042162,0
R005434,2
R017379,0
R015585,1
R095851,0
R061903,0
R053365,2
R062460,2
R023284,3
R071455,2
R029626,1
R015907,3
R097173,0
R058997,1
R089644,1
R034750,1
R043155,1
R003136,0
R085838,0
R074665,2
R095557,0
R062945,1
R049747,3
R038336,0
R024691,2
R075661,3
R031456,1
R024980,1
R096624,1
R023096,1
R063026,0
R011683,1
R011271,0
R051907,0
R017726,2
R089583,0
R000954,1
R022692,1
R094615,1
R061704,2
R031352,0
R053244,0
R008384,2
R094285,2
R020758,0
R044472,1
R017127,0
R029256,0
R093526,1
R095853,2
R060438,1
R023921,0
R028001,3
R022076,2
R063371,0
R071065,0
R035149,2
R077219,0
R077508,1
R075082,0
R050084,0
R097700,0
R056059,2
R056129,3
R030276,1
R041062,2
R045822,3
R087520,0
R090833,0
R064146,3
R089817,1
R070020,0
R041957,0
R055557,0
R021488,1
R028210,0
R057060,0
R073907,1
R081440,3
R094197,2
R086015,0
R070736,2
R035447,0
R015581,2
R087308,0
R051767,1
R066645,1
R034403,3
R052942,0
R010184,3
R013125,3
R035033,2
R064034,1
R015265,1
R079119,3
R080368,0
R034253,0
R099505,1
R082133,0
R037895,1
R054470,1
R012589,3
R080451,0
R042812,2
R088115,3
R052780,0
R040240,1
R088560,3
R028234,0
R013934,1
R090929,0
R041094,1
R046644,0
R086485,0
R029183,0
R060145,3
R090567,3
R016878,1
R024045,0
R073265,0
R082659,0
R089189,1
R075675,0
R009154,0
R018631,0
R082775,0
R009170,1
R077150,0
R093238,0
R072529,0
R036495,0
R008695,1
R062027,0
R048532,0
R057492,0
R059771,0
R057439,0
R045788,3
R093018,1
R038090,0
R082641,0
R092915,1
R099983,2
R093482,1
R091902,1
R006998,1
R043779,0
R083579,0
R072916,0
R033687,0
R073923,0
R073806,0
R085060,0
R087637,0
R064148,3
R080490,0
R064160,1
R098260,2
R076469,1
R057467,0
R049361,3
R067775,0
R034710,0
R020087,3
R070092,0
R098245,0
R059227,0
R034847,2
R053570,0
R055215,0
R018461,0
R038933,1
R023431,0
R005531,0
R054835,1
R057182,1
R067317,1
R039917,3
R088451,0
R093552,3
R064501,1
R045414,0
R062477,1
R070721,2
R012406,3
R036702,0
R015018,0
R017134,0
R081323,3
R012161,1
R045970,0
R056884,0
R019383,0
R078928,1
R087844,2
R022061,0
R073270,0
R094348,1
R080324,3
R064233,1
R066101,1
R004558,0
R099062,2
R054677,1
R045694,1
R063023,0
R063888,0
R071429,1
R092622,3
R007157,1
R003032,0
R032897,2
R030321,0
R099840,3
R079342,3
R049590,1
R006039,1
R040058,1
R074839,0
R033615,0
R078331,1
R088962,0
R062110,3
R061481,0
R069872,1
R077241,0
R070989,3
R076773,1
R038595,0
R066819,0
R047884,3
R089898,0
R038414,2
R042275,2
R076136,1
R009546,2
R077469,1
R062466,1
R096592,0
R033275,0
R051635,1
R049978,0
R040150,3
R078613,2
R044354,3
R029515,1
R036911,0
R089530,1
R032136,2
R037739,1
R034517,0
R028347,2
R028592,2
R066463,1
R065537,0
R000898,1
R077487,2
R072792,0
R094100,1
R042125,1
R054100,3
R014006,0
R041198,3
R085879,1
R097900,3
R034633,0
R034813,0
R008755,1
R087372,0
R008332,0
R067102,0
R032737,1
R034755,2
R075993,0
R024674,3
R031630,0
R038154,0
R058643,2
R058070,3
R052785,2
R049732,1
R044872,3
R043384,0
R014591,3
R017787,1
R010028,3
R021858,1
R025353,3
R080884,1
R024630,0
R027204,0
R053530,1
R034066,2
R096120,0
R049953,1
R061368,0
R074987,0
R000206,0
R088411,1
R079747,1
R009532,1
R020258,2
R033832,1
R044413,0
R016949,0
R072761,0
R050862,3
R043145,0
R042611,0
R074105,2
R093847,0
R087510,0
R097876,2
R038919,0
R020933,0
R091149,3
R008322,0
R033597,0
R092092,0
R070002,2
R018710,1
R086759,0
R018210,3
R073925,2
R006320,1
R020173,1
R031278,2
R036356,0
R030506,2
R065930,1
R066174,3
R045474,0
R060370,0
R047523,1
R029631,2
R099314,1
R096735,0
R071368,3
R050899,2
R020749,0
R079217,0
R064540,2
R055814,3
R063805,3
R091386,1
R037005,0
R022106,2
R060470,0
R022838,0
R092888,0
R050706,0
R006720,1
R099083,1
R037026,0
R012929,1
R074116,0
R056605,1
R085237,1
R010613,0
R082676,3
R086101,0
R035845,1
R005270,1
R038787,0
R044982,0
R092236,0
R076207,1
R070537,2
R095085,2
R077546,1
R036678,1
R003522,1
R064964,0
R020702,1
R069920,0
R014221,3
R077818,2
R040555,0
R097222,0
R031228,1
R035431,3
R006496,0
R084645,1
R002047,2
R059609,0
R009742,0
R083599,0
R024357,0
R006682,3
R020839,2
R069125,1
R001734,1
R066093,1
R035264,0
R066279,2
R045708,1
R009571,0
R029243,3
R069542,0
R006642,0
R057110,0
R062071,2
R019971,1
R033701,2
R060158,0
R048344,3
R029503,0
R067960,0
R069164,1
R062336,1
R010228,0
R093127,0
R067251,3
R057832,1
R095509,0
R048594,0
R063732,3
R063676,1
R095033,1
R071361,0
R022558,2
R037553,0
R063236,1
R053822,0
R046578,3
R095569,2
R023755,0
R044502,1
R079632,0
R008272,1
R004310,1
R096001,1
R036092,2
R064228,1
R053121,0
R064431,1
R088681,2
R067927,0
R006896,1
R093322,1
R099372,2
R013130,1
R040336,0
R062311,0
R001237,3
R072684,2
R006522,0
R012388,1
R057692,1
R082070,0
R085154,3
R032449,1
R098205,1
R059975,2
R085904,0
R057867,0
R097879,3
R082375,0
R097642,1
R087178,0
R005229,3
R040918,0
R071325,0
R031776,1
R095337,0
R011664,2
R040874,0
R075194,0
R078161,0
R023943,1
R036454,1
R080285,1
R027362,3
R065345,0
R099591,0
R073414,1
R061190,1
R077326,0
R039319,0
R000024,2
R006058,3
R017428,2
R028298,1
R060613,0
R033199,3
R075956,3
R087306,2
R071952,0
R027529,3
R004928,0
R045171,2
R062648,2
R011632,3
R086857,0
R064623,0
R004895,3
R045892,2
R018839,3
R016584,0
R022817,2
R013062,2
R089846,1
R034756,1
R057096,2
R008610,3
R066837,3
R093249,3
R004433,1
R006588,3
R048927,3
R079733,2
R021088,1
R014579,2
R089613,0
R048768,1
R073092,0
R079718,2
R066953,2
R051995,0
R039805,1
R039508,1
R038444,3
R068184,1
R048960,0
R068822,2
R096106,0
R081498,1
R054097,0
R046485,1
R061967,3
R099468,0
R070615,0
R028011,0
R048396,0
R055963,2
R083234,2
R047530,2
R059569,2
R078584,3
R075279,3
R053077,1
R066287,1
R089290,1
R065092,3
R031343,2
R035391,0
R029164,0
R090225,1
R054160,0
R090125,1
R040089,3
R079660,0
R048551,0
R015800,0
R066883,1
R088246,0
R050083,0
R075208,0
R026338,1
R093969,3
R085544,2
R036770,2
R049666,0
R062341,1
R064731,0
R051816,1
R077805,0
R057047,0
R070159,1
R077816,1
R091129,0
R094553,0
R096934,0
R055275,1
R054398,2
R079578,1
R047543,0
R065407,0
R049556,2
R009674,0
R059492,2
R092740,3
R001215,0
R028377,2
R014680,2
R004380,2
R048473,1
R016116,3
R074505,3
R016498,0
R011984,0
R052120,3
R095909,0
R059545,1
R000216,3
R019531,1
R006380,3
R090407,3
R037701,1
R064043,0
R067739,0
R079341,0
R067941,0
R093524,0
R065900,2
R017951,2
R028992,3
R028351,3
R003928,2
R014018,0
R093338,0
R094280,0
R023171,0
R088667,3
R006584,3
R080753,0
R080614,0
R074503,3
R051166,1
R067756,0
R093040,0
R069145,0
R034565,0
R042128,0
R077504,1
R031247,0
R092050,0
R052061,1
R008145,3
R032085,1
R034904,1
R025099,0
R063490,0
R092013,1
R097484,1
R043447,1
R001239,0
R083654,0
R014327,1
R030370,0
R088009,1
R062629,2
R057710,1
R066364,1
R011781,1
R010123,2
R011019,0
R085478,0
R036043,1
R037395,1
R045271,2
R032172,0
R030480,0
R094224,0
R038272,1
R012115,0
R092202,0
R046253,1
R032535,1
R043363,0
R047786,3
R092147,0
R020861,3
R028835,1
R068968,0
R023452,0
R027146,0
R026929,1
R089656,1
R021975,0
R026342,1
R060623,1
R052072,0
R035486,0
R002090,1
R028641,0
R038788,0
R050578,2
R083879,0
R047522,0
R029869,0
R000067,0
R054505,1
R015364,0
R066295,1
R040534,0
R023528,1
R061740,1
R034314,0
R049717,2
R090966,1
R011370,1
R070261,3
R092212,1
R081924,1
R034604,0
R016228,0
R020931,2
R088929,0
R074408,1
R078597,0
R092989,0
R060539,1
R082312,2
R056531,0
R046536,1
R032698,0
R072404,3
R002908,0
R005033,2
R082543,0
R058501,0
R031113,3
R032607,0
R047079,2
R097177,0
R045326,2
R075259,2
R037880,0
R002766,0
R049272,2
R062516,0
R050007,0
R011806,0
R042882,0
R049311,3
R092572,1
R076575,3
R099480,0
R055566,2
R020616,3
R009416,0
R055207,0
R047961,3
R072091,2
R016670,1
R052323,2
R003773,3
R060148,0
R023590,2
R095189,2
R092134,0
R040452,3
R059909,3
R042910,1
R016743,0
R071246,0
R065750,0
R096523,2
R098471,0
R039709,1
R081794,1
R080068,2
R014309,3
R083362,1
R027103,1
R048119,1
R013103,0
R056165,3
R098713,1
R074497,3
R052583,0
R093887,1
R061279,0
R093695,3
R056903,0
R049421,1
R047308,3
R029264,0
R015988,3
R007775,0
R029082,0
R055968,1
R070698,2
R002107,0
R066379,2
R064684,0
R024474,0
R009626,1
R005689,1
R054079,1
R035520,1
R031007,0
R053233,0
R025234,3
R042333,3
R054873,0
R076225,0
R018356,1
R031124,3
R069343,0
R026689,3
R064542,3
R098400,0
R035229,1
R097342,2
R033048,0
R020756,3
R033719,0
R097615,0
R047882,0
R010429,2
R049729,2
R068788,1
R084228,3
R044294,1
R079929,0
R081335,1
R079654,2
R081633,1
R016975,2
R021799,0
R009454,1
R018305,1
R095516,0
R064786,3
R043620,0
R021675,0
R010373,1
R086833,2
R069127,0
R085719,2
R004363,0
R083985,3
R067078,2
R047187,0
R057125,3
R053338,0
R057260,3
R097539,0
R030364,2
R064702,2
R011629,0
R036897,3
R037011,3
R049542,0
R044656,2
R076187,3
R037115,2
R011180,1
R029206,1
R059625,0
R019513,1
R068357,0
R037420,0
R067908,0
R089203,3
R085951,1
R007212,1
R045572,3
R085394,1
R047993,3
R098930,0
R004030,1
R080727,1
R014111,2
R007288,0
R048690,1
R005391,0
R051982,0
R080968,2
R024772,0
R066878,3
R098730,0
R081396,1
R090260,1
R012592,1
R018909,0
R028279,1
R039345,3
R058661,0
R076275,2
R003534,1
R083909,3
R046520,0
R039222,0
R089294,3
R027723,0
R031801,0
R001759,0
R096826,0
R002653,0
R088817,0
R052253,0
R044673,0
R059656,0
R090380,0
R032374,1
R013065,0
R054029,1
R057026,0
R007315,2
R078781,0
R027017,1
R029931,0
R008728,1
R064181,0
R047861,3
R024808,1
R022562,3
R040687,3
R018670,0
R016995,0
R069687,0
R089957,2
R084627,0
R016415,1
R044665,1
R087177,2
R038482,3
R060556,0
R056618,2
R017471,0
R090474,2
R070984,1
R073021,0
R094965,2
R050788,3
R091819,0
R061619,2
R000422,0
R020922,1
R050854,0
R057367,2
R017685,3
R038537,0
R037048,0
R051899,2
R098302,1
R063546,0
R058804,2
R007966,3
R011403,2
R057952,1
R089147,0
R033727,3
R025645,1
R073395,0
R037283,0
R004269,0
R065647,1
R025337,0
R005151,0
R036409,0
R045931,0
R095991,1
R025367,3
R029385,2
R003994,0
R056930,2
R087596,3
R054897,0
R093840,2
R035458,0
R072566,0
R036321,2
R018546,2
R075052,1
R040504,1
R076671,0
R050260,3
R072275,1
R063951,2
R013562,0
R025466,2
R051185,3
R007763,0
R063428,0
R011817,0
R022050,0
R019308,1
R036821,0
R004456,3
R097172,3
R020120,2
R037917,2
R048850,1
R000622,1
R041099,1
R055991,0
R068571,0
R027093,1
R068645,0
R032624,3
R094850,0
R034335,3
R032303,0
R018814,3
R059430,0
R014037,0
R062710,0
R062408,0
R047610,0
R044578,1
R074473,0
R011789,0
R031537,2
R073257,0
R077045,0
R093095,0
R048968,0
R097684,0
R023471,0
R047541,0
R042972,3
R022856,2
R064973,1
R053776,0
R030945,3
R001550,0
R010582,2
R008951,2
R026088,0
R050500,2
R018913,0
R044915,0
R065813,3
R001231,1
R008458,0
R037341,3
R030431,2
R017616,1
R067172,1
R012295,1
R014468,3
R099513,1
R027831,0
R046809,0
R009151,0
R039738,2
R047918,1
R070521,0
R053473,0
R062246,1
R004545,3
R072195,0
R031127,3
R061793,1
R080235,0
R093162,0
R070663,3
R032720,1
R081620,0
R040470,1
R006502,0
R062151,1
R084682,1
R008514,1
R003485,2
R052762,0
R011913,3
R027622,0
R039086,2
R098722,0
R053533,2
R085617,1
R013634,3
R037238,0
R080951,2
R006566,0
R087484,0
R030294,1
R073095,3
R066201,1
R037659,3
R074733,2
R011717,3
R034540,0
R004245,0
R018793,2
R044737,2
R001433,0
R097857,2
R092988,3
R082032,1
R079981,0
R015184,2
R090799,0
R037942,1
R099656,1
R048603,2
R033178,0
R088764,2
R053836,1
R007544,1
R082353,2
R033397,3
R020498,3
R079552,0
R068168,1
R073661,0
R027413,0
R070073,2
R072307,0
R062859,1
R066478,0
R091104,1
R026730,3
R017847,0
R075725,2
R005063,1
R037735,0
R067233,3
R006397,1
R037870,0
R096248,0
R031111,2
R064579,2
R067285,3
R034350,1
R097286,2
R084397,0
R090082,0
R089686,2
R099143,1
R094659,0
R058152,2
R040672,1
R097691,0
R040904,1
R067922,0
R079333,0
R051790,2
R042904,0
R026087,1
R076745,3
R061598,0
R095460,1
R018367,1
R089540,0
R013095,0
R040138,2
R057399,1
R003742,3
R093419,0
R054378,1
R019766,1
R030143,0
R061625,3
R056386,0
R046462,0
R057653,1
R089211,0
R038784,0
R097991,3
R094301,1
R038197,3
R099066,0
R046721,0
R009925,2
R085497,0
R087515,0
R015779,0
R017348,0
R071399,0
R077847,1
R093559,2
R065028,0
R080700,2
R041038,1
R048904,1
R052581,3
R073481,1
R056405,0
R023195,3
R009469,0
R095120,1
R001792,3
R087188,2
R026582,2
R002829,1
R029670,2
R093036,0
R011401,0
R046115,0
R044682,1
R020471,3
R038253,2
R078067,1
R030225,0
R069678,1
R014017,1
R071267,1
R037749,1
R032693,0
R035123,1
R025201,1
R024078,0
R039985,1
R085693,0
R094819,1
R021060,3
R070647,3
R011799,3
R053162,0
R074564,0
R001760,1
R029266,1
R049798,1
R059217,0
R074702,2
R039870,0
R081687,3
R040570,1
R076590,2
R074463,0
R005866,0
R029178,1
R059503,1
R049001,1
R042559,1
R053153,1
R055568,0
R066822,0
R037580,0
R083489,2
R098265,0
R040664,0
R093186,1
R063877,3
R045199,2
R044403,0
R010242,1
R031167,0
R047495,1
R055565,2
R039031,1
R086793,3
R047471,3
R097564,2
R052198,0
R042950,1
R094148,1
R024196,3
R010125,1
R012850,1
R001841,0
R001877,2
R020582,1
R068675,3
R006268,0
R071438,1
R079999,0
R083027,0
R099524,1
R004275,0
R026332,0
R006812,1
R053975,1
R057953,3
R066734,3
R017882,0
R063149,0
R080316,0
R064194,1
R032076,1
R077403,2
R034660,1
R071403,0
R092109,0
R076939,0
R080010,1
R089873,1
R083526,0
R022624,2
R060801,0
R014060,1
R067378,1
R035263,0
R072876,0
R017209,2
R032632,0
R062558,3
R017372,1
R052152,3
R098405,1
R059373,3
R092777,1
R054733,0
R030043,3
R080484,3
R055564,0
R066337,0
R027096,1
R061926,1
R011908,3
R070098,1
R071277,1
R000428,1
R017943,0
R098504,3
R086675,3
R090307,0
R055755,0
R044950,3
R045201,1
R032595,1
R034961,0
R067827,0
R058787,1
R059958,3
R048846,1
R004284,1
R046498,1
R038765,0
R040045,0
R090647,0
R012571,0
R000045,0
R076508,3
R042318,1
R083272,2
R002857,1
R035416,3
R095098,3
R051837,2
R038017,0
R048978,0
R075355,0
R023283,0
R021000,2
R068459,0
R044086,1
R027465,0
R068033,1
R079410,2
R026407,1
R081786,0
R015186,0
R023585,0
R011519,3
R012683,0
R000668,1
R070617,0
R013153,0
R023194,0
R013921,0
R017455,3
R085603,0
R078128,1
R041854,0
R092619,0
R030496,0
R036065,1
R034546,0
R024335,1
R011774,0
R066515,1
R071120,1
R067422,0
R058181,1
R033786,3
R097588,0
R057151,1
R032588,3
R079207,0
R051783,2
R082802,0
R026442,1
R077586,3
R063250,1
R023574,2
R089764,0
R002640,1
R009441,0
R032015,3
R032433,0
R077975,0
R089400,0
R054451,0
R097078,1
R013744,1
R046954,0
R074240,0
R019341,2
R085872,0
R001679,0
R076748,1
R063627,3
R060528,0
R007483,1
R047761,3
R041584,1
R055708,0
R017075,0
R084390,0
R013603,0
R078774,1
R046834,1
R066989,0
R062457,1
R045809,2
R047960,1
R077482,1
R079666,3
R064591,0
R087715,0
R053900,0
R015716,0
R061155,0
R037575,1
R055333,2
R037220,1
R028354,0
R023030,0
R098134,2
R062335,1
R091176,0
R006372,1
R082994,2
R023215,3
R031901,1
R041804,0
R069312,2
R026742,0
R077513,1
R094883,3
R051265,0
R027064,3
R021174,0
R086554,1
R070165,1
R069580,1
R001816,0
R097199,1
R076397,1
R069646,0
R089796,0
R099667,2
R012894,2
R045921,0
R012130,0
R069837,3
R042915,1
R074638,1
R053241,0
R077318,1
R031889,1
R042768,0
R099629,3
R071080,0
R098982,1
R030397,2
R067484,2
R010387,0
R072271,1
R016450,2
R024319,1
R004318,2
R061709,1
R017738,3
R042098,0
R095194,0
R054917,3
R018437,1
R053797,0
R005055,0
R084243,1
R078105,0
R097060,0
R022929,0
R095186,3
R084399,0
R076958,0
R035045,0
R043986,3
R043350,3
R010009,1
R019356,0
R076791,2
R080962,3
R032733,0
R084326,0
R011343,0
R046622,1
R068005,2
R023808,0
R003394,0
R045672,3
R016840,0
R071893,3
R081821,1
R093596,1
R076696,0
R095449,2
R078325,0
R099909,0
R045998,1
R027497,0
R028487,3
R097973,0
R045915,0
R076069,0
R013489,0
R003493,0
R010320,0
R047869,0
R041342,1
R067442,1
R046397,3
R082203,0
R044524,0
R083018,0
R031783,0
R090443,1
R052285,1
R017402,3
R071357,0
R026906,0
R029456,2
R062964,0
R026877,2
R028546,0
R092018,1
R053581,0
R092373,1
R067375,0
R071985,1
R096774,0
R011013,2
R008552,2
R044119,1
R077719,1
R017430,0
R051045,1
R067315,2
R096479,1
R006101,0
R099890,2
R067067,0
R080767,2
R058901,1
R020511,0
R009140,0
R010684,1
R020882,0
R062189,1
R047599,3
R055530,0
R037704,3
R028248,1
R027952,0
R019183,0
R059425,1
R068644,3
R096895,2
R017835,0
R035863,3
R088550,0
R005566,1
R096333,0
R049086,2
R001673,0
R037777,2
R054774,3
R003162,2
R051613,0
R007065,3
R082202,2
R069735,1
R064494,3
R067780,1
R036906,2
R033235,3
R063577,0
R025805,3
R004575,3
R063990,2
R081441,2
R016803,2
R074330,0
R016773,0
R025617,0
R011772,0
R047962,0
R020375,1
R066137,1
R022082,2
R067741,0
R007805,2
R097663,0
R004833,1
R046663,2
R087108,0
R083185,2
R063254,0
R067188,0
R044781,3
R026606,2
R088592,0
R085452,3
R007511,2
R097938,0
R077327,2
R004273,3
R041206,0
R036511,0
R041988,2
R056130,0
R004788,1
R036072,0
R015048,0
R028578,2
R010069,0
R041675,2
R093352,0
R001274,1
R000333,0
R023297,0
R079966,0
R010618,0
R054700,0
R089405,3
R031667,0
R059051,2
R040620,2
R086181,2
R049759,1
R057652,3
R034564,0
R080687,3
R015146,3
R021333,1
R073627,3
R013318,1
R054842,2
R061655,1
R092427,0
R032465,0
R031031,2
R045221,1
R025955,0
R063068,0
R093210,0
R074238,0
R088146,0
R055304,0
R066931,0
R054340,0
R095001,0
R075945,0
R022509,3
R027676,1
R033105,2
R091316,2
R017761,1
R090811,0
R005299,2
R053648,0
R046275,1
R088851,3
R029228,0
R017900,0
R061312,0
R052935,0
R064537,0
R024409,1
R030044,1
R015564,1
R061297,2
R031081,3
R033203,1
R017971,2
R093480,0
R038089,1
R035700,0
R013142,3
R090735,0
R098577,1
R036706,1
R054053,0
R042581,3
R080617,1
R085156,0
R055610,0
R020325,2
R068931,1
R038455,0
R020959,3
R030519,1
R002651,0
R062076,2
R028443,1
R044028,0
R020881,2
R088921,0
R036229,3
R080802,0
R091466,0
R085131,0
R069121,1
R084897,3
R000763,0
R014664,2
R010662,0
R089077,1
R059188,0
R045366,0
R080034,1
R094514,2
R092213,0
R067135,1
R083219,0
R043322,1
R058958,3
R035957,1
R035535,0
R006116,3
R096952,0
R064013,1
R001150,1
R016374,1
R020951,3
R081547,0
R033222,1
R039313,1
R057450,0
R039512,0
R077334,0
R042034,1
R014377,0
R059511,1
R027491,0
R010507,0
R071084,3
R032798,0
R058306,0
R007087,1
R024414,2
R090743,3
R098709,3
R094357,1
R083054,3
R025624,1
R094210,0
R097780,2
R063545,0
R065708,3
R056648,0
R043957,0
R074172,3
R098721,1
R013711,2
R078126,2
R011404,1
R061654,1
R077003,1
R098888,0
R097713,0
R030128,2
R076981,0
R034012,1
R086351,2
R084495,1
R077210,0
R052469,0
R035876,1
R071021,2
R030367,0
R005360,0
R009010,0
R062390,3
R015438,0
R064586,2
R070100,2
R066429,3
R047798,2
R039852,0
R021247,2
R012586,0
R082686,0
R039422,0
R076956,0
R034619,0
R077044,0
R017488,1
R059679,3
R074442,1
R090270,0
R009110,0
R056918,0
R085339,2
R099053,0
R039902,0
R006826,0
R009304,1
R059097,2
R022636,1
R025953,0
R028444,1
R064686,0
R086761,2
R039330,0
R018297,1
R074827,0
R015633,0
R093279,1
R040318,0
R025959,1
R051919,3
R001628,0
R032235,2
R083417,2
R019132,1
R098330,0
R070094,1
R001054,3
R095689,1
R018798,0
R003625,1
R071511,2
R008031,3
R052561,1
R044740,0
R082296,3
R009631,1
R074521,3
R070938,0
R094511,0
R053719,0
R085143,3
R058451,1
R069386,1
R088607,0
R051642,0
R019622,0
R010709,0
R051533,2
R078811,1
R083797,0
R047639,2
R026261,1
R033454,0
R050377,2
R062750,1
R029906,2
R099868,0
R000011,0
R056001,3
R037872,1
R046639,0
R014444,3
R096011,3
R005261,1
R088876,0
R092417,1
R029274,0
R044248,2
R008673,0
R050431,3
R052263,0
R026195,0
R008236,1
R020844,0
R018523,2
R091012,3
R016950,1
R001783,3
R098764,1
R021457,1
R030366,0
R020713,0
R006497,0
R018611,1
R057992,1
R048638,2
R088358,0
R082127,2
R057959,2
R016762,3
R062836,1
R040055,1
R043419,0
R069034,1
R083895,1
R008227,3
R050357,1
R039437,1
R093858,1
R094127,1
R071829,1
R094023,1
R077424,1
R092422,0
R091380,0
R089715,0
R068683,2
R099211,0
R026608,3
R095695,0
R047343,3
R025065,0
R013028,1
R045661,1
R054131,3
R021102,1
R093126,2
R092337,0
R013526,0
R040666,0
R058730,1
R098173,2
R083421,1
R014281,0
R059797,0
R059339,0
R021722,2
R077778,0
R090450,0
R065713,3
R065069,0
R023543,3
R082809,1
R064917,1
R060654,1
R091576,3
R014433,3
R054969,1
R022825,3
R062646,1
R023074,1
R076574,0
R061777,1
R036622,0
R075139,0
R082474,0
R005998,3
R004517,1
R060929,3
R074635,0
R073871,3
R023968,3
R087530,0
R097409,1
R076377,3
R088383,2
R054530,0
R012786,1
R014495,0
R096889,2
R062976,0
R073642,2
R015848,0
R078149,0
R049342,0
R059942,0
R024226,0
R075106,0
R021205,0
R004859,0
R032685,0
R012709,0
R093464,0
R065106,2
R077886,1
R049075,1
R013976,2
R075268,3
R023403,0
R013773,3
R096926,0
R061285,1
R018402,0
R087360,1
R085151,0
R021808,0
R070225,0
R048941,0
R084383,2
R045651,1
R003364,0
R063380,1
R058990,3
R066529,1
R073017,1
R072651,0
R070981,0
R010065,0
R049457,0
R040450,0
R084479,0
R002207,2
R058987,0
R086144,0
R086281,0
R094471,1
R057074,0
R091005,2
R013055,3
R038461,1
R096217,1
R077105,3
R032286,2
R099244,0
R044060,3
R054696,0
R084724,0
R089123,3
R062011,3
R072703,0
R067736,2
R057752,3
R019989,3
R008824,0
R081766,0
R085506,0
R025412,1
R016624,2
R006494,0
R099268,1
R048826,3
R067275,1
R080729,3
R083461,0
R082295,2
R001064,1
R066897,3
R056799,3
R024784,1
R058016,2
R084093,1
R032755,1
R008815,3
R047236,0
R084247,2
R009678,3
R065352,0
R089780,3
R063158,1
R067876,0
R049813,2
R019133,3
R062270,1
R095477,0
R062834,0
R047551,0
R005595,0
R011292,0
R012349,3
R031938,1
R028501,0
R050785,0
R049910,0
R059992,2
R026063,0
R007257,0
R062649,3
R051652,3
R064490,2
R001963,1
R065564,0
R061931,0
R088621,2
R090768,0
R059732,3
R008083,0
R063523,1
R020342,1
R029681,1
R058146,0
R069586,0
R021516,0
R093522,0
R051522,3
R025683,0
R074393,3
R089304,1
R003903,0
R035972,3
R006659,3
R090088,2
R079895,1
R014170,3
R021658,1
R033951,1
R054605,0
R044018,2
R073520,3
R094940,3
R027072,1
R024089,0
R022281,0
R069703,2
R089395,3
R095205,2
R016528,1
R065711,3
R035262,0
R091234,0
R091655,0
R060274,2
R037001,0
R079846,0
R078602,0
R072718,0
R083135,1
R041816,1
R027368,1
R008686,3
R089628,0
R083113,1
R059023,3
R098372,1
R027743,0
R045044,0
R040143,3
R081957,2
R066628,0
R016796,0
R040960,0
R002636,0
R063451,3
R078176,0
R057269,0
R030712,1
R098453,0
R064724,3
R047318,0
R071186,0
R092682,0
R024384,2
R023427,0
R008066,1
R037908,0
R032334,3
R022479,0
R004099,0
R069863,1
R047693,1
R088723,1
R039637,0
R024650,3
R099814,3
R024152,1
R035341,0
R057869,2
R061380,0
R072438,0
R063504,0
R050527,1
R027163,1
R017158,2
R090685,2
R000829,1
R086201,2
R027271,3
R034870,3
R014217,0
R003648,0
R004965,0
R052811,3
R006085,2
R035596,0
R017538,1
R040859,2
R076013,0
R034162,0
R016891,2
R003798,0
R046419,1
R095349,0
R023740,0
R046899,0
R093521,2
R047413,0
R036608,0
R036053,1
R072434,0
R081869,1
R019014,1
R019385,3
R040735,0
R028874,0
R007697,0
R038389,2
R072338,0
R011544,0
R008746,0
R034407,0
R062065,1
R008026,2
R085309,0
R088038,3
R088856,2
R084741,1
R031036,3
R004137,0
R020624,3
R094383,2
R099481,0
R092563,0
R048502,3
R043252,2
R073132,3
R073176,1
R099308,1
R079768,0
R078249,0
R060991,0
R064313,3
R048855,0
R079281,0
R041640,1
R091705,0
R044270,2
R011247,0
R062083,0
R074418,0
R083420,2
R046497,2
R035479,0
R047770,2
R076270,2
R002797,2
R049937,0
R096481,3
R023963,0
R063493,0
R016908,0
R058050,1
R082052,0
R024775,0
R024315,0
R070359,1
R065137,0
R006597,0
R094596,2
R048841,1
R007011,0
R030289,0
R051912,2
R018950,3
R073294,0
R046283,1
R061959,0
R092132,0
R009783,3
R035661,1
R042114,1
R008438,2
R050692,0
R077927,0
R029189,0
R038277,1
R004215,2
R030815,0
R069042,1
R021534,1
R013393,1
R078689,1
R092294,1
R077718,0
R011255,0
R078134,0
R088625,3
R063165,0
R089207,1
R008630,0
R017476,1
R055152,1
R061969,1
R062306,1
R098109,3
R078175,0
R061689,0
R096636,0
R061203,1
R012426,1
R032021,1
R026957,3
R055664,3
R071591,2
R057679,2
R072898,0
R010848,0
R070791,3
R052183,3
R029948,0
R052160,0
R027328,2
R009931,0
R059886,3
R063770,0
R071724,0
R026721,0
R085392,3
R065074,1
R093417,1
R073928,0
R001688,0
R055767,0
R042149,2
R046069,0
R059004,1
R085790,0
R070788,0
R024534,3
R009730,1
R073888,2
R015071,1
R055509,3
R099060,0
R069795,3
R048759,1
R060291,3
R036038,0
R048350,2
R085766,1
R097160,0
R086183,0
R025105,0
R064874,0
R016917,3
R018355,2
R024173,3
R042686,2
R056758,0
R008591,0
R082185,1
R083458,1
R034004,0
R023900,1
R078614,0
R039823,0
R050371,3
R044664,3
R069475,2
R028027,1
R033421,3
R076566,2
R057316,2
R096313,0
R053135,1
R058147,2
R026306,3
R075858,0
R066351,2
R005610,2
R005076,3
R072771,0
R073381,0
R005997,0
R060956,0
R099153,2
R035583,2
R078668,2
R034247,0
R049252,2
R034005,1
R045105,1
R096698,1
R029091,0
R020759,0
R075148,2
R014230,2
R016491,0
R062549,1
R012483,0
R044259,1
R041059,0
R017978,0
R023678,0
R053784,0
R085380,0
R037639,2
R069709,1
R061571,1
R094962,0
R048512,0
R016146,2
R053904,0
R052154,0
R025686,1
R080097,3
R091603,1
R034626,0
R061769,0
R008830,0
R051335,3
R096241,1
R090997,2
R043750,3
R031154,1
R045172,0
R070608,3
R057263,1
R034659,0
R032816,0
R070235,0
R081041,2
R062573,0
R026484,1
R058935,3
R016664,0
R076066,0
R050941,1
R069010,2
R057202,1
R017316,0
R012924,0
R056417,0
R006205,0
R039052,2
R063315,0
R000197,1
R035670,0
R042690,2
R041733,3
R029900,0
R013277,0
R072789,0
R043796,0
R029443,0
R065265,2
R015713,3
R028416,1
R038532,0
R072396,2
R020308,2
R098151,3
R092176,0
R024424,0
R035042,1
R080079,0
R007377,1
R036605,0
R059458,0
R073480,0
R021541,2
R059693,3
R002336,3
R039185,2
R037952,0
R088597,0
R049021,0
R053587,0
R078336,0
R073557,0
R087587,2
R035655,0
R062400,0
R010112,3
R069524,3
R076996,3
R092656,1
R082313,0
R032945,1
R037246,1
R063182,0
R089054,0
R052424,1
R029035,1
R091139,2
R054556,0
R035937,3
R031913,0
R095102,0
R086193,0
R035210,1
R089920,0
R073103,3
R059739,1
R062800,3
R093187,0
R053722,0
R022804,0
R059175,3
R078733,1
R012857,3
R020214,1
R069458,0
R038063,1
R072466,0
R085212,3
R032239,2
R059369,0
R060934,2
R054485,2
R010010,1
R017643,1
R088140,3
R027001,1
R063392,3
R072874,1
R046920,0
R072422,1
R043453,0
R057415,1
R046843,0
R050626,2
R057766,1
R047830,0
R062241,0
R014920,0
R053595,0
R095760,3
R009838,1
R002171,0
R073590,0
R045072,1
R002483,0
R037516,3
R098359,0
R007171,3
R009404,3
R095869,1
R061162,2
R022290,0
R014355,3
R048810,2
R062236,1
R004040,2
R058218,3
R041283,0
R069552,0
R050336,3
R035342,2
R058792,0
R030537,1
R056770,0
R021318,0
R080031,1
R031838,0
R077371,2
R084707,1
R070447,3
R007114,0
R002452,1
R030471,0
R093053,1
R055402,2
R010588,1
R065006,1
R094480,0
R008081,0
R051887,3
R037303,0
R019554,3
R064089,3
R023624,1
R066346,0
R061993,2
R030117,0
R059907,0
R046471,0
R008932,0
R097242,1
R025471,0
R067773,0
R052255,0
R008214,0
R020842,0
R002912,3
R071261,0
R026295,3
R004126,0
R083481,1
R073997,2
R032980,0
R004651,0
R050125,0
R076041,1
R026563,0
R054331,1
R023899,0
R093176,0
R082614,0
R043953,1
R014233,2
R074390,3
R081825,1
R072814,0
R069085,2
R076035,3
R032853,0
R057654,0
R003169,1
R010236,2
R050080,2
R015971,0
R059322,1
R012590,1
R054970,0
R014987,1
R011996,0
R067053,2
R039835,0
R095618,0
R070646,3
R009769,0
R066827,1
R014462,3
R027582,1
R018630,0
R032885,2
R046870,2
R053339,0
R044452,3
R043820,1
R018347,0
R045008,0
R003630,1
R026661,0
R089198,0
R000066,3
R071203,0
R039212,1
R019219,1
R077179,3
R042815,2
R062876,0
R063864,1
R096218,2
R042795,1
R020535,0
R035441,2
R041745,3
R060455,1
R086307,0
R071765,0
R081345,2
R086445,1
R016545,0
R068663,1
R059887,1
R034453,0
R038692,1
R022463,0
R080946,0
R047014,1
R006213,0
R081013,0
R009381,0
R099406,1
R000319,0
R045208,1
R023120,0
R011018,3
R067892,3
R065205,3
R099994,1
R062423,0
R021229,1
R028532,0
R014285,0
R088452,0
R025598,1
R003587,3
R082027,2
R072636,2
R050514,0
R027182,1
R064390,3
R024106,1
R024682,3
R063474,3
R004820,2
R013352,1
R057455,0
R056451,0
R056707,0
R022272,0
R049795,0
R028789,0
R005510,0
R029030,0
R042479,0
R059010,0
R002535,1
R087969,0
R071300,0
R075747,2
R092196,1
R099837,2
R078266,1
R059470,1
R003944,1
R030688,0
R067458,0
R034814,1
R032124,0
R072015,1
R054540,0
R099082,0
R016106,0
R066599,0
R094957,0
R096285,0
R064482,2
R099550,0
R071390,2
R024763,0
R099725,1
R019415,0
R020321,2
R077368,1
R043860,0
R052685,0
R099764,2
R027421,3
R074601,0
R001676,1
R053279,1
R048818,2
R080796,0
R029918,3
R082394,0
R052399,3
R064407,0
R071324,1
R029808,0
R074435,0
R070590,3
R066898,3
R059299,0
R089505,1
R075802,0
R074754,2
R093203,1
R037317,1
R052189,0
R019223,0
R036776,3
R072609,0
R006225,3
R037851,2
R023439,1
R034617,1
R072455,0
R065804,2
R032900,0
R006267,0
R031808,0
R000993,3
R095623,1
R050239,3
R028573,1
R057623,0
R065422,1
R093943,1
R091983,0
R045734,3
R045411,0
R037282,0
R064162,0
R080427,1
R035666,0
R099154,2
R074734,0
R097149,0
R002667,2
R082264,1
R056137,2
R030140,3
R041662,0
R049060,1
R098391,0
R087444,0
R045519,1
R079193,1
R049208,2
R029615,0
R028962,1
R088496,2
R041741,2
R011934,0
R076591,0
R036431,2
R043774,2
R076497,3
R002849,1
R096376,2
R041966,0
R026130,1
R053598,2
R056865,3
R048332,0
R045162,0
R092059,0
R043066,0
R079025,0
R001616,1
R087476,1
R092932,1
R030966,0
R028922,0
R007558,1
R019602,0
R058316,2
R009872,0
R042654,1
R052742,0
R021341,0
R098660,0
R037262,0
R026111,0
R021038,0
R075238,1
R014765,3
R028435,0
R017929,2
R057576,0
R010450,0
R022540,3
R081574,2
R053960,1
R081531,1
R012552,2
R006644,1
R008999,2
R038948,0
R008134,1
R031915,0
R090888,1
R085342,1
R043365,1
R004350,3
R047733,0
R066077,0
R020953,0
R081008,2
R029993,1
R048187,1
R006747,3
R087952,0
R025010,1
R053912,0
R042844,0
R033080,2
R063852,0
R008107,0
R090963,0
R078636,1
R004874,3
R076243,0
R029139,3
R040095,1
R080649,0
R022493,0
R064449,3
R040938,2
R079573,3
R099119,0
R067634,0
R076301,1
R083546,0
R013872,1
R092626,1
R098945,0
R020912,2
R072943,2
R089247,0
R094039,2
R025457,1
R098733,0
R001899,3
R013183,0
R079427,3
R094773,1
R080147,1
R005020,2
R051330,0
R031470,0
R051772,1
R019057,0
R034285,1
R001314,2
R045416,1
R002795,0
R008403,0
R050984,0
R013843,2
R098481,1
R009829,3
R073010,2
R087416,1
R065640,1
R094161,0
R059753,0
R025621,0
R072838,1
R007222,0
R083048,0
R040156,0
R093106,0
R060887,0
R094311,2
R055714,0
R067644,0
R030766,0
R055266,2
R047351,1
R000728,0
R030954,0
R037812,3
R054612,2
R018536,0
R027495,2
R031935,0
R023836,2
R057690,2
R070666,0
R071469,0
R051718,3
R020905,0
R060488,0
R061305,0
R084001,0
R031418,1
R082839,1
R056445,2
R014361,2
R089630,2
R040956,1
R038824,1
R001375,2
R073979,2
R087888,2
R029553,0
R063847,1
R005886,3
R003037,1
R024524,0
R093097,0
R005127,1
R014258,0
R095274,0
R068986,2
R048217,1
R007535,1
R012297,3
R070720,0
R017489,3
R094276,0
R057335,2
R099207,1
R012913,0
R066483,1
R066245,1
R043301,1
R088258,2
R065369,3
R036341,0
R047781,2
R090242,0
R092389,0
R006973,0
R052631,1
R072289,0
R080360,0
R077640,2
R079416,3
R043683,1
R059465,3
R015658,3
R073972,0
R016274,0
R082881,0
R016707,3
R074014,0
R097338,0
R052292,1
R058586,0
R057252,1
R027348,2
R077193,0
R046658,1
R046012,3
R007574,1
R037345,1
R067978,1
R006183,0
R028009,0
R000492,3
R029899,3
R032350,0
R081637,2
R082911,1
R026557,0
R032906,2
R057195,2
R012561,0
R001120,0
R052619,0
R097064,0
R099072,0
R088668,0
R064155,1
R042019,0
R057477,3
R067772,3
R077328,3
R030037,2
R054541,0
R009159,0
R055191,2
R051777,1
R012994,0
R040505,0
R042105,3
R051560,1
R016593,0
R059456,2
R045831,3
R097929,2
R020142,0
R002350,3
R099957,1
R070193,1
R048190,2
R058949,0
R015679,1
R070553,0
R065115,1
R012416,0
R012677,0
R021899,0
R009303,0
R005470,3
R025924,2
R037593,0
R056033,1
R058831,2
R073431,1
R075740,3
R060146,0
R090625,1
R067670,2
R087565,3
R023922,1
R073469,2
R075294,0
R063942,0
R072019,0
R005490,2
R080094,2
R095918,3
R008702,2
R083356,1
R091619,3
R091301,2
R089955,0
R038204,3
R079462,0
R058116,1
R076730,2
R005942,0
R077844,1
R009771,2
R095279,2
R010831,2
R039118,1
R085302,1
R039072,0
R083804,0
R053269,0
R090339,1
R009833,0
R031610,1
R015157,1
R000747,0
R076907,3
R014569,0
R071334,1
R022492,0
R015609,1
R081741,0
R070200,0
R021590,0
R093527,0
R055000,3
R070258,0
R025410,1
R055498,0
R025092,1
R047260,1
R014791,3
R037850,0
R045502,0
R042354,2
R091378,0
R012530,1
R021646,1
R000989,0
R006073,0
R062932,2
R025170,0
R061206,0
R003479,1
R028163,1
R038590,0
R000117,1
R073949,0
R089459,0
R072431,0
R092554,1
R027907,0
R004640,0
R094050,0
R080522,0
R097682,0
R006324,0
R060028,0
R018895,1
R079971,0
R037016,1
R049973,0
R046015,2
R057799,3
R055618,0
R045307,0
R051886,0
R080137,1
R033492,0
R008750,1
R076053,2
R003170,0
R056539,2
R063612,3
R028503,1
R084128,0
R004797,0
R033153,2
R069860,0
R032211,1
R095173,1
R021546,0
R096790,0
R059835,2
R002922,3
R074114,1
R092345,3
R011876,1
R014179,1
R081211,0
R029094,0
R088019,1
R084349,1
R075059,1
R046110,0
R080070,0
R061943,1
R095458,0
R043428,3
R015825,1
R085296,1
R065758,0
R048065,2
R000132,1
R017233,3
R070563,1
R042048,0
R000146,0
R086084,3
R092336,1
R065993,1
R018981,1
R062050,1
R066442,0
R011397,1
R061992,0
R085526,1
R088627,0
R032268,0
R070557,2
R080275,2
R048462,0
R092696,2
R002206,0
R009941,0
R000936,0
R078822,2
R056649,1
R004148,0
R000664,3
R049104,1
R023155,0
R029874,3
R018585,2
R029509,2
R025673,3
R075637,1
R066320,0
R043351,3
R058015,1
R018332,0
R031438,2
R031474,0
R056119,2
R061014,2
R098586,1
R060914,0
R023558,0
R024451,0
R031581,0
R078852,0
R077217,0
R020964,2
R097209,1
R051223,0
R038786,0
R071478,2
R073425,0
R019430,1
R025333,0
R040868,2
R068273,0
R009733,1
R082890,0
R021642,0
R008326,0
R092595,0
R071927,3
R093270,1
R028278,1
R086567,1
R018412,0
R006869,3
R050167,0
R030830,3
R078110,1
R068313,3
R097650,2
R099597,0
R029560,0
R073168,1
R059627,0
R067095,2
R043543,1
R097836,0
R051501,2
R075421,2
R046052,0
R065913,0
R022893,0
R072704,3
R075691,0
R081483,0
R010098,2
R015332,1
R038527,0
R048302,3
R017556,1
R084901,0
R083705,3
R072249,1
R097374,0
R054219,3
R035156,3
R071740,0
R004156,1
R044706,0
R029302,0
R036688,0
R060409,3
R035109,0
R075852,1
R055891,1
R087231,1
R073953,2
R011109,0
R033428,0
R018204,1
R042957,3
R009481,0
R085861,3
R061421,0
R011293,0
R026679,2
R056031,1
R088438,1
R061613,0
R017918,0
R039928,2
R014621,0
R003018,2
R083424,3
R069481,0
R073902,1
R093825,3
R035839,2
R093283,3
R039284,0
R079739,0
R013287,0
R099678,3
R043783,1
R090822,1
R037559,0
R027068,0
R081057,0
R070926,1
R001235,0
R064405,2
R038713,2
R018189,2
R075402,0
R004744,1
R050904,0
R069406,2
R081597,0
R069537,0
R043209,2
R040124,3
R005226,1
R048483,0
R093003,0
R056200,1
R036583,3
R049902,1
R053514,0
R061875,3
R063032,0
R093893,0
R033072,2
R058789,0
R032459,0
R053165,2
R028062,0
R068274,3
R002838,2
R081176,0
R061235,2
R032877,1
R083153,3
R069344,0
R015029,1
R061990,2
R093957,0
R031148,3
R095353,2
R046548,1
R033654,1
R012933,0
R052099,1
R023628,0
R068615,1
R075108,2
R035281,0
R074926,3
R096986,0
R016399,0
R088269,1
R053384,0
R073406,0
R080532,3
R066947,0
R061915,2
R003774,0
R071531,1
R024659,0
R043762,3
R072738,0
R031873,1
R000239,1
R084611,0
R064926,0
R031693,1
R070301,3
R019312,3
R074762,0
R025326,0
R097401,0
R068206,2
R022438,0
R098118,1
R057005,1
R069900,0
R053426,1
R019894,2
R035107,0
R068050,0
R030754,1
R088159,3
R093093,0
R053292,3
R049726,3
R029309,0
R011650,0
R091506,3
R060542,2
R045620,2
R094358,3
R085423,0
R062963,1
R077455,1
R074303,0
R085583,0
R039713,0
R045963,0
R012834,3
R017105,3
R072182,0
R021581,3
R003416,0
R090571,1
R024190,0
R024056,0
R046464,3
R023021,1
R098565,0
R003640,3
R042503,3
R076931,0
R010269,0
R000665,0
R047462,0
R036571,1
R024754,3
R087903,2
R018707,3
R025348,0
R071759,2
R050177,0
R083209,0
R062145,3
R022314,0
R059491,0
R003354,2
R072799,0
R060207,3
R054650,2
R075625,1
R046473,3
R025053,0
R087931,2
R026688,3
R028111,1
R098924,0
R024574,0
R055517,0
R063049,1
R038376,3
R013313,1
R040975,0
R099324,0
R099272,2
R095639,2
R009008,0
R075431,2
R028504,0
R099811,0
R074963,2
R086330,3
R029205,1
R081260,0
R061337,1
R024593,1
R073322,0
R009230,1
R062136,1
R044436,2
R015082,1
R091544,0
R033343,2
R083721,1
R039976,0
R042909,0
R057685,3
R097291,1
R009116,0
R040691,1
R027715,3
R023358,0
R087277,0
R025877,1
R081125,1
R087105,0
R030111,3
R066300,0
R076618,3
R079914,3
R060117,1
R094645,0
R090813,1
R090016,1
R021256,0
R032660,0
R010873,0
R046744,2
R074164,2
R053911,1
R046293,0
R056022,2
R021761,0
R025239,0
R001152,0
R000584,2
R042944,1
R041104,2
R064773,0
R099922,3
R022818,3
R008882,0
R025956,0
R098026,2
R035570,1
R027154,2
R089584,1
R053957,3
R040729,0
R025066,3
R083137,0
R061446,1
R081817,0
R060639,0
R058609,3
R087990,2
R064392,0
R009570,0
R053320,1
R045397,1
R009559,2
R022141,2
R093444,0
R043791,2
R053382,1
R040815,0
R015203,1
R074197,0
R037552,0
R066790,0
R095348,0
R011619,3
R078905,1
R086642,1
R085989,0
R035452,1
R045918,0
R015980,0
R098587,2
R001751,0
R020294,3
R002475,2
R082522,0
R065665,3
R098465,0
R062082,1
R029988,3
R033197,0
R025952,1
R025531,0
R006940,1
R032925,0
R075244,0
R021827,0
R080612,1
R096994,0
R036048,1
R050133,2
R065596,3
R041023,1
R041048,0
R029257,1
R047021,0
R032477,0
R020656,2
R055456,0
R079608,0
R096205,1
R092385,0
R066080,2
R099080,0
R025925,3
R081898,2
R082168,2
R022286,1
R058672,2
R054527,2
R081460,0
R056247,3
R002730,3
R055098,0
R064842,2
R045068,2
R088548,1
R013798,1
R082810,0
R091399,0
R039436,3
R046247,3
R000192,0
R029477,2
R005681,0
R025743,2
R034521,3
R042027,2
R097400,1
R089959,0
R064520,0
R082372,1
R006391,1
R055197,0
R034616,0
R020276,0
R058906,0
R049296,0
R049490,1
R038648,1
R098457,3
R066618,3
R011571,0
R076376,0
R005929,0
R059138,2
R036385,1
R041986,0
R046822,3
R051961,2
R024144,1
R010334,2
R008821,0
R043647,1
R049232,0
R024859,1
R020043,0
R048404,0
R025797,0
R088319,0
R034054,0
R061837,1
R076258,0
R069238,1
R017491,1
R067123,3
R020421,1
R040329,0
R016176,0
R069889,0
R085398,0
R011753,0
R006151,0
R022057,2
R094988,0
R034468,3
R024100,3
R005321,1
R093558,2
R055775,0
R082305,2
R029093,0
R045501,1
R025529,0
R026500,3
R011241,2
R001780,3
R078218,1
R023134,0
R092407,0
R067829,0
R029365,1
R033032,1
R048220,0
R077174,0
R092340,0
R042256,0
R006641,2
R030918,0
R056921,0
R009667,0
R019758,1
R018484,3
R039636,1
R082026,0
R085999,0
R057386,0
R001119,0
R009321,3
R001837,0
R053082,2
R060835,1
R078077,1
R066184,0
R075521,2
R013601,2
R025468,0
R086259,0
R036594,0
R004509,0
R038630,0
R078585,1
R058397,0
R089661,3
R053318,1
R009060,0
R093926,0
R041796,1
R032568,2
R068147,0
R086937,3
R064210,0
R049965,0
R049349,0
R063640,2
R067974,3
R086826,1
R067050,3
R001552,0
R042586,1
R067024,3
R036577,3
R050553,0
R082446,1
R011334,0
R026998,2
R049834,0
R043094,0
R048661,2
R053246,0
R004466,1
R019694,1
R064484,2
R038189,3
R033264,2
R083041,0
R004101,0
R052727,1
R001596,1
R042004,2
R083610,3
R089079,0
R033860,0
R056186,0
R040757,3
R051742,2
R004888,1
R085570,0
R063105,3
R002193,0
R043038,3
R030032,1
R072006,0
R063148,3
R008877,0
R045359,3
R075618,2
R096573,2
R058481,0
R099962,0
R056658,0
R047966,0
R025247,0
R066742,0
R031971,0
R066689,0
R021136,1
R008980,0
R067469,3
R017877,1
R054920,0
R069502,1
R051235,1
R029633,0
R020405,0
R083959,1
R002114,2
R063582,0
R091616,0
R093959,1
R023476,0
R030186,0
R046924,0
R075273,0
R088472,1
R053508,1
R091450,0
R099410,3
R060480,0
R067191,0
R026715,1
R072979,1
R056349,2
R079154,0
R048457,0
R018971,0
R083193,1
R037815,0
R082494,0
R087752,3
R085317,2
R058784,0
R070752,0
R095162,1
R074441,3
R094354,1
R091918,0
R040441,0
R057488,0
R011208,3
R068373,0
R024979,0
R032298,0
R027214,2
R041970,2
R044958,1
R026764,1
R025963,3
R013509,2
R022255,0
R075882,3
R040480,0
R044435,0
R056465,0
R098271,1
R033099,1
R095411,0
R026392,1
R054207,0
R011111,0
R069966,2
R010521,0
R068132,2
R096743,1
R033501,2
R087663,0
R052125,0
R090459,0
R093934,0
R087378,0
R072583,2
R046240,3
R078139,0
R060169,3
R029654,3
R076288,1
R073209,0
R039343,0
R004001,1
R030925,3
R034792,0
R023977,3
R074771,1
R008617,1
R013700,0
R092160,0
R036726,0
R095313,0
R095474,0
R060400,0
R084813,2
R079951,0
R001244,1
R073014,0
R041998,0
R058174,3
R060267,0
R035076,0
R030053,2
R003589,0
R073026,0
R068382,1
R085965,3
R063982,0
R002422,0
R031032,1
R000997,0
R044134,2
R036982,0
R003469,0
R027382,3
R075223,0
R025535,3
R005041,0
R054206,2
R068752,3
R040550,3
R036928,0
R095022,1
R006314,3
R005781,3
R083490,0
R055411,1
R099208,2
R003185,0
R081487,1
R015568,1
R086242,3
R018637,1
R087262,0
R090252,2
R060225,1
R058851,3
R059060,0
R042816,0
R054048,2
R088028,3
R019847,0
R061098,0
R087125,0
R018957,0
R042392,1
R005640,0
R019843,0
R088242,2
R020167,0
R013520,1
R034160,1
R015667,3
R037334,2
R036910,0
R054613,2
R049974,0
R093505,2
R095754,1
R082610,3
R018262,1
R064913,1
R039862,1
R093663,0
R069727,1
R092235,2
R082739,3
R035343,3
R019905,0
R005420,0
R011210,0
R042100,0
R004923,1
R041328,0
R030344,1
R080927,3
R023795,3
R003780,2
R045107,0
R047023,3
R036797,0
R016098,1
R052538,0
R016860,0
R056213,1
R058955,2
R020391,1
R096142,3
R046268,2
R042285,0
R073864,3
R032996,1
R093234,0
R066030,2
R012198,0
R066728,1
R084463,0
R095021,1
R001666,0
R089356,0
R005467,0
R061172,2
R062231,3
R000383,1
R008096,0
R017183,0
R027911,2
R063087,0
R025060,2
R065007,0
R041350,2
R035114,1
R039581,0
R015093,2
R073893,1
R009482,0
R009699,0
R095009,2
R018056,1
R015802,2
R065276,2
R092795,0
R059817,2
R097689,3
R045950,3
R087394,0
R035928,0
R011553,1
R055684,1
R066035,1
R045247,3
R064564,2
R052496,0
R008308,2
R017668,1
R042647,0
R032232,1
R052898,0
R016806,0
R019392,1
R071045,1
R099977,0
R027287,1
R024916,1
R073043,0
R030426,1
R005057,1
R004521,0
R084964,0
R053806,2
R039633,0
R030641,1
R055055,2
R088199,0
R075732,0
R034270,2
R098005,0
R089664,1
R089048,0
R006158,0
R035420,2
R043270,2
R092852,1
R051302,0
R006693,0
R056534,1
R032731,0
R073637,0
R008542,0
R054228,0
R029856,2
R042306,0
R019934,1
R032405,1
R062975,1
R093925,1
R008757,2
R043548,3
R021310,3
R048229,2
R049119,1
R099932,1
R079889,3
R059447,1
R053834,0
R084325,2
R013913,1
R015737,1
R021987,2
R006045,0
R096014,1
R068634,0
R031982,2
R029007,1
R059876,0
R001769,0
R078826,0
R058594,1
R008666,2
R008768,2
R049455,1
R094258,3
R016906,3
R069233,2
R011235,2
R052592,0
R013543,1
R018785,0
R038203,1
R070102,3
R045779,0
R002777,0
R068922,0
R073051,3
R017162,2
R002710,1
R057150,1
R092057,1
R073657,2
R088254,0
R084452,0
R091637,0
R063138,3
R058226,1
R098108,3
R036918,2
R017280,0
R040677,0
R063920,1
R078651,0
R045049,2
R005738,1
R025858,1
R044442,3
R002650,1
R025399,0
R065775,1
R047919,0
R099079,0
R090141,0
R051857,3
R035962,0
R068447,2
R022832,0
R022406,1
R019508,0
R093758,1
R030363,0
R049233,3
R077777,3
R092672,1
R009854,0
R006573,1
R012976,1
R023174,1
R019769,2
R041663,0
R073297,1
R074854,0
R041148,1
R082090,1
R012080,0
R003381,0
R015530,0
R023106,0
R048742,0
R021940,3
R002152,0
R026831,0
R068141,1
R009603,0
R080668,0
R086910,0
R083543,1
R018270,1
R049558,1
R090485,0
R079060,3
R098588,1
R014409,1
R095156,3
R076951,2
R055380,2
R011500,1
R014592,0
R037391,0
R083574,1
R030811,1
R060547,0
R039679,0
R094920,1
R038952,0
R062223,0
R049869,0
R026401,0
R061844,1
R040813,3
R088809,2
R040736,0
R092963,0
R082177,0
R045028,3
R029857,0
R050146,0
R077362,0
R060702,0
R065041,1
R019695,3
R010159,1
R074119,0
R012273,0
R049162,0
R016251,2
R031852,0
R013135,1
R082766,0
R004885,0
R018489,0
R032804,0
R043644,0
R088905,3
R007746,3
R098041,2
R041351,2
R066695,2
R094881,0
R052481,1
R028283,3
R065529,3
R042544,0
R081628,3
R008257,0
R097297,2
R018733,0
R046743,3
R019926,2
R074654,0
R075599,0
R045994,2
R080633,1
R066103,0
R097556,3
R052602,3
R089611,0
R085332,0
R094996,0
R088510,0
R096121,1
R091434,1
R019643,2
R093960,0
R091097,0
R047807,0
R001358,0
R039473,2
R050292,0
R051916,0
R083423,0
R097231,0
R021003,2
R072301,0
R035996,1
R061867,3
R099366,0
R032129,3
R022177,3
R002429,0
R099326,3
R078706,0
R016837,0
R067861,2
R099559,1
R001285,3
R075338,1
R036284,0
R002317,0
R060904,3
R003800,1
R079916,2
R002417,1
R020358,1
R004477,0
R024083,0
R095840,0
R064343,0
R057229,0
R056852,3
R071196,3
R033854,0
R054567,0
R098735,2
R075264,1
R019657,0
R094430,0
R043794,0
R044650,3
R093205,3
R003760,1
R062315,0
R077379,3
R066051,0
R059833,1
R068034,2
R028648,0
R004944,0
R076416,2
R009840,1
R006026,2
R018320,1
R023300,2
R068737,0
R055592,0
R046689,1
R002228,0
R044600,0
R057600,0
R084213,1
R001300,2
R098447,3
R003866,3
R062937,1
R070967,0
R032438,0
R075977,3
R050814,3
R038035,0
R053059,1
R062589,1
R012664,0
R074496,3
R050683,3
R055737,1
R036325,0
R098365,0
R077511,1
R016465,2
R077037,2
R067504,2
R091847,0
R025448,2
R099901,2
R027315,1
R022626,1
R045419,1
R032266,1
R050940,0
R063232,3
R066267,3
R079278,0
R056775,1
R084078,3
R000820,1
R048741,0
R099440,0
R069631,1
R036510,3
R075667,0
R014964,3
R032801,0
R045301,2
R086292,0
R089513,0
R046856,1
R083065,1
R035292,0
R016021,3
R024215,1
R061048,2
R068563,1
R066523,0
R065141,2
R038004,0
R013333,2
R001978,0
R087030,3
R062744,1
R018307,3
R076124,3
R040649,0
R092661,0
R089701,0
R071775,2
R008784,2
R070014,2
R033908,2
R077262,0
R030735,0
R032543,0
R077253,0
R054659,0
R021238,0
R047032,3
R039780,2
R090710,2
R000220,2
R064230,2
R030461,2
R030714,0
R090539,0
R089130,2
R098856,3
R075077,1
R044898,1
R054860,0
R069247,1
R058696,2
R047762,0
R014273,1
R005990,0
R067536,0
R026915,3
R085352,1
R054514,1
R029998,1
R056533,1
R038465,0
R049871,0
R080028,0
R045066,2
R048261,1
R058998,2
R053280,1
R054198,0
R087778,0
R042192,0
R035125,3
R066609,0
R041837,1
R001083,0
R086689,0
R030661,2
R045110,2
R087825,2
R042573,2
R098044,0
R082675,3
R067402,0
R027078,1
R057682,2
R037407,2
R091300,1
R066691,0
R085144,2
R088974,2
R021693,3
R029145,0
R029827,0
R093366,1
R021586,0
R091919,0
R053741,3
R049160,0
R026291,1
R088039,0
R074999,0
R042832,2
R081340,0
R028256,0
R024461,0
R015592,2
R034696,3
R006202,0
R082025,0
R034887,3
R053660,1
R009343,2
R024676,1
R099120,0
R098037,1
R091361,0
R019530,2
R016270,3
R042104,1
R093251,2
R033036,2
R059466,1
R057045,2
R033979,0
R029369,0
R045500,0
R077493,1
R068506,0
R089559,1
R007277,0
R080725,3
R079443,2
R063827,0
R064426,0
R034361,3
R082858,3
R079396,0
R078447,1
R020127,0
R005280,2
R026969,1
R034207,3
R085372,2
R055021,0
R039847,1
R034705,1
R044632,0
R070222,0
R091750,1
R015437,0
R064992,0
R018634,0
R057762,0
R018910,0
R054715,0
R001360,1
R081061,0
R012751,1
R010085,0
R001136,2
R017656,0
R066357,0
R003311,1
R036564,3
R085773,3
R058897,2
R043377,3
R049980,1
R009396,0
R068332,0
R092483,0
R030378,3
R074141,0
R003429,0
R047421,3
R028856,3
R095116,3
R088522,0
R095657,2
R050521,0
R083748,0
R065643,0
R088037,3
R050718,2
R042777,0
R072252,0
R075389,0
R018049,0
R029511,1
R002008,1
R066472,3
R086127,0
R006255,1
R036713,0
R060007,2
R097071,0
R071456,0
R036496,3
R099004,0
R070554,0
R024684,0
R043605,1
R048931,3
R000059,0
R003957,1
R000780,0
R026444,3
R002053,2
R038724,1
R044026,0
R023873,2
R050034,1
R078969,0
R073424,0
R097611,3
R021674,0
R030090,2
R080553,0
R050349,0
R013987,0
R068780,1
R013503,0
R072780,3
R057748,0
R078050,0
R051515,0
R011441,2
R005903,0
R025426,2
R013953,1
R063846,0
R053430,0
R070247,0
R025323,1
R022256,3
R062170,0
R053255,1
R019328,0
R065837,1
R060127,0
R064424,3
R023250,0
R025706,1
R052445,1
R078454,0
R018855,2
R078347,1
R091753,1
R081066,0
R095114,1
R095405,1
R008556,3
R032890,0
R010353,0
R040118,1
R096868,2
R065081,1
R058898,1
R077203,1
R046693,0
R072059,0
R045615,0
R010376,1
R028295,0
R088485,2
R057048,0
R002830,1
R065723,2
R003739,1
R077972,1
R011868,0
R026133,0
R065859,2
R024602,0
R054487,1
R022211,3
R039471,0
R057042,1
R027703,2
R018516,0
R015432,1
R028506,0
R088036,1
R062543,0
R018629,2
R024019,1
R018426,0
R095396,0
R093098,3
R007738,3
R020928,1
R072198,1
R087154,0
R026965,0
R034171,0
R003664,0
R098569,1
R015366,0
R071392,0
R013227,1
R034589,3
R077936,0
R095617,1
R080085,2
R010368,0
R034429,0
R095482,0
R063264,2
R000877,1
R011531,2
R051968,3
R053470,1
R071694,0
R099161,0
R006544,0
R088481,0
R095315,1
R074912,0
R014780,1
R032205,0
R003460,0
R019272,1
R065945,1
R070782,0
R001379,1
R020365,3
R006836,0
R058580,0
R058415,3
R009958,2
R071282,3
R076684,0
R043992,3
R090702,0
R047346,0
R095974,0
R047311,1
R095341,0
R017371,0
R033239,1
R092141,0
R048004,3
R043452,0
R050250,2
R096653,0
R007927,1
R094831,0
R038646,0
R032414,1
R070249,3
R016553,0
R051888,0
R019188,0
R067008,3
R002731,0
R051728,0
R071660,0
R037761,1
R026818,0
R057665,0
R096493,3
R097920,0
R028429,2
R052634,2
R056822,3
R038053,0
R071281,1
R074454,3
R095340,0
R030956,0
R023098,1
R071474,2
R077678,0
R060851,3
R072753,1
R014807,3
R087217,2
R034749,3
R007751,2
R028376,2
R007249,0
R068950,0
R038239,2
R067196,0
R081719,0
R025040,3
R004986,2
R033810,0
R035245,3
R002951,2
R053885,0
R095596,0
R053729,2
R028479,0
R041666,2
R005323,1
R019607,0
R068626,0
R017079,2
R072388,2
R005126,2
R054569,3
R021443,1
R011782,1
R060836,0
R036837,1
R058554,0
R021958,1
R050136,2
R098348,1
R041504,0
R030252,0
R097373,1
R075837,3
R094306,2
R018438,0
R077580,0
R078792,0
R075593,3
R078083,1
R050055,3
R057127,0
R018695,0
R094234,1
R070415,1
R035404,1
R035760,1
R077222,3
R010383,2
R037034,0
R001820,0
R073094,0
R096784,0
R085639,3
R027520,0
R002233,0
R011846,0
R053289,0
R080019,1
R060335,1
R093620,0
R055393,0
R056998,0
R070198,2
R017705,0
R082895,0
R092227,3
R027755,1
R068254,2
R033569,0
R006214,0
R089882,1
R052981,3
R050198,0
R072734,3
R093999,3
R071171,1
R060122,1
R015797,3
R090371,1
R010556,2
R082880,1
R016403,1
R029418,2
R064223,1
R059979,0
R092911,3
R066719,0
R096207,2
R025252,3
R073018,1
R047055,1
R038585,3
R035105,2
R022588,3
R083913,1
R002529,1
R070379,1
R074650,0
R049802,1
R084414,1
R022966,0
R076368,0
R024509,3
R003334,2
R047726,0
R000163,3
R088372,1
R027519,0
R002100,1
R018719,1
R042936,0
R065604,0
R045147,0
R050503,2
R037986,0
R048162,0
R008638,0
R040120,0
R016458,0
R035482,1
R035224,3
R027020,0
R040284,3
R019239,0
R030028,0
R038365,1
R027264,0
R067531,3
R045386,0
R073167,1
R058905,1
R078959,1
R041753,1
R073343,0
R052977,0
R059150,0
R086145,1
R059543,3
R016304,3
R007185,1
R088910,3
R068244,0
R045212,0
R065350,1
R088783,2
R056773,3
R008751,0
R000824,0
R096954,2
R084137,2
R028109,3
R029650,0
R050976,0
R051760,3
R085389,0
R037513,1
R047859,3
R039808,2
R053767,3
R060809,1
R043817,1
R059935,1
R099546,3
R083037,0
R027854,0
R014307,0
R020721,0
R099452,0
R021287,2
R073050,3
R022749,3
R004927,2
R008838,3
R073253,3
R083732,0
R073995,3
R037763,0
R038428,1
R004351,3
R025428,0
R051463,0
R037004,3
R090208,1
R099521,1
R031609,1
R094902,3
R015890,2
R086730,2
R004922,2
R047115,1
R053477,1
R060780,0
R094389,1
R044696,2
R085039,1
R080140,1
R084755,0
R043255,0
R072445,3
R033513,0
R002705,0
R047418,3
R094869,0
R013636,3
R061131,2
R087697,0
R052270,1
R065524,0
R048885,3
R051469,3
R080426,0
R077311,1
R019985,1
R054629,1
R095971,1
R008958,1
R037323,0
R003705,0
R054172,0
R016426,0
R085133,1
R095708,2
R053779,3
R024134,3
R065445,3
R019485,1
R054724,0
R042849,0
R009083,0
R046457,1
R043813,0
R090974,1
R034770,0
R036477,2
R024322,3
R011081,0
R081413,3
R092846,0
R099970,0
R042746,1
R056139,2
R048109,0
R021944,3
R024366,2
R074885,1
R019555,1
R005190,3
R045248,0
R084931,0
R078573,0
R048120,1
R055163,1
R093061,0
R004569,0
R074403,0
R028520,2
R006212,2
R025554,2
R051588,3
R005147,0
R024257,2
R051626,0
R099202,1
R091001,0
R006808,2
R053353,1
R011035,1
R022739,0
R039645,3
R064465,1
R075878,0
R046206,1
R061852,0
R062897,0
R084907,2
R051406,2
R049664,0
R041045,0
R094117,3
R021919,0
R026940,0
R006095,2
R054194,0
R029327,3
R002822,1
R061998,0
R054496,3
R033745,0
R046046,1
R087636,1
R047586,3
R037599,3
R059418,3
R039710,1
R071205,2
R033204,3
R013867,3
R040298,0
R025415,3
R051550,1
R038584,0
R057677,2
R026634,1
R014893,2
R092473,1
R071586,1
R019056,3
R036862,3
R032802,0
R097386,0
R033523,0
R003083,1
R083501,0
R039309,3
R086262,0
R047575,0
R074264,0
R010305,3
R090564,2
R017970,1
R065914,3
R022399,2
R087253,0
R029715,2
R016895,0
R081733,1
R049456,0
R052546,3
R016513,0
R086604,0
R059331,0
R026777,0
R096161,3
R090603,0
R078724,3
R050621,0
R062587,0
R088711,1
R081536,0
R081566,3
R037441,3
R036801,3
R075360,3
R036826,1
R038483,0
R035662,1
R099093,2
R017988,1
R012382,2
R071764,2
R038710,0
R099266,0
R026967,0
R016527,1
R079296,0
R043184,0
R083112,0
R006071,2
R029644,3
R047675,3
R046636,1
R092026,2
R002774,0
R059761,2
R044171,0
R032625,3
R001388,0
R084908,1
R062962,1
R036078,2
R001557,0
R094076,2
R079558,0
R001881,1
R025373,3
R084718,0
R071745,1
R044567,0
R067807,1
R065418,0
R031677,0
R086141,3
R011904,3
R013378,3
R069266,2
R076990,0
R005150,0
R065170,0
R098560,1
R055448,0
R053930,0
R093487,1
R038641,0
R002254,0
R039720,0
R067023,0
R076806,0
R032819,0
R044036,0
R024022,1
R031557,3
R068185,1
R085269,2
R002699,1
R015410,3
R030306,0
R079504,1
R000444,0
R063200,3
R089360,0
R083539,3
R022538,3
R066302,2
R045628,3
R063697,3
R036994,0
R089201,0
R012797,0
R038347,1
R031558,2
R023499,1
R004845,0
R037377,1
R073098,2
R055803,0
R022931,0
R005526,0
R040530,1
R038181,0
R092711,3
R067300,1
R005589,0
R080765,2
R070244,0
R018970,1
R081000,1
R092067,0
R053076,1
R029303,0
R082399,0
R061439,3
R050624,3
R070861,0
R089975,2
R009493,1
R039657,0
R015877,1
R051366,1
R098259,1
R019857,2
R076170,2
R044356,1
R026273,0
R077395,0
R070282,1
R062770,0
R062548,0
R096350,1
R064085,0
R049037,0
R086520,0
R027751,1
R082465,3
R009568,3
R021374,1
R093242,0
R074582,0
R016043,3
R006432,1
R047514,2
R060253,2
R000633,0
R017938,0
R092771,0
R006044,2
R058845,2
R065062,3
R037429,0
R084600,0
R015304,1
R076081,0
R016423,1
R035301,0
R040779,0
R096417,3
R048175,0
R067098,0
R086664,1
R004750,0
R068548,0
R050185,3
R057823,0
R041483,1
R044124,1
R043279,3
R094313,3
R098358,0
R031196,2
R022111,0
R081291,0
R061117,0
R001706,0
R085485,1
R048867,1
R009487,3
R080689,1
R083432,2
R059792,1
R029901,0
R003307,0
R008440,0
R080542,2
R055911,0
R048382,0
R080891,0
R052156,3
R025172,3
R060610,0
R081823,1
R037226,0
R063386,1
R006965,0
R092097,1
R043448,2
R076611,0
R060755,0
R044333,0
R060525,1
R028225,0
R079746,3
R030680,1
R027231,1
R051478,2
R034678,2
R058413,0
R016935,0
R014475,1
R017562,1
R079949,0
R053711,0
R084754,0
R006466,0
R061741,2
R012746,0
R092426,0
R097301,1
R058396,1
R064685,3
R056447,0
R009959,0
R091967,1
R096823,0
R097046,2
R006355,0
R077920,0
R053652,0
R043095,0
R052387,0
R001982,1
R016080,2
R059726,0
R063171,0
R054453,1
R011455,2
R025973,1
R050115,0
R040544,0
R032667,0
R073484,1
R054728,0
R004831,2
R010067,1
R055478,0
R054998,0
R088080,0
R042873,2
R037539,0
R010612,0
R026686,1
R021286,0
R059490,3
R088312,3
R070686,0
R025497,2
R037108,0
R081964,2
R092402,0
R087184,0
R092360,0
R053596,1
R073231,0
R099685,0
R052589,3
R007354,2
R092741,2
R012434,0
R056472,2
R083119,2
R092420,2
R027227,3
R038275,3
R001461,2
R070035,2
R084497,0
R025740,2
R099989,1
R011070,0
R068717,3
R032767,0
R032677,0
R067905,0
R015123,1
R009861,2
R072245,2
R037947,3
R064638,3
R062343,0
R062898,0
R075604,1
R050366,3
R011118,2
R016633,3
R041795,1
R014842,2
R029361,0
R027042,2
R042570,2
R055724,1
R033599,0
R012057,0
R005722,0
R075100,0
R044526,2
R069849,0
R005202,0
R018176,0
R042701,0
R074993,0
R087406,2
R098494,0
R065796,3
R046407,0
R029344,3
R007460,1
R061590,0
R075848,1
R051963,0
R037350,0
R067604,1
R024099,0
R064777,0
R065178,0
R091757,0
R099074,3
R081130,0
R085642,1
R021257,1
R058233,0
R015760,1
R002588,0
R026733,3
R004889,2
R074259,0
R041383,2
R000365,0
R095738,0
R091250,0
R034933,2
R006596,0
R032564,3
R041443,2
R079130,1
R078719,0
R037643,2
R047166,0
R025886,3
R073310,0
R087211,0
R019111,2
R029642,0
R039766,3
R075623,1
R096663,2
R055910,2
R006744,0
R022456,0
R020117,3
R005437,3
R059774,0
R049238,3
R052365,0
R098978,1
R084987,0
R025382,0
R030652,1
R097328,3
R068384,0
R091588,2
R035951,2
R019120,2
R039370,1
R007317,2
R007430,1
R020868,3
R055151,3
R097852,1
R095395,0
R058109,3
R022673,0
R087878,0
R067239,2
R012431,3
R015968,2
R075150,0
R099236,0
R005982,1
R037828,1
R068933,0
R045444,0
R087829,1
R075707,0
R028936,0
R021119,2
R054051,0
R078300,0
R047934,3
R038522,1
R065386,1
R062091,0
R026699,0
R061107,1
R047539,3
R068843,1
R069117,0
R096291,0
R021739,0
R031814,3
R066151,1
R083136,0
R037098,0
R059518,3
R034590,0
R050556,0
R066383,1
R033797,0
R053068,1
R054154,2
R089209,1
R015482,3
R056635,0
R006090,1
R025887,0
R013499,1
R097815,0
R009591,0
R092521,0
R057936,0
R008529,0
R059452,0
R074931,0
R028134,3
R033417,3
R054413,1
R009054,0
R021770,2
R068959,2
R066113,0
R016669,0
R020677,1
R013974,3
R045602,1
R085078,2
R012067,3
R047558,1
R054559,0
R053128,2
R065304,0
R000081,0
R032006,2
R069419,1
R038907,1
R058363,0
R077693,3
R062764,1
R010523,1
R015229,1
R073536,0
R035852,0
R008203,0
R091968,1
R039336,2
R064503,0
R045111,2
R061521,1
R000686,2
R096443,0
R020002,3
R010816,0
R030936,2
R016760,1
R055855,2
R037734,2
R092965,3
R017857,2
R052877,0
R030085,0
R040243,2
R051011,1
R061970,1
R019571,0
R014205,0
R096076,2
R032314,0
R093853,0
R083333,0
R055528,0
R007332,2
R098832,0
R051145,0
R047894,0
R026351,2
R050815,0
R003094,2
R086498,0
R027494,3
R036499,1
R031262,1
R086825,0
R029096,1
R038270,3
R001164,2
R026909,0
R098941,1
R058240,0
R054504,1
R084633,2
R000535,0
R068572,0
R006121,1
R042802,0
R082830,3
R029223,2
R051834,1
R035041,0
R099409,0
R011427,0
R020814,0
R000838,2
R074778,2
R015343,2
R034726,2
R029588,0
R058222,3
R068260,1
R046480,2
R015220,2
R086403,0
R024896,0
R003548,1
R011089,3
R001647,2
R094021,3
R044238,1
R007824,1
R021604,2
R043711,0
R043096,3
R023539,1
R071714,1
R036455,3
R074279,2
R092469,1
R078141,0
R029692,3
R045448,0
R078958,2
R080966,2
R082240,3
R066698,0
R023140,0
R069909,3
R077904,1
R060603,3
R075651,0
R025714,0
R001502,0
R026510,3
R063965,2
R079537,2
R043062,1
R050750,1
R016020,3
R022728,0
R058362,0
R068735,2
R021172,2
R083641,1
R004345,2
R096176,3
R083298,3
R047382,2
R063507,0
R040711,1
R074469,3
R090048,2
R068481,0
R026007,0
R027910,2
R024002,1
R013951,1
R040382,1
R017422,2
R092935,0
R056762,0
R055348,0
R021450,2
R055373,0
R025166,0
R034567,2
R005864,3
R055985,3
R071850,1
R072622,1
R016394,3
R020523,0
R050719,1
R058876,2
R041891,2
R033392,1
R082619,0
R053990,2
R028157,1
R038515,0
R032045,0
R070829,0
R024507,0
R057990,1
R042051,1
R015965,0
R012275,0
R079896,1
R030063,1
R065625,0
R023342,0
R074838,0
R098484,1
R066914,1
R019031,1
R060276,2
R060853,0
R097418,2
R072362,0
R068352,0
R080328,0
R073792,0
R072521,2
R053671,0
R064129,3
R056100,3
R064190,3
R039341,3
R084244,3
R055683,0
R026002,0
R018137,2
R096271,0
R028161,0
R025007,1
R034571,0
R099623,1
R027070,0
R057763,2
R089759,3
R092546,0
R040973,1
R078216,2
R053742,2
R080036,1
R070533,0
R052990,1
R017917,0
R064283,0
R080280,0
R099662,1
R088023,3
R099390,0
R055111,2
R016717,0
R022454,2
R041866,0
R067350,0
R034865,2
R037319,0
R072589,2
R022915,1
R082014,2
R028270,0
R025935,2
R015895,0
R050223,3
R007193,1
R006603,0
R018044,1
R083464,3
R093452,3
R052585,0
R006816,0
R021743,0
R047072,0
R063765,0
R026177,0
R040919,0
R055457,1
R055278,0
R056506,0
R065348,3
R025434,0
R090367,0
R052220,3
R037940,2
R065771,0
R020529,3
R092551,1
R065882,1
R065556,3
R082715,1
R070288,1
R042183,1
R018358,0
R089642,3
R079192,2
R095655,1
R043759,1
R095435,2
R044172,1
R021448,3
R092203,3
R004556,0
R083823,1
R004268,1
R079028,2
R069432,0
R034156,0
R074365,1
R006873,3
R000396,3
R094366,1
R058304,1
R059896,2
R094855,0
R009864,1
R091170,1
R023912,0
R013363,0
R026946,2
R016442,0
R056523,0
R042156,0
R015282,0
R041832,2
R060857,3
R048847,1
R065103,0
R087711,0
R053761,1
R067647,2
R055269,1
R050000,2
R080306,2
R030166,0
R011063,1
R076942,2
R057441,0
R095671,3
R056400,3
R094180,1
R037222,3
R035197,2
R063178,0
R052316,2
R075081,0
R084097,0
R073730,3
R059749,1
R079790,1
R061437,1
R023291,2
R010342,0
R067841,2
R084561,0
R087179,0
R029804,3
R012870,1
R008334,1
R008024,2
R020438,0
R098438,1
R084911,0
R004075,0
R070890,1
R006339,0
R005717,1
R075341,0
R061179,3
R025637,0
R083850,0
R095972,1
R086291,1
R081594,0
R036869,2
R090388,1
R001614,1
R004550,0
R028461,3
R020780,0
R014891,0
R099508,0
R079185,0
R025459,0
R090196,1
R001050,3
R004757,0
R014193,0
R030603,1
R036753,3
R032644,0
R058968,2
R099448,0
R044309,0
R017632,0
R066164,3
R050724,2
R025972,2
R094526,3
R021869,0
R052461,0
R084049,3
R056244,0
R063082,2
R019366,3
R014210,3
R081666,2
R068630,2
R011486,0
R022669,0
R079196,1
R021433,0
R066916,0
R059474,1
R005613,2
R099462,1
R055576,0
R013982,0
R056662,0
R048071,1
R078142,0
R030288,2
R087206,0
R025119,0
R002872,2
R064469,1
R008721,1
R004755,0
R090842,0
R086561,0
R023804,2
R019414,0
R058272,0
R072600,1
R072544,2
R095908,1
R084740,0
R009265,0
R031585,1
R010207,3
R047908,1
R034128,0
R076366,2
R075178,1
R013642,0
R043107,0
R010264,0
R083553,1
R062878,1
R087021,1
R035305,0
R065565,0
R066780,3
R033870,2
R045719,1
R052459,2
R037733,0
R034058,0
R069137,3
R088992,0
R033524,2
R034666,1
R097988,2
R031986,0
R044378,0
R092807,3
R080343,0
R092734,3
R095764,2
R041889,1
R089772,3
R089216,0
R034899,3
R071705,0
R012764,1
R047739,3
R069143,3
R043985,0
R081086,1
R005804,0
R096586,2
R087239,3
R046563,3
R056863,0
R051650,0
R080588,0
R060632,1
R027759,0
R010779,0
R074126,1
R034292,0
R045991,3
R002338,0
R087393,1
R041130,3
R094954,0
R007167,0
R001376,1
R077792,3
R007572,1
R005881,0
R080993,1
R000072,2
R069444,1
R069322,3
R019662,3
R097817,1
R056966,1
R056503,2
R026948,1
R054907,0
R032383,0
R086791,3
R079083,0
R045062,0
R066966,0
R055870,2
R035276,1
R055272,0
R033209,3
R070182,3
R021385,0
R057354,0
R072586,0
R072924,1
R035030,0
R013585,2
R080311,1
R012087,3
R023457,1
R042430,0
R050043,1
R042606,0
R048280,1
R082554,0
R066449,1
R040873,0
R036521,3
R038463,1
R080596,0
R018995,0
R049701,0
R042476,1
R000034,1
R073426,0
R056846,1
R091371,1
R075939,0
R073342,2
R064810,1
R068655,0
R074261,1
R055363,1
R074336,0
R033708,0
R068203,3
R063850,0
R064003,0
R091615,0
R022530,1
R001960,1
R047050,2
R079780,1
R063565,3
R092405,0
R080671,2
R027912,1
R000953,0
R090794,1
R018757,2
R088059,0
R075734,3
R045353,0
R040317,0
R090386,0
R007106,0
R046411,3
R037750,0
R004526,0
R075448,0
R021952,0
R035173,0
R044371,3
R054987,0
R057447,0
R084719,0
R014948,0
R038980,3
R043346,0
R030846,0
R076310,0
R010593,0
R055996,2
R005452,0
R032846,1
R097196,0
R098549,2
R041903,0
R092863,0
R006710,0
R085625,0
R046527,3
R091679,0
R050973,1
R089351,3
R011881,1
R062810,3
R064679,3
R025967,1
R001765,0
R016424,2
R023915,0
R009921,2
R071496,0
R071356,2
R058883,3
R053436,1
R048487,1
R023934,0
R016497,0
R022932,3
R084849,0
R017232,3
R033269,0
R046895,0
R044505,2
R083896,2
R037080,1
R030758,1
R050653,0
R042887,3
R086530,2
R000473,0
R080575,0
R003319,2
R025568,1
R070780,2
R087540,0
R083518,3
R014784,0
R049796,1
R040306,3
R084219,0
R018442,1
R046150,0
R092279,0
R038843,0
R013923,1
R000922,0
R016520,1
R059168,0
R034682,0
R087126,3
R092765,3
R099011,0
R010881,1
R005308,2
R063754,2
R025480,0
R088808,0
R090234,0
R011113,2
R051745,1
R028148,1
R034962,1
R061351,2
R007753,0
R026703,3
R026560,1
R013402,1
R003654,3
R072103,2
R038349,3
R062165,3
R035576,1
R058279,0
R085997,0
R087059,0
R092524,0
R081891,1
R096108,1
R000911,0
R050576,0
R037600,0
R027238,0
R020222,1
R042062,0
R048430,1
R060939,0
R021499,1
R062179,1
R084123,2
R000389,0
R093349,1
R098409,3
R087822,3
R048647,0
R078279,3
R009046,1
R013656,3
R012237,0
R034889,1
R064219,3
R005134,0
R078361,0
R091345,2
R010820,0
R008822,1
R008548,0
R000773,3
R033346,1
R014195,0
R015275,0
R068703,1
R044405,1
R023487,3
R083283,1
R046797,0
R067151,2
R033646,2
R097730,3
R049435,0
R053849,3
R087460,3
R076292,0
R087388,1
R060305,1
R055050,3
R021197,1
R054943,0
R084339,0
R031312,2
R085901,0
R031632,0
R046140,0
R089790,3
R083894,0
R066070,0
R044391,2
R052016,0
R029653,3
R003701,0
R069600,0
R066718,0
R089440,0
R003049,0
R078267,0
R087309,0
R065936,0
R085512,1
R006145,1
R064038,0
R015085,0
R081334,0
R006798,0
R031494,1
R049634,3
R016178,3
R093076,0
R011608,0
R075890,1
R086163,0
R098063,1
R079753,0
R031702,2
R006980,1
R072868,2
R045695,1
R073183,3
R076198,0
R028241,1
R001851,0
R033889,2
R071015,1
R006631,1
R038572,1
R030376,3
R084957,2
R066285,0
R054123,2
R057811,1
R013328,0
R055642,2
R057604,0
R090991,0
R086823,2
R077018,0
R052515,3
R008985,1
R094288,0
R084817,3
R008386,0
R039978,2
R014698,3
R070953,0
R034806,0
R063295,3
R048751,1
R079475,1
R022767,3
R086284,2
R024268,1
R012310,0
R021618,3
R015955,3
R077942,2
R032580,0
R085549,0
R024248,0
R009987,0
R062117,3
R072507,3
R009168,2
R055239,2
R020774,0
R076147,3
R081860,0
R060403,0
R037605,1
R047670,0
R028485,1
R036459,3
R001599,0
R054714,3
R046379,2
R038813,3
R054789,2
R078006,0
R063580,1
R084930,0
R089791,0
R054876,0
R045562,0
R048823,0
R007898,3
R043458,1
R010099,0
R081947,3
R054957,3
R028096,0
R068109,0
R009832,0
R083765,0
R095195,0
R072224,1
R044925,2
R047847,2
R005785,0
R059673,0
R038564,2
R029946,1
R009406,3
R045344,0
R039853,0
R082869,3
R044106,1
R059816,1
R092364,2
R072117,2
R004992,0
R071693,3
R004596,2
R020425,0
R027153,2
R097249,2
R013946,0
R051318,0
R081263,0
R046633,0
R012622,2
R028736,1
R085781,0
R001606,0
R005961,1
R096000,1
R000131,2
R078989,0
R059951,2
R029213,1
R086757,3
R088584,2
R087131,0
R079191,0
R023141,0
R078018,0
R088841,0
R087118,0
R099525,2
R088634,1
R045601,3
R096322,2
R035551,0
R093140,2
R078643,1
R023357,3
R042422,1
R004027,0
R097760,1
R078877,2
R069454,0
R073823,0
R021049,0
R041287,1
R022122,1
R076476,0
R082292,0
R026621,1
R096777,2
R090808,2
R056323,3
R007568,3
R027813,0
R005953,0
R074367,0
R092938,0
R066567,3
R052359,0
R063746,3
R015334,3
R046592,3
R094747,1
R070484,2
R062530,1
R049065,1
R064561,2
R010275,0
R098333,1
R067421,0
R046123,1
R089924,0
R067464,0
R064042,1
R087960,0
R064069,1
R009439,0
R013811,1
R005609,3
R070726,3
R082865,1
R086860,3
R024049,1
R045244,0
R076904,0
R011328,1
R075423,0
R031217,0
R045851,1
R005052,1
R024945,0
R044166,1
R002181,1
R066736,0
R076944,0
R052460,0
R009360,1
R037869,0
R028946,3
R039418,0
R058999,2
R022299,1
R016844,1
R080351,2
R098080,1
R094667,0
R087472,1
R059811,0
R043577,1
R022935,0
R000177,1
R099881,0
R027581,0
R049520,1
R044076,0
R076582,3
R066236,0
R099193,0
R011267,0
R026667,0
R040668,1
R031738,0
R054668,0
R080464,0
R049128,0
R089835,1
R063267,1
R093624,0
R075103,1
R006616,2
R024890,2
R036195,3
R055738,0
R094379,2
R006689,1
R062708,1
R016546,2
R091363,2
R073106,2
R027697,0
R095354,0
R055867,3
R075978,1
R024456,0
R013226,2
R046679,3
R082622,2
R023718,0
R056209,2
R011931,0
R092892,1
R051071,3
R005626,1
R043474,2
R021009,1
R025918,3
R036060,2
R037473,1
R061052,0
R022115,2
R052945,0
R009708,0
R098127,1
R014770,1
R045911,0
R040294,0
R016665,2
R071061,3
R041694,0
R035080,3
R010777,0
R013971,0
R012700,2
R045340,0
R023760,2
R098756,1
R002097,3
R005081,3
R090106,0
R088834,2
R011617,0
R091800,3
R007735,3
R023219,0
R043728,3
R048407,0
R000825,2
R046709,1
R026807,3
R010262,2
R050145,1
R047722,1
R054851,3
R066716,3
R087918,1
R079338,1
R030801,0
R083397,0
R012117,2
R041168,0
R078605,0
R006829,2
R071644,1
R077554,1
R068444,3
R053229,3
R080289,0
R098644,0
R032461,2
R011583,0
R065975,0
R095317,3
R027680,1
R090249,2
R030503,0
R065981,0
R089646,3
R017644,1
R048798,1
R077236,0
R099506,1
R045095,0
R089841,0
R013037,0
R028106,0
R066520,0
R043334,3
R029044,3
R015416,3
R017336,1
R077967,2
R048317,0
R032692,0
R051756,3
R021305,2
R027297,3
R016982,2
R045758,0
R038752,1
R028729,0
R056950,1
R035898,1
R095814,3
R099494,3
R074509,3
R093337,0
R012612,1
R011312,1
R067897,1
R033429,3
R085984,1
R020940,0
R044293,0
R025778,0
R021623,0
R003268,3
R052201,3
R043090,1
R082687,1
R020526,0
R014921,1
R028770,1
R049285,0
R020860,2
R066443,1
R076936,0
R032343,3
R084062,0
R038317,0
R036051,1
R011945,1
R065742,2
R073894,2
R055896,3
R046989,0
R087193,1
R075329,2
R088117,2
R024157,0
R003950,1
R021592,0
R076156,0
R057370,0
R030131,0
R024194,2
R031878,0
R084344,1
R065535,1
R001532,1
R098720,0
R068197,0
R025513,2
R081802,0
R000512,1
R016880,0
R042213,3
R079095,0
R095415,2
R032770,1
R015987,0
R014211,2
R030590,0
R037260,2
R037182,2
R036985,0
R036492,1
R061608,2
R081668,1
R059582,0
R049523,3
R069699,3
R047292,0
R035873,2
R043540,3
R082920,1
R074481,1
R056092,1
R027419,2
R017655,3
R027980,0
R008658,2
R006690,1
R098666,0
R058619,1
R048903,0
R093405,1
R095931,3
R063519,0
R005647,0
R031507,0
R067603,0
R049776,0
R041981,0
R094123,0
R034799,2
R020997,1
R031945,0
R052212,1
R047376,0
R000057,0
R035600,0
R074856,1
R098210,0
R060279,3
R078600,2
R060549,0
R096632,0
R014413,0
R096755,0
R064758,3
R044384,3
R026384,3
R043661,2
R002416,0
R056659,1
R059436,0
R036592,2
R053187,0
R046251,1
R074643,0
R016212,1
R013643,1
R027650,2
R080109,2
R007507,2
R015601,1
R078106,2
R076856,1
R065691,0
R058263,0
R069783,2
R051294,1
R078783,2
R015060,1
R038870,0
R000392,1
R078263,2
R053896,1
R041352,0
R017975,0
R000670,1
R038479,3
R056013,2
R075897,1
R067524,1
R046587,0
R078360,3
R029962,0
R010454,2
R047507,0
R028086,1
R036019,3
R045494,0
R030379,1
R064378,2
R046096,0
R041688,0
R061249,2
R070561,1
R065224,1
R047697,0
R055353,1
R041255,1
R088098,0
R041396,1
R078576,0
R065666,1
R092876,0
R045686,2
R092544,0
R079414,0
R079738,0
R090425,0
R015367,0
R026743,0
R088932,0
R080086,0
R009718,3
R006187,2
R077784,1
R091133,1
R098633,3
R056783,0
R055334,0
R086870,0
R076602,0
R011837,0
R086770,2
R012078,2
R097585,3
R080101,0
R037899,0
R064227,0
R082186,2
R020550,0
R075443,0
R080688,0
R072940,3
R057241,0
R090513,1
R044606,3
R095777,1
R074949,2
R028613,0
R024712,0
R030570,0
R066392,0
R003202,3
R058553,3
R069812,1
R099729,0
R078058,0
R008943,3
R057791,0
R024000,1
R094231,2
R004677,1
R048121,1
R039024,3
R025738,0
R059779,3
R077006,1
R087654,3
R014426,2
R047340,3
R038747,0
R059209,3
R077878,1
R073225,0
R023638,2
R061615,3
R062054,2
R086729,1
R055630,0
R048218,1
R015430,0
R051118,2
R029678,3
R026132,0
R054454,0
R094820,2
R021888,0
R049799,2
R075072,2
R090984,0
R054169,1
R079890,3
R021161,3
R035254,2
R046943,2
R023262,2
R006773,0
R040933,1
R004746,0
R009245,0
R080128,0
R051576,3
R027758,1
R098807,1
R037819,0
R029049,2
R071381,0
R055924,2
R053985,0
R068985,0
R021550,3
R086019,2
R062430,3
R058377,0
R082274,1
R038664,3
R089952,0
R058378,1
R004133,0
R049506,0
R050773,3
R062462,0
R025343,0
R078202,1
R026057,0
R047466,0
R043119,2
R026492,0
R008166,2
R090482,0
R040105,0
R084053,1
R067636,2
R077265,3
R011481,2
R078061,3
R009050,1
R073999,0
R072446,0
R076747,1
R038861,1
R032280,0
R044191,1
R036846,0
R031294,0
R042532,2
R089926,1
R092778,0
R071424,1
R073049,0
R035974,1
R083131,3
R082332,0
R054394,0
R012263,0
R097215,3
R020794,2
R032380,2
R022382,2
R020161,0
R054192,2
R017487,0
R051228,0
R080087,2
R028019,1
R017594,1
R027466,3
R083025,3
R034975,3
R035509,0
R095123,0
R066495,2
R015268,0
R081236,2
R021264,0
R046321,0
R050096,0
R023855,0
R093696,0
R084508,3
R010694,2
R051423,0
R048010,1
R079274,0
R077709,2
R071148,1
R002691,0
R063911,1
R009100,1
R008072,2
R078234,1
R002594,3
R084293,0
R031853,2
R013707,0
R049950,0
R091254,0
R029120,1
R057873,2
R094570,0
R028730,0
R092347,2
R064471,2
R081133,0
R020857,3
R040569,1
R026617,1
R080163,0
R085326,0
R019880,3
R052730,2
R000029,1
R037720,0
R005529,3
R065583,2
R033218,3
R099965,0
R022231,2
R052718,1
R038830,0
R044971,0
R030338,2
R015250,0
R094022,0
R063461,1
R058266,0
R058846,0
R039590,0
R021273,1
R050436,2
R021939,0
R083981,2
R059308,0
R004619,0
R055875,1
R052175,1
R050114,1
R053096,3
R038187,2
R073696,1
R074316,1
R081610,0
R034691,0
R074120,0
R008781,3
R031546,1
R097833,2
R059586,0
R036189,0
R014181,1
R048301,3
R090067,3
R052994,1
R040195,0
R028986,1
R079640,1
R089989,0
R000230,0
R062650,2
R079093,0
R014424,3
R050486,0
R070770,2
R024105,1
R095631,1
R039426,0
R049479,0
R030564,3
R040258,0
R057975,0
R069300,2
R050833,3
R060849,0
R056855,1
R046594,2
R049182,3
R019130,2
R020455,3
R022351,2
R052903,2
R007264,0
R023073,3
R014767,3
R077583,1
R095717,1
R049157,3
R020434,0
R043435,2
R063913,3
R055291,1
R005977,1
R086121,3
R009158,2
R074793,1
R017959,2
R027248,1
R040488,0
R044714,1
R065667,0
R025822,3
R006992,0
R076014,2
R046022,2
R012815,2
R001692,0
R045710,1
R093299,2
R021427,3
R050116,1
R074003,0
R040267,1
R067169,0
R088400,0
R070036,0
R026543,0
R010610,0
R091266,0
R054657,3
R019323,0
R087693,2
R028851,2
R074732,3
R007994,1
R081316,2
R062670,2
R036152,0
R026292,0
R041304,3
R055064,1
R048780,0
R019528,1
R050311,1
R055634,3
R024607,0
R046129,0
R009693,1
R070422,0
R002902,0
R056714,0
R027939,0
R079656,3
R029558,0
R087046,1
R005395,0
R084197,0
R060348,3
R097365,0
R049536,0
R037040,0
R059100,0
R021141,0
R038932,3
R074972,1
R030824,0
R005651,0
R064150,1
R021354,2
R085056,3
R053218,1
R099070,0
R025522,1
R093201,0
R046509,2
R076670,0
R055430,3
R022073,1
R034987,1
R003571,0
R052776,2
R022975,2
R082320,0
R077708,0
R057172,3
R001141,3
R094102,0
R015550,1
R020126,0
R085360,1
R044444,2
R049793,2
R023717,3
R004069,1
R082161,3
R080629,1
R060586,3
R069971,2
R022780,0
R011386,2
R087249,0
R056479,0
R093703,0
R053197,0
R042026,0
R072202,2
R005691,1
R095328,3
R026725,3
R068310,0
R060726,3
R065232,0
R042006,0
R002379,2
R028053,0
R017074,1
R072844,0
R073855,2
R063031,0
R082224,0
R021996,1
R093824,2
R083346,1
R018727,3
R026595,1
R083682,0
R068249,3
R053147,1
R083335,1
R029358,0
R095359,2
R038491,3
R077661,1
R033444,2
R087123,0
R087100,0
R040247,1
R076655,0
R064141,0
R042584,2
R006565,0
R097088,0
R002754,3
R056396,1
R001153,3
R047274,1
R060792,0
R009480,1
R017625,0
R085976,1
R024532,0
R005906,0
R024243,3
R029625,2
R016577,3
R048341,1
R022369,2
R099870,0
R064676,0
R023266,2
R099045,0
R060266,1
R066514,0
R083336,2
R016089,0
R042056,3
R008356,3
R048490,1
R035124,0
R069459,3
R065036,0
R062840,2
R002103,0
R067364,2
R044979,1
R038764,3
R099776,3
R072086,1
R056853,0
R021252,0
R086466,2
R001242,3
R039875,0
R085533,0
R044289,0
R078681,2
R044056,0
R085516,2
R096877,2
R042080,0
R062452,0
R041652,3
R081022,3
R001210,0
R000886,1
R006200,1
R083393,0
R072200,0
R081271,3
R090720,1
R054468,3
R036355,0
R004316,0
R074364,2
R088788,0
R025380,2
R087220,2
R064310,1
R063991,0
R031047,1
R075412,0
R056834,0
R049933,1
R021791,2
R016559,3
R024124,0
R064346,0
R014231,0
R079297,2
R056957,2
R031349,0
R083648,0
R058400,0
R015563,0
R056712,3
R052577,3
R049630,0
R072433,0
R091457,0
R041637,1
R043801,0
R031826,1
R044893,2
R017873,2
R027836,0
R029070,0
R099658,1
R047486,0
R029450,0
R091999,1
R058346,3
R092143,3
R018441,3
R068976,3
R022486,0
R048284,1
R028365,1
R068828,0
R025931,3
R010646,0
R019144,0
R029843,1
R042265,0
R006289,1
R005556,3
R002875,1
R071249,0
R071908,0
R037299,1
R029123,2
R090277,1
R026981,1
R045189,2
R021233,0
R056912,2
R077821,1
R089165,0
R022293,1
R077397,3
R071189,1
R063345,0
R050699,1
R088503,3
R011822,1
R005806,0
R021428,1
R026809,2
R016363,0
R058534,3
R090531,0
R083463,0
R035788,1
R047173,0
R081102,0
R075798,1
R007937,1
R016149,0
R009629,1
R022757,0
R041861,2
R036514,0
R078489,2
R031265,3
R024001,1
R033664,0
R073906,0
R087791,3
R099555,0
R052000,0
R073331,0
R042782,3
R024517,1
R027985,0
R015032,0
R061433,3
R080703,0
R021715,2
R070893,1
R020655,1
R070678,0
R099676,3
R097131,0
R033179,1
R048578,1
R027140,1
R073194,1
R044884,0
R023454,0
R046833,1
R017318,0
R091730,1
R014157,3
R077782,0
R060452,3
R022280,1
R054201,1
R095997,3
R025308,2
R018300,0
R081157,0
R010247,1
R042279,2
R024169,0
R051566,0
R087110,0
R066513,3
R071577,3
R016842,1
R012144,0
R047003,1
R041273,1
R073790,1
R073363,2
R011390,0
R050057,1
R072520,2
R008258,1
R083305,2
R066110,2
R025257,0
R044538,0
R054904,3
R039355,2
R072536,0
R098301,0
R051539,0
R027981,3
R096651,2
R061320,0
R031016,1
R030479,3
R044895,3
R087800,3
R094547,2
R035364,1
R009344,2
R025351,0
R010218,0
R055974,1
R070483,1
R049575,2
R039643,1
R016457,1
R068281,2
R070034,3
R006882,0
R034501,0
R075158,2
R088780,1
R079477,0
R074007,1
R026674,1
R033679,2
R073960,1
R080684,1
R048817,1
R076278,2
R005750,0
R013777,0
R060076,2
R075403,0
R075594,0
R061499,1
R029155,3
R033446,1
R006673,0
R091570,0
R013208,0
R051459,1
R085816,0
R068487,0
R081946,1
R022432,3
R001944,1
R063289,0
R066277,0
R035709,2
R008690,0
R071572,0
R018619,0
R063647,0
R058895,1
R074062,0
R059066,3
R024728,2
R068348,0
R042932,0
R028715,1
R056311,0
R019631,3
R031075,0
R064339,0
R028246,1
R047825,1
R091903,0
R001875,0
R046149,0
R027606,0
R039731,1
R083449,0
R058947,1
R099911,0
R031766,1
R031694,0
R066970,1
R067223,1
R088323,2
R075422,0
R077090,0
R069728,1
R096148,0
R002252,2
R032090,0
R019157,0
R080534,0
R055601,1
R035100,3
R089515,0
R099660,2
R078169,3
R092914,2
R010949,1
R091004,1
R020487,2
R001026,0
R025150,0
R039530,3
R098310,2
R044604,2
R075946,0
R084255,0
R058049,0
R099122,0
R035223,1
R004326,2
R016202,0
R028289,2
R012277,0
R066809,0
R038152,2
R051548,0
R072856,2
R057043,1
R050991,2
R056411,3
R013834,0
R064966,1
R012034,0
R015619,0
R018424,1
R088175,1
R036556,1
R010042,0
R073543,3
R083063,1
R044849,0
R036787,3
R087429,0
R082294,0
R037456,0
R072706,2
R027349,1
R066309,3
R022811,1
R080623,1
R020404,3
R000433,1
R036930,0
R045295,1
R091783,1
R099338,1
R097638,1
R016557,0
R068490,0
R083588,2
R018019,0
R000751,0
R085998,1
R084343,0
R060681,0
R046618,3
R068329,3
R092861,1
R091181,0
R097507,3
R024546,0
R028771,0
R020766,0
R067478,0
R060151,3
R040591,2
R095784,1
R022359,2
R047880,0
R022928,2
R041204,3
R051251,3
R098385,0
R020235,0
R036563,0
R053189,3
R012422,0
R098263,0
R019201,0
R092937,2
R073032,2
R091026,1
R056072,1
R044748,0
R065802,2
R034411,2
R070943,1
R010755,2
R069026,0
R099068,0
R045069,2
R019642,0
R046345,1
R046362,1
R087745,0
R017151,1
R021123,0
R030089,0
R071213,0
R040304,0
R087640,0
R061254,2
R058756,1
R094028,1
R090936,3
R080216,2
R069818,1
R066008,1
R050354,2
R089150,2
R068551,2
R027167,0
R056886,1
R016064,0
R054894,1
R069875,1
R091346,3
R046787,0
R037494,0
R010421,2
R027927,2
R067118,0
R086663,2
R025626,0
R052509,3
R044363,0
R061552,1
R030027,2
R027945,0
R037257,2
R056331,2
R055282,0
R007790,2
R061536,2
R067496,1
R036673,3
R065130,1
R072464,0
R067206,1
R016167,2
R094059,0
R039001,1
R068076,0
R099595,0
R081856,1
R054443,1
R040153,3
R096900,0
R047701,0
R031425,1
R023371,0
R092283,0
R082879,0
R088188,3
R014777,1
R032916,3
R044873,0
R014128,1
R093622,1
R030699,0
R036804,0
R023033,0
R049211,0
R008996,3
R075992,0
R096171,3
R008469,0
R013630,2
R087672,3
R025074,0
R084871,2
R072602,0
R012738,1
R081411,1
R032295,3
R050806,0
R045345,1
R078047,2
R087072,0
R055022,0
R058519,1
R038321,0
R074318,2
R067663,2
R011350,1
R069641,0
R091287,2
R013236,3
R020456,0
R051160,3
R088762,2
R024617,0
R021019,1
R078170,1
R021189,0
R075958,3
R005086,1
R088327,3
R073991,0
R093250,0
R073287,0
R072273,0
R053952,3
R060478,1
R030304,1
R024069,3
R068810,3
R055796,2
R023359,3
R081324,3
R015242,2
R030343,3
R069069,0
R031888,2
R063964,3
R000915,0
R045804,1
R031714,0
R011574,0
R080078,0
R076061,0
R058090,0
R041608,3
R020390,3
R019462,3
R033376,0
R042070,3
R096091,2
R005999,3
R048066,0
R003988,3
R089154,1
R081556,0
R040667,1
R083847,1
R030409,1
R066095,3
R043949,0
R064324,2
R011053,1
R041482,3
R013615,0
R045459,3
R056556,0
R091263,1
R070139,0
R041092,0
R069304,0
R060134,1
R022055,2
R028441,0
R019865,2
R065037,0
R058250,0
R051847,1
R018667,2
R025705,2
R064351,0
R087271,0
R083087,0
R062576,0
R093803,0
R007524,3
R043335,0
R007279,2
R053692,0
R086735,0
R036391,0
R090917,2
R087494,0
R090439,0
R005319,0
R051064,0
R072022,3
R095792,0
R029032,0
R072998,0
R078868,3
R042060,0
R022135,0
R007602,0
R068743,0
R038305,0
R009208,0
R002062,0
R081017,1
R071040,0
R079707,1
R019739,0
R057339,2
R057494,1
R019668,0
R067673,0
R027190,3
R082928,3
R032919,3
R028470,2
R090656,2
R019816,1
R019520,2
R022484,2
R061923,2
R041171,1
R052144,0
R097819,0
R017586,2
R032348,3
R043747,3
R026921,0
R015327,2
R029340,0
R072833,0
R054510,2
R094048,0
R039814,1
R018834,0
R083493,3
R052694,0
R060449,1
R084543,0
R026090,3
R082205,0
R050174,0
R064832,0
R030836,3
R032792,0
R037322,1
R019777,2
R082897,0
R029098,3
R096324,0
R039020,2
R052187,2
R032099,0
R062686,2
R059362,0
R024180,2
R086929,2
R025885,1
R026926,3
R033347,3
R028383,0
R076277,0
R026368,1
R021495,1
R027028,0
R039885,0
R039988,0
R005131,1
R026545,0
R048708,2
R015431,0
R011266,1
R002345,0
R063922,0
R005318,0
R060587,0
R000257,0
R072060,1
R059226,1
R051841,0
R098604,0
R070177,1
R085926,0
R031005,2
R037860,3
R088923,2
R005703,0
R020845,3
R076252,0
R050153,0
R084092,0
R085274,0
R047555,3
R093029,1
R016921,0
R083145,2
R033634,1
R038989,0
R067452,2
R079365,2
R052190,0
R065467,2
R018980,1
R086058,0
R000964,0
R083133,2
R068526,0
R090555,1
R073461,3
R009479,1
R075638,1
R004449,0
R068858,0
R043972,3
R017411,1
R059980,2
R009287,1
R040366,3
R067820,0
R026917,2
R046660,0
R034559,1
R088545,0
R053245,2
R092655,0
R050810,0
R051196,0
R005752,3
R044464,2
R091384,1
R079036,3
R064189,0
R026623,0
R091201,0
R017211,3
R090192,1
R093399,0
R041933,0
R033471,1
R036591,1
R014051,2
R016795,1
R060399,3
R051645,0
R061420,1
R036412,1
R068952,1
R069469,3
R077626,0
R016976,0
R027203,1
R032765,2
R074900,1
R048745,2
R096566,0
R099759,3
R022621,1
R024928,1
R096603,0
R091573,3
R027729,1
R065800,1
R035006,0
R005634,1
R005406,3
R025857,0
R008576,0
R006709,0
R016307,3
R018982,0
R035606,2
R075333,0
R074789,3
R001858,0
R009887,1
R052388,0
R003923,1
R071006,0
R024343,1
R024355,3
R064246,2
R057113,0
R075765,0
R067943,3
R033685,1
R009342,1
R071060,0
R094434,0
R080172,2
R056052,3
R060273,0
R001836,1
R050447,0
R077147,0
R056108,0
R078678,0
R059109,2
R017507,0
R041676,0
R033219,3
R085446,1
R093950,1
R077605,1
R087503,0
R040029,0
R057705,3
R082605,0
R008018,0
R090226,0
R066507,1
R014524,3
R058618,1
R064880,3
R050265,0
R079194,3
R064335,2
R006976,1
R087143,1
R085750,3
R036850,0
R055355,1
R075011,1
R014384,1
R058410,2
R022970,0
R043806,1
R035215,1
R032071,0
R084490,3
R081974,1
R024350,0
R076074,0
R016933,3
R048137,2
R018067,1
R039149,2
R096084,2
R011183,0
R034848,0
R032820,0
R055988,0
R005276,1
R021712,0
R060078,1
R042492,3
R004113,1
R068887,1
R070605,3
R021897,3
R070754,1
R007168,1
R016087,0
R076833,0
R096993,0
R099844,0
R045183,0
R003253,3
R027482,1
R096049,1
R015193,3
R059592,1
R096347,0
R061514,2
R063243,2
R094043,0
R082277,1
R044825,0
R015893,0
R059520,0
R025280,3
R081713,2
R086103,1
R021117,0
R059014,0
R082056,0
R019666,0
R091643,0
R093900,1
R075107,1
R019492,0
R081279,1
R045324,1
R012365,0
R087191,3
R003015,1
R091172,3
R017747,3
R026426,1
R038497,1
R017874,0
R055830,2
R090879,2
R070628,1
R089610,3
R077646,1
R018837,0
R017185,1
R077127,2
R078778,3
R080751,0
R011373,0
R055674,1
R083527,3
R007338,0
R014142,2
R085659,0
R006130,1
R058403,2
R088777,1
R045856,1
R080515,1
R071716,0
R017518,0
R070948,0
R008698,1
R045713,0
R023849,1
R007566,1
R059542,0
R064736,0
R069618,2
R022010,1
R023996,3
R065519,0
R085303,0
R019483,1
R024522,0
R073958,0
R006179,0
R048790,0
R052134,3
R014132,0
R042723,0
R052010,1
R048788,0
R043014,1
R032658,2
R077880,2
R064272,1
R032601,1
R042288,3
R085202,1
R018271,1
R062974,0
R064221,0
R006872,3
R020531,0
R043852,1
R010280,1
R018338,2
R061947,0
R075582,2
R007314,0
R082752,0
R065910,3
R010308,2
R072918,1
R074206,2
R065631,1
R074545,0
R036080,2
R055443,2
R009160,2
R069505,0
R038120,0
R074230,0
R045437,0
R078550,0
R097290,2
R035699,3
R025836,3
R091528,1
R025313,2
R085759,3
R083151,0
R042268,0
R028948,1
R031235,0
R073898,1
R003476,0
R086845,2
R053688,2
R008689,3
R019924,0
R057284,0
R091958,0
R034679,1
R045373,3
R056849,3
R032861,0
R047042,0
R070423,0
R071821,2
R084812,0
R037949,1
R096930,3
R002057,2
R085569,1
R004519,0
R033661,0
R083647,0
R063806,0
R028570,2
R024568,0
R034833,0
R083045,3
R009509,3
R014856,3
R039135,0
R087534,2
R009714,0
R093256,0
R039322,0
R045797,2
R063369,3
R070155,0
R020488,1
R051431,0
R079586,0
R093345,1
R058528,0
R036259,0
R073781,3
R082209,0
R022498,1
R044175,0
R084517,1
R002672,3
R010381,0
R055302,0
R001871,0
R016716,3
R036335,1
R007186,2
R076474,2
R007476,0
R099536,0
R001584,1
R032944,0
R014876,0
R035850,1
R032562,1
R059914,2
R015920,0
R032824,1
R018222,1
R001520,1
R061781,0
R028121,3
R012841,1
R099876,0
R012397,0
R007040,0
R016092,3
R025495,0
R012995,3
R077126,0
R032237,2
R071044,0
R013646,1
R079146,1
R089639,0
R088818,2
R069427,1
R092814,0
R063505,1
R062727,1
R088850,0
R044089,0
R079353,3
R099804,0
R032264,1
R094588,0
R055611,1
R035427,3
R053312,0
R025021,2
R083013,2
R037318,0
R083044,1
R079490,2
R003917,0
R047457,0
R017680,0
R007929,2
R074229,0
R021767,0
R085687,1
R035239,0
R089677,2
R039904,3
R052598,3
R077628,1
R048572,0
R007132,1
R067490,1
R006561,1
R060837,1
R038034,1
R001124,1
R090010,0
R010287,2
R010058,0
R069598,0
R062095,2
R092105,0
R021892,3
R090796,2
R071409,1
R035507,0
R021043,0
R013764,0
R044776,1
R033675,2
R088173,0
R023645,0
R071097,3
R019664,3
R033069,0
R029697,1
R092981,0
R016986,0
R080780,0
R083020,1
R085090,0
R089582,0
R051247,0
R008385,2
R070248,1
R034748,3
R003639,1
R085484,0
R020352,2
R045576,2
R032105,0
R051410,1
R073911,1
R092210,0
R095068,2
R099935,1
R048312,0
R040206,0
R016932,1
R037329,0
R001510,0
R092856,1
R071437,0
R087892,2
R018558,0
R097289,0
R031283,1
R046882,0
R089099,0
R046107,3
R086801,1
R035963,0
R031657,1
R000097,0
R030998,2
R095768,1
R094347,2
R010110,0
R050832,3
R081568,3
R052374,0
R018998,1
R020641,0
R002068,1
R051234,3
R017801,3
R032253,0
R079912,0
R027506,0
R008051,0
R094405,3
R027654,1
R076599,0
R036554,3
R046576,0
R004254,0
R067718,3
R047661,0
R039062,2
R091348,1
R028739,0
R018436,2
R056517,0
R023451,3
R091232,0
R034840,2
R063508,2
R057383,0
R078711,1
R026468,3
R075018,1
R051946,0
R081743,0
R079869,1
R054802,0
R026605,0
R095142,0
R026288,2
R040356,1
R023298,2
R039830,0
R068004,0
R046314,0
R032563,1
R089711,3
R024744,1
R066418,2
R098697,0
R058342,0
R086081,0
R083120,0
R034272,1
R035875,1
R022614,0
R005425,3
R058476,0
R028409,0
R005182,0
R093427,0
R042897,0
R058860,0
R086602,0
R018348,1
R076482,0
R068520,1
R060030,1
R092590,0
R033844,0
R024909,0
R082331,1
R006672,3
R022877,3
R099985,0
R001988,0
R052890,2
R054566,3
R024999,3
R077274,2
R079143,3
R059122,0
R060949,2
R003985,0
R038717,0
R028943,1
R018281,2
R094524,1
R039638,2
R082655,0
R014240,0
R027247,1
R077490,2
R069115,3
R003144,2
R092301,2
R026757,2
R043877,3
R041387,0
R046862,0
R088427,1
R032083,2
R077211,0
R070575,0
R059502,0
R034535,2
R082934,0
R054414,0
R082711,3
R049921,3
R018698,0
R094792,0
R084201,1
R038667,2
R070807,0
R044446,0
R060472,2
R081493,0
R001768,2
R083288,3
R031477,3
R007853,0
R009061,1
R082834,0
R022999,1
R049191,3
R082646,3
R052688,0
R011976,2
R041034,3
R066979,1
R038896,1
R051662,0
R060995,0
R034153,0
R017993,1
R091329,0
R021608,1
R020841,0
R096520,0
R037793,2
R063903,1
R019547,1
R086606,0
R022007,3
R004660,3
R027381,0
R047026,0
R091447,0
R035597,0
R067693,1
R084291,0
R038123,0
R055719,2
R076734,1
R052632,1
R068135,0
R039192,0
R016939,0
R070138,0
R084376,2
R062628,0
R053037,3
R081812,3
R007391,2
R021868,1
R095861,2
R076138,1
R095027,2
R004078,1
R068795,0
R047674,2
R004882,3
R050757,1
R061385,0
R087818,3
R089754,2
R027997,0
R080638,2
R039705,0
R066630,1
R096567,2
R081675,2
R009403,1
R069179,2
R038451,0
R032975,0
R014287,0
R088680,0
R061569,2
R042448,0
R031329,0
R096159,2
R012613,3
R058622,1
R094860,2
R068580,0
R093813,0
R061090,0
R077139,2
R097634,0
R014470,0
R027401,2
R021948,0
R024880,0
R020333,0
R056300,0
R057453,3
R035221,0
R011238,0
R015259,0
R017205,0
R069076,0
R081082,1
R047379,3
R072009,2
R038626,1
R039184,1
R030118,2
R013306,0
R011325,1
R049801,2
R093155,0
R070595,1
R007730,0
R014814,0
R034435,1
R003290,2
R032130,0
R075326,3
R087618,3
R076484,2
R021681,0
R082603,0
R043815,3
R069368,2
R088405,0
R002854,2
R004814,2
R031858,0
R048304,0
R061900,0
R075888,0
R022709,0
R039740,3
R090271,0
R086899,2
R003593,0
R012816,0
R050130,1
R014401,3
R063747,3
R089387,3
R010833,0
R077849,0
R084698,0
R000884,1
R089612,3
R013668,1
R013539,2
R055548,0
R023888,3
R018213,2
R014370,1
R076211,1
R013564,1
R050898,0
R068556,2
R082503,2
R055281,2
R014527,1
R025625,0
R059996,1
R020941,3
R068264,0
R018582,0
R010286,0
R077202,3
R054745,3
R083686,0
R010491,1
R083401,3
R056231,1
R016437,1
R038010,0
R009962,3
R053939,2
R087714,1
R039791,0
R056412,0
R093579,2
R078322,2
R006444,0
R086837,0
R036873,0
R066781,3
R012711,1
R072906,0
R098746,0
R086301,0
R033821,3
R007290,1
R082201,2
R079511,0
R045047,1
R088744,1
R018373,0
R003838,0
R095029,3
R092394,2
R099311,2
R011821,1
R001079,3
R092415,0
R082782,0
R052382,2
R022134,3
R010169,2
R082534,0
R080516,2
R073618,3
R064582,3
R021942,2
R055769,0
R043192,2
R036953,1
R008811,2
R091286,0
R054373,3
R022750,1
R080322,0
R015204,0
R021806,0
R053633,0
R089056,0
R088730,0
R096411,3
R060796,1
R082718,0
R071359,1
R039392,0
R044788,0
R088814,1
R095677,1
R047140,1
R043033,2
R009149,1
R041720,0
R034194,1
R001188,1
R048523,0
R087257,0
R061803,0
R057398,0
R033481,3
R017380,0
R088898,0
R090867,3
R077773,0
R018108,3
R076284,1
R034826,2
R072978,0
R068618,3
R015231,3
R017582,0
R010984,1
R054233,3
R040220,1
R065362,2
R002321,0
R043623,2
R013035,3
R062720,0
R088583,1
R012170,0
R053494,0
R071535,0
R054324,0
R089281,0
R085091,3
R087010,0
R014487,0
R027883,1
R005974,0
R096539,2
R072851,2
R090152,2
R018504,1
R052802,2
R098843,1
R001932,0
R077119,2
R060377,3
R043523,3
R087320,1
R043267,3
R068859,2
R070681,3
R015578,2
R050888,3
R029578,0
R098595,3
R051492,1
R058243,1
R019960,1
R027931,0
R028639,1
R095661,3
R067360,3
R050618,0
R039816,1
R030991,0
R014957,1
R095056,1
R071179,1
R011827,0
R031574,3
R043937,1
R013965,3
R054572,0
R083062,0
R049737,1
R045194,1
R045299,2
R092925,3
R033815,0
R032472,0
R016367,2
R056705,2
R055171,3
R073580,0
R090143,0
R049993,2
R048623,0
R065430,3
R073817,1
R044224,3
R036004,1
R038493,1
R055546,1
R072341,0
R056858,1
R043598,0
R077041,0
R075220,0
R073545,3
R061612,1
R027399,1
R066743,3
R059549,0
R027641,0
R012147,1
R042315,1
R097796,1
R085523,2
R080783,1
R069942,1
R074522,0
R038859,1
R038898,1
R082908,0
R094072,0
R056048,0
R076164,0
R057397,0
R081375,2
R007077,1
R089914,0
R089816,1
R048595,0
R008029,2
R007436,0
R064305,3
R000357,0
R014848,1
R081958,3
R008723,1
R058005,2
R032537,1
R099954,2
R088001,3
R040332,1
R091682,2
R079840,0
R036746,3
R034174,1
R006037,3
R093180,0
R044317,2
R096365,0
R059746,3
R001525,0
R050622,0
R041239,0
R071576,2
R029638,2
R060653,0
R049745,0
R083844,0
R067486,0
R072766,0
R063414,0
R002930,3
R005174,0
R044742,0
R019722,1
R075229,0
R002525,1
R036037,1
R082373,0
R062851,1
R063729,1
R051029,0
R092576,1
R004765,1
R035175,1
R004628,1
R021730,0
R090086,1
R068164,0
R099451,0
R096591,2
R071519,2
R082061,0
R015028,2
R035283,2
R085751,3
R019200,0
R052467,0
R006290,0
R042112,1
R005893,0
R097221,3
R038289,1
R047232,2
R028803,2
R025648,0
R092338,1
R031509,1
R055071,2
R039987,3
R021128,0
R029201,1
R025525,0
R020068,0
R043133,2
R077799,1
R036371,0
R079672,0
R077594,1
R023337,2
R036755,3
R038524,0
R041746,0
R087792,0
R050981,0
R066437,2
R050878,0
R044845,0
R006688,0
R049748,1
R001126,2
R080466,0
R093651,0
R045555,0
R000468,3
R037764,3
R000925,3
R091430,3
R006257,0
R043229,2
R058606,0
R016000,1
R086794,1
R087356,0
R051571,3
R046590,3
R032959,2
R047322,0
R027810,1
R005366,2
R021250,1
R058239,0
R033144,2
R077780,0
R087136,0
R018884,0
R049855,0
R056806,1
R001808,0
R089694,2
R060362,0
R072848,1
R050301,1
R063860,0
R024383,0
R029881,3
R081274,1
R016945,0
R058677,3
R002002,3
R074271,0
R021369,2
R022724,1
R084087,1
R036380,0
R064257,0
R052228,2
R073640,0
R070869,0
R079305,0
R078730,1
R041605,0
R047256,0
R014485,0
R033362,1
R081165,2
R010621,2
R089619,0
R054575,0
R035647,1
R039572,0
R080344,1
R081679,1
R019946,0
R082380,1
R005093,0
R011492,1
R041760,0
R089887,2
R089483,3
R040825,0
R069511,0
R066549,3
R064704,1
R046734,2
R082820,0
R085243,1
R050404,1
R059190,0
R041435,1
R021498,0
R073048,0
R069814,3
R034465,2
R030297,0
R024502,2
R082021,3
R070384,2
R028583,0
R003401,0
R046320,1
R007331,0
R039475,1
R017008,2
R008620,1
R062538,1
R010216,3
R015817,2
R040030,2
R051797,0
R035355,1
R077711,0
R042868,1
R044928,1
R009777,2
R070597,3
R036044,0
R075666,0
R085591,0
R011120,0
R010656,0
R006346,1
R086020,0
R036047,2
R017203,3
R057790,3
R056845,2
R088468,0
R088709,1
R092976,1
R027953,2
R028460,1
R050504,0
R016688,1
R072982,2
R005139,2
R016340,1
R009790,0
R098262,3
R032351,3
R079861,2
R011091,3
R095721,1
R028075,1
R005611,1
R099320,2
R029551,0
R063438,1
R051751,1
R041916,2
R033556,0
R046290,3
R043556,3
R001947,0
R011484,1
R023548,1
R069640,0
R041358,1
R097094,0
R021573,1
R084862,2
R056810,2
R030686,0
R001189,1
R063620,2
R032635,2
R049195,1
R027197,0
R022625,2
R074540,3
R089950,0
R024793,2
R013735,2
R089935,3
R085726,3
R091774,1
R086706,3
R056647,1
R090364,2
R052401,0
R091167,3
R090303,2
R073595,3
R025122,0
R084465,0
R041476,0
R048060,0
R053127,3
R005951,3
R057368,3
R023462,1
R067415,0
R043653,0
R052077,3
R056726,3
R076344,0
R040155,2
R074686,1
R035468,2
R089833,0
R078775,0
R047742,3
R038706,0
R078508,2
R033997,3
R019670,1
R053130,1
R034061,2
R024145,2
R068942,0
R009240,3
R029680,0
R021069,1
R005867,0
R087084,1
R027360,0
R003955,0
R079047,1
R043462,2
R029267,2
R053756,0
R075866,3
R003963,2
R073220,0
R006043,2
R024119,0
R067685,3
R040371,1
R058889,0
R018359,0
R043383,1
R086374,2
R072233,0
R093355,0
R065824,1
R037310,0
R076778,0
R022526,2
R090719,0
R012286,1
R009625,1
R054676,3
R087207,2
R055399,0
R031712,2
R086797,3
R003651,1
R047237,3
R014237,0
R035949,1
R027251,0
R089769,2
R089254,1
R012822,0
R017750,1
R030939,0
R090237,0
R067112,3
R046279,0
R080314,1
R023066,0
R090224,0
R069331,0
R034787,0
R060786,3
R079366,2
R055419,3
R027733,3
R098530,1
R007461,0
R050572,0
R025572,0
R047175,0
R096964,0
R041784,0
R084972,0
R039666,1
R073546,1
R026433,0
R022763,0
R081198,2
R020886,0
R077460,0
R094166,0
R005501,0
R025910,0
R073856,1
R084786,0
R087627,2
R069842,0
R042810,0
R073650,3
R004901,1
R090583,0
R002627,0
R001030,0
R018403,0
R093826,0
R047620,2
R069712,0
R005633,0
R043964,0
R029656,2
R035517,1
R018287,2
R072965,0
R003141,2
R065066,0
R034176,3
R002465,0
R045665,0
R089438,3
R096111,1
R085745,1
R091632,1
R044903,0
R041004,1
R075812,3
R073988,1
R018869,2
R031739,0
R064463,0
R008812,0
R086304,1
R034890,2
R061773,0
R001117,1
R024122,0
R006874,0
R090278,3
R052573,0
R092357,0
R007055,0
R093545,0
R029165,3
R030767,3
R075584,2
R031302,1
R066307,2
R052180,2
R023222,1
R066751,3
R080581,1
R042398,0
R038080,2
R064300,0
R013081,3
R088272,0
R094793,1
R007967,0
R088475,2
R055216,0
R000856,1
R099064,3
R013891,3
R015261,0
R057572,2
R062747,0
R095303,2
R030061,2
R057244,2
R094437,3
R079556,0
R004583,1
R019051,3
R056764,3
R049873,2
R051176,1
R088575,0
R044680,3
R021298,1
R051241,3
R085272,0
R038618,0
R003279,1
R013129,0
R087375,0
R044215,0
R031248,1
R079368,1
R049043,1
R074589,2
R090381,0
R028530,1
R035098,0
R050356,3
R035362,1
R041947,3
R091065,0
R008884,0
R080497,1
R020592,2
R028735,2
R007398,0
R075336,2
R033999,3
R070562,1
R028323,3
R041427,1
R097407,2
R049424,0
R083491,1
R074151,0
R049815,0
R034513,0
R043663,0
R022740,1
R017983,2
R025425,1
R046802,1
R006163,0
R031855,0
R069217,0
R029305,1
R075362,3
R048949,1
R038122,2
R030094,3
R015011,0
R064279,0
R046139,3
R093613,0
R026554,3
R030796,1
R001873,0
R096431,1
R068938,1
R016537,0
R031077,2
R099380,0
R062553,3
R086769,1
R062924,0
R005234,2
R025274,3
R080170,3
R079013,0
R038629,0
R021212,0
R004804,3
R042340,0
R094661,1
R035473,0
R025233,0
R086085,1
R068433,1
R093598,0
R048368,0
R080894,0
R045687,0
R053899,0
R072057,0
R070775,0
R082071,0
R045872,0
R058981,1
R038334,2
R051030,1
R052989,1
R093725,2
R007976,1
R008210,1
R042791,0
R012435,0
R098774,1
R048242,0
R048656,2
R063665,0
R009371,1
R007237,0
R048226,0
R081349,0
R000436,2
R097643,0
R018079,0
R035146,3
R051791,0
R077872,0
R062198,1
R002469,0
R055710,3
R028959,0
R002257,0
R089414,3
R018569,0
R034168,1
R004717,3
R057542,1
R026272,3
R098022,3
R062795,0
R038078,0
R050249,3
R011587,3
R072599,3
R033194,2
R098216,2
R080706,1
R044543,3
R043798,1
R022415,3
R065542,0
R099321,0
R056558,3
R010244,0
R096718,0
R099181,0
R076320,1
R027170,3
R069547,0
R023902,3
R050582,1
R013821,1
R013697,2
R014632,0
R044757,0
R027556,0
R017494,0
R087339,2
R075391,3
R031899,3
R026996,2
R098305,2
R077420,1
R025357,0
R003475,0
R046735,1
R064770,2
R061882,1
R086022,2
R067709,0
R033299,1
R048479,0
R039582,1
R017837,0
R059722,1
R050088,3
R038435,0
R003572,2
R052311,0
R016645,2
R088057,0
R066591,0
R060119,0
R000121,1
R083953,0
R000282,3
R015865,0
R028905,0
R016535,3
R020223,0
R009852,1
R000053,1
R069342,3
R045845,2
R044383,1
R028684,0
R099930,0
R075753,0
R037349,2
R015040,2
R055789,1
R085672,0
R071117,0
R061222,1
R092716,1
R087743,3
R068785,0
R004443,3
R071038,0
R086640,0
R018487,1
R021442,0
R062204,0
R037409,1
R059237,1
R074020,2
R056305,3
R083395,0
R067073,2
R070550,1
R072882,0
R031883,0
R037570,0
R072087,0
R073616,3
R068609,0
R050120,2
R076858,0
R088674,2
R086293,0
R089092,0
R046962,3
R083140,0
R036089,1
R090071,0
R081087,1
R088322,2
R064692,0
R069877,0
R075147,0
R072837,3
R000156,3
R088810,0
R055572,2
R002708,1
R047302,3
R059135,0
R023674,1
R050686,3
R087057,3
R077747,3
R043042,0
R038378,0
R080682,0
R038563,0
R067679,3
R066465,0
R025562,2
R060043,2
R011460,0
R094728,3
R046459,3
R024817,1
R047845,3
R008963,3
R031141,0
R010571,2
R028285,0
R058648,0
R042807,0
R050207,2
R031890,1
R005849,0
R032627,3
R042150,2
R020541,2
R025728,1
R051879,0
R076203,2
R014012,1
R053859,0
R011872,1
R026574,0
R014965,3
R009710,1
R066117,3
R004623,1
R041707,1
R082221,0
R052070,0
R011141,2
R032590,3
R015326,0
R029211,0
R081161,2
R011659,2
R063340,3
R020916,2
R053553,1
R038681,0
R099728,1
R015127,1
R000165,2
R031686,0
R051288,0
R057122,1
R059698,0
R069548,1
R037268,0
R051329,0
R056433,0
R085279,1
R003421,0
R002888,1
R026424,3
R054156,0
R036871,0
R099323,0
R071195,1
R046524,0
R094143,0
R062257,1
R034561,3
R048412,2
R080132,2
R002302,0
R080878,0
R079731,0
R010291,2
R033723,1
R077144,2
R065919,3
R003978,2
R027845,1
R043295,0
R009650,3
R058975,2
R089504,0
R019019,2
R025254,1
R049945,0
R090964,0
R061449,0
R036338,1
R005214,0
R013080,3
R031128,0
R066218,1
R097320,1
R053518,1
R049631,0
R052379,0
R067237,0
R006774,0
R097101,1
R083731,0
R040829,2
R039277,0
R070569,0
R044705,0
R004763,0
R085356,3
R081408,3
R031682,0
R006694,1
R090626,1
R094799,0
R098147,0
R096310,2
R000323,0
R046523,0
R076285,0
R015744,0
R081674,0
R007559,3
R042776,0
R075570,3
R004142,3
R099267,0
R074472,0
R054974,0
R025815,3
R028167,2
R075758,2
R090356,0
R033104,0
R011269,0
R085137,1
R017809,3
R058204,0
R037308,3
R050240,3
R057939,2
R078479,1
R051163,2
R075413,0
R033550,3
R065593,3
R062045,0
R072532,3
R071122,3
R020522,3
R076176,2
R084585,1
R073249,0
R038470,0
R053854,1
R037105,0
R038994,3
R038806,3
R010923,3
R026100,0
R040392,1
R089966,0
R014539,1
R041632,1
R000597,3
R022531,0
R073232,3
R040850,1
R044929,0
R004451,1
R044428,0
R074136,0
R064694,0
R016308,0
R007357,2
R047354,0
R081106,0
R075432,1
R041651,0
R008534,1
R017255,0
R056870,3
R019504,1
R068322,3
R078185,0
R068850,2
R025023,0
R042639,0
R026585,0
R082262,0
R088101,0
R002400,1
R027852,3
R089669,0
R032336,1
R095808,3
R083884,0
R098770,2
R055015,3
R061672,0
R048583,0
R095238,0
R006228,1
R003051,1
R049919,2
R086781,0
R016422,3
R094503,2
R021579,2
R084005,0
R062788,3
R097797,0
R031034,0
R071784,0
R007064,3
R053881,2
R084752,2
R036536,0
R068714,1
R050825,2
R073615,2
R096300,3
R056891,1
R091509,2
R025685,2
R050883,2
R033538,0
R051894,0
R079847,1
R002134,1
R017081,0
R066305,0
R007178,0
R006862,0
R004016,1
R062347,0
R035330,3
R095148,1
R073312,3
R059775,0
R010882,0
R069392,0
R029994,2
R041732,0
R091860,1
R030793,0
R001748,1
R052756,0
R082219,0
R068523,3
R011797,0
R051778,0
R048897,0
R093258,0
R052440,3
R091255,0
R046003,1
R000660,1
R019570,2
R012044,1
R080799,0
R067424,1
R016013,0
R000908,1
R078426,0
R076137,3
R090295,3
R076805,2
R050950,0
R010786,0
R089352,3
R080555,1
R048685,2
R002269,1
R082917,0
R096858,1
R002642,1
R083722,1
R021611,0
R055938,1
R017070,0
R045575,1
R093583,2
R088653,0
R081879,0
R065872,0
R048387,0
R062042,2
R033806,3
R007256,1
R030086,2
R067778,0
R043272,1
R095788,0
R039329,1
R058728,0
R026890,1
R057061,3
R096478,0
R009072,2
R031267,2
R072077,1
R073517,1
R092993,0
R014917,2
R047099,3
R054761,0
R084947,2
R084702,0
R079996,0
R045083,2
R001338,0
R063728,0
R015411,1
R054477,3
R078098,3
R067828,1
R043585,0
R029628,1
R015749,0
R093652,3
R041616,2
R004278,2
R096581,1
R076962,0
R032961,2
R009400,0
R097734,0
R092668,0
R054888,0
R030633,0
R081522,0
R024004,3
R050375,0
R086967,0
R081388,3
R008367,0
R064512,1
R086213,3
R095759,1
R068288,0
R068665,2
R083640,0
R062914,1
R095416,0
R010702,2
R010773,0
R035267,0
R097902,0
R081736,0
R010142,0
R020064,0
R077142,1
R066489,1
R006542,3
R052681,0
R065481,0
R018800,0
R052234,1
R039348,0
R078308,2
R087086,0
R038798,2
R064714,1
R023007,1
R072903,1
R092474,0
R046190,1
R002980,1
R065547,0
R088211,2
R092528,0
R059290,1
R091604,3
R077215,2
R026878,3
R036226,0
R032283,1
R078788,1
R046040,2
R061043,1
R036475,0
R073205,2
R003973,3
R087223,1
R064018,3
R075300,0
R005644,1
R043681,0
R024328,2
R078721,3
R007971,0
R055580,0
R057242,0
R035920,3
R026364,0
R008121,3
R010205,2
R071955,3
R066656,1
R010390,0
R087819,1
R042092,0
R020302,1
R056148,2
R060958,1
R074115,0
R014064,0
R088685,3
R000863,0
R078858,2
R005736,1
R078124,0
R031746,1
R083755,1
R032373,0
R064252,1
R007370,0
R099185,0
R098606,1
R062439,0
R024852,0
R040073,0
R003775,2
R036118,0
R091778,0
R096727,0
R006731,1
R036663,0
R020726,1
R095289,1
R022249,0
R004507,1
R081670,0
R012251,1
R005964,0
R035261,1
R088270,1
R058445,0
R006030,0
R070321,0
R066145,0
R024698,3
R002288,1
R076283,3
R043058,3
R062529,1
R019174,2
R039761,1
R070979,1
R060926,0
R008387,0
R051866,0
R037650,1
R007036,0
R088450,1
R059359,3
R087471,0
R032112,0
R084198,0
R044458,2
R000399,1
R080718,0
R052656,0
R070405,0
R055907,0
R079793,3
R076242,0
R011440,1
R097630,1
R055544,1
R092737,2
R096802,0
R015086,0
R056657,0
R072800,1
R052680,3
R031535,1
R041451,1
R076373,2
R048381,0
R010425,1
R099010,0
R008602,0
R043514,0
R079662,1
R095523,0
R065131,2
R014129,2
R060371,0
R012539,2
R091634,1
R027056,1
R065032,0
R021504,1
R037373,0
R058295,2
R067898,2
R062057,0
R022186,0
R082590,0
R053038,0
R027771,2
R075109,3
R029701,1
R008769,1
R097536,0
R066608,0
R022868,1
R087872,0
R095985,0
R075879,0
R097756,1
R084095,3
R011943,0
R062709,0
R037460,2
R043217,0
R072700,1
R074728,0
R086178,0
R060839,0
R004182,0
R013765,1
R071444,0
R049271,0
R006252,0
R061145,0
R067918,3
R004141,1
R017097,0
R086499,3
R001232,0
R076845,0
R022805,2
R019277,2
R088183,1
R001621,1
R045302,0
R039215,1
R042179,0
R014882,0
R077233,1
R098699,3
R016631,0
R004725,0
R085336,0
R059857,0
R011431,2
R022206,0
R015281,1
R025500,0
R003641,1
R034311,1
R069564,3
R035299,0
R025770,0
R026925,0
R018103,2
R036419,0
R026355,0
R006531,2
R043357,0
R071569,3
R016226,1
R046551,2
R097560,0
R029873,1
R082315,0
R020967,0
R098848,1
R098486,1
R055908,0
R076011,0
R052291,0
R047180,0
R073832,0
R038367,0
R033073,2
R064454,1
R068428,3
R037172,2
R029501,0
R083142,1
R088494,3
R063876,0
R017861,2
R090408,0
R021188,0
R046394,1
R060344,1
R078722,2
R090855,3
R030534,1
R092031,0
R027282,0
R057696,0
R047355,0
R057566,2
R040913,0
R023973,3
R098784,3
R055436,2
R010405,3
R042670,1
R075823,3
R055648,1
R021561,3
R018118,3
R094488,1
R043928,3
R018867,0
R009830,0
R082717,0
R080922,2
R018596,1
R025342,3
R059249,0
R058442,0
R022687,0
R058736,2
R063318,0
R040237,0
R038391,0
R057156,1
R064728,1
R092514,1
R056205,0
R089903,0
R055469,3
R093875,2
R003598,1
R058852,0
R090827,0
R040065,3
R023885,0
R064850,0
R019065,2
R060181,1
R018057,3
R002413,0
R097016,0
R018955,2
R056601,0
R008165,3
R023151,0
R037149,0
R044798,2
R001723,2
R092081,2
R095157,2
R069555,1
R033820,1
R058616,1
R014614,1
R067599,3
R014427,0
R079268,0
R027213,0
R058965,0
R004605,2
R072490,3
R086021,0
R098889,0
R017563,0
R040210,2
R073338,2
R097514,0
R063730,2
R049904,0
R015821,0
R049794,2
R030620,0
R049135,1
R030626,3
R022527,3
R067726,0
R034227,0
R091879,1
R005025,1
R006486,1
R003987,1
R004637,3
R013808,0
R077441,2
R067440,0
R066788,0
R075482,0
R059926,2
R039380,1
R055425,0
R067001,2
R019302,3
R027775,0
R081446,3
R007108,0
R042710,3
R040169,0
R041717,0
R079605,1
R012704,2
R055395,1
R051103,3
R030229,1
R074824,0
R010546,0
R000671,1
R031961,0
R020618,1
R050894,1
R040478,3
R039043,0
R041031,2
R074794,3
R002998,0
R082584,0
R086357,0
R044146,0
R015911,1
R016869,0
R099184,0
R017633,0
R044080,0
R085278,0
R005697,0
R080679,2
R020822,0
R024066,0
R074066,1
R014266,1
R039652,0
R072295,2
R008783,1
R037343,0
R065841,3
R061681,1
R083810,3
R075020,0
R090890,0
R058768,1
R008718,0
R099502,1
R008670,0
R067141,0
R094822,3
R035255,3
R066021,2
R041484,0
R083447,0
R025059,0
R082437,1
R062935,1
R037715,0
R082616,3
R034053,0
R074156,1
R013416,0
R056901,0
R036172,0
R090570,1
R047913,1
R011026,1
R079935,1
R014766,0
R053176,0
R033166,2
R009675,1
R048496,0
R005791,1
R093432,2
R026893,0
R037214,0
R010828,0
R034672,2
R098028,0
R018589,2
R073159,3
R053579,0
R087781,2
R044160,1
R019721,0
R049105,2
R063323,0
R055284,3
R068888,0
R095581,1
R098479,2
R057240,1
R090254,1
R022613,0
R020199,1
R084616,1
R035051,1
R033055,3
R063307,1
R042115,1
R080711,1
R031307,0
R028815,3
R021418,1
R069000,0
R045381,0
R084430,0
R022537,3
R018234,0
R064612,0
R030757,3
R013660,3
R038153,0
R051813,1
R022031,0
R004687,0
R053227,0
R058405,1
R088497,1
R073754,1
R063024,3
R005969,0
R084983,1
R024874,0
R055077,2
R050472,0
R049359,2
R050520,1
R068713,1
R033183,1
R039804,1
R013877,0
R003964,1
R062321,1
R040985,0
R091455,0
R001485,0
R087766,3
R050335,0
R010982,0
R031861,0
R033716,1
R084444,3
R028129,0
R063856,1
R025589,0
R015856,1
R061679,0
R020030,1
R043045,1
R064107,1
R085906,0
R018738,3
R022199,0
R090316,1
R046819,3
R019445,0
R063686,2
R020065,1
R067367,3
R068143,3
R057969,3
R070624,0
R087373,1
R040322,2
R099238,0
R011230,3
R041513,1
R081187,1
R040920,0
R091890,0
R021064,0
R008720,3
R069718,2
R090912,1
R039822,1
R096066,2
R058074,3
R084660,0
R025439,3
R026413,0
R037713,0
R028510,0
R024057,2
R012098,1
R042967,1
R006666,0
R033612,2
R072263,0
R044334,1
R032709,2
R070897,1
R069973,0
R045801,2
R074616,3
R049574,0
R035436,1
R017529,1
R004202,0
R009090,1
R096808,1
R041762,0
R081373,0
R094590,3
R058475,0
R030449,0
R066089,0
R002378,0
R078326,0
R043026,1
R036506,0
R050656,1
R061064,1
R026244,1
R000873,0
R081051,0
R051437,1
R018564,3
R027780,1
R017527,2
R016370,3
R085057,2
R076089,0
R031213,3
R010068,2
R019878,1
R096381,1
R076771,1
R070585,1
R003511,0
R059280,0
R084995,0
R007626,1
R092375,0
R055731,2
R067062,2
R085962,0
R014392,3
R089581,1
R010321,3
R001480,0
R006985,2
R052290,0
R048351,0
R036253,0
R047968,0
R005006,0
R023523,0
R045158,0
R088664,2
R035296,0
R098111,0
R093129,0
R010157,3
R048228,1
R006038,1
R064752,0
R021963,2
R057342,0
R064341,0
R059515,2
R095235,0
R058145,0
R048224,1
R092868,0
R081377,2
R053617,2
R081708,3
R017150,0
R072712,3
R060950,0
R070640,0
R062014,1
R030666,0
R078245,0
R046768,0
R033636,1
R074337,1
R092704,0
R056746,0
R064349,3
R047957,1
R056509,0
R016153,0
R066946,1
R007367,1
R071202,1
R043884,0
R001805,1
R017283,0
R014477,1
R097766,0
R071066,3
R028879,0
R094274,1
R004276,1
R003555,3
R071921,1
R009744,3
R017219,0
R049837,0
R081024,0
R027329,3
R093411,0
R046370,1
R023597,0
R086041,1
R033714,0
R002363,0
R009012,0
R056540,0
R016911,2
R085460,3
R097960,2
R072509,3
R015368,0
R044011,1
R014895,0
R042129,0
R020747,1
R074823,2
R053926,0
R016865,2
R051080,3
R053795,3
R057781,0
R011149,3
R087941,0
R055835,1
R085946,2
R025573,0
R061245,0
R004308,3
R048432,1
R026907,0
R080431,0
R063348,3
R030317,1
R000698,1
R024426,0
R060464,1
R055945,1
R038753,0
R095229,2
R065835,1
R081506,2
R036687,3
R044590,2
R038669,1
R041689,0
R099695,0
R020978,1
R037205,0
R037388,0
R056221,0
R097200,0
R053166,2
R002539,3
R052914,3
R048529,2
R054120,1
R004416,0
R061645,0
R014247,0
R056055,1
R024707,0
R030021,0
R066268,0
R032092,2
R074350,1
R066208,0
R080334,2
R067114,0
R048392,2
R030203,2
R052513,0
R093547,1
R027350,2
R088747,1
R060325,3
R061716,2
R070567,0
R091519,2
R008005,3
R094052,3
R001429,0
R071182,0
R037326,1
R086495,0
R046086,1
R022706,0
R094910,1
R042469,0
R018940,3
R067961,2
R005861,2
R086324,0
R075967,0
R004134,1
R000545,0
R056203,0
R095739,3
R090290,2
R008162,0
R061176,1
R037582,0
R020567,3
R073286,0
R008461,3
R085147,0
R062305,0
R087361,2
R034706,0
R045041,0
R099885,3
R010726,2
R027410,0
R025109,1
R051909,2
R014503,0
R075137,1
R092069,2
R071500,2
R007659,1
R039958,3
R012655,0
R035580,3
R086086,0
R043991,0
R086305,0
R021922,3
R069311,3
R000462,0
R062325,1
R080092,0
R073598,1
R034563,0
R037843,0
R060970,0
R057722,0
R051231,1
R012986,0
R074498,0
R024660,3
R036034,3
R016582,3
R036178,0
R082637,3
R084369,0
R077995,0
R039848,1
R003801,0
R075974,1
R094754,0
R086356,3
R052955,1
R003441,1
R017212,0
R002374,1
R054495,0
R090503,2
R061928,3
R031239,0
R093257,1
R047024,3
R074667,0
R025988,0
R081018,0
R010427,2
R063682,0
R082738,2
R034996,1
R034093,0
R095694,0
R033763,0
R030596,3
R008749,1
R084683,0
R003674,1
R092128,3
R006074,0
R044572,0
R033798,1
R047540,0
R056628,3
R010541,3
R008135,0
R097456,0
R068084,1
R014969,3
R078813,0
R017399,0
R014403,1
R082949,0
R049016,0
R089894,0
R071247,3
R018711,1
R095913,0
R052603,3
R032575,1
R051445,0
R048853,1
R091324,0
R013178,2
R099887,1
R000271,0
R051050,1
R050721,1
R025324,1
R020848,0
R035860,1
R027533,1
R074889,2
R076847,0
R047487,3
R092052,0
R013796,0
R005937,3
R038138,0
R021185,1
R037275,3
R060953,0
R005859,1
R075774,1
R089809,1
R033324,0
R092326,1
R007806,0
R082024,0
R094735,2
R041646,3
R094233,1
R087024,0
R003675,0
R065744,1
R002463,0
R070210,0
R076239,0
R098288,0
R064053,0
R079242,1
R096455,0
R056736,0
R054380,1
R052986,1
R040300,2
R025523,1
R022881,0
R006532,0
R047521,0
R096200,0
R042903,2
R016569,1
R088501,0
R056489,1
R038257,0
R089508,1
R043881,1
R056759,0
R042891,1
R078844,1
R015861,0
R064068,0
R033313,2
R017937,1
R070341,0
R075841,0
R069167,0
R023938,2
R022799,2
R013627,0
R083407,1
R032559,0
R072539,0
R040428,0
R012712,2
R001342,0
R081696,1
R035339,0
R073566,0
R063923,3
R036657,1
R051940,0
R067564,0
R072691,3
R073038,2
R094024,0
R025574,0
R059616,0
R009963,0
R044565,0
R033893,2
R094184,0
R065989,0
R065242,1
R025996,0
R073435,2
R077148,3
R024972,0
R090532,0
R056573,3
R079358,0
R094287,1
R022377,0
R062063,0
R031153,1
R070675,0
R026365,1
R048027,2
R055094,1
R077899,0
R042312,2
R063695,3
R004908,3
R075757,0
R024444,2
R059171,0
R045457,3
R034131,0
R092438,3
R021981,1
R082778,0
R015732,3
R003632,1
R014138,0
R032789,1
R004685,3
R012234,1
R052377,0
R002392,0
R074043,3
R073721,3
R012262,0
R059284,1
R007943,0
R081326,1
R038993,0
R031030,0
R058928,0
R003545,0
R048988,0
R089239,0
R051730,0
R068030,2
R072227,0
R095190,3
R003958,0
R081107,0
R048797,3
R040589,0
R090352,0
R001145,0
R074013,2
R020775,0
R025228,1
R046188,1
R058012,0
R029935,3
R032308,0
R090373,0
R075509,0
R019059,1
R072180,0
R069978,2
R075436,0
R036434,1
R022693,0
R076632,0
R002325,1
R071024,1
R079164,3
R019310,0
R075438,0
R050800,0
R015295,3
R060790,2
R046616,0
R071092,0
R098710,0
R023753,1
R073104,3
R058340,1
R016583,3
R016823,0
R016953,3
R066340,1
R049389,1
R051397,0
R092796,0
R054844,2
R089637,1
R092533,2
R060123,3
R001935,0
R043840,3
R061038,0
R067162,2
R079671,0
R063921,2
R075844,0
R098679,0
R071753,0
R039347,0
R007822,1
R004428,1
R036201,0
R067214,0
R009102,0
R026763,3
R028366,0
R027809,3
R082237,2
R011085,1
R009757,1
R019454,2
R024161,3
R039339,0
R053334,0
R053270,0
R069967,1
R028970,0
R069755,2
R070492,0
R086595,3
R058934,3
R096543,2
R063568,0
R043824,0
R095063,0
R008765,0
R052856,1
R014150,1
R055662,2
R086919,0
R070756,0
R001813,0
R068841,0
R094766,3
R061256,0
R099274,3
R033464,1
R093794,3
R061586,0
R063628,2
R085411,1
R099724,0
R023593,0
R080362,0
R001630,1
R091777,2
R028360,2
R019215,1
R039117,3
R081417,0
R058723,0
R084021,3
R043809,0
R030389,0
R028035,3
R027279,0
R073172,1
R001659,0
R050816,0
R076332,0
R014594,0
R070610,0
R020671,0
R064846,2
R012868,2
R063966,3
R053585,1
R097975,1
R007983,0
R024415,0
R013066,2
R010545,1
R041742,2
R044904,2
R003608,0
R077733,3
R029973,2
R002199,0
R051004,0
R079849,1
R087028,3
R025430,0
R030589,0
R073593,0
R074371,0
R097427,1
R058214,3
R054786,3
R038073,2
R011737,2
R008876,0
R053948,3
R040081,1
R009218,3
R016163,1
R006677,0
R059203,3
R038624,2
R059208,0
R047065,1
R085522,1
R064112,3
R019069,0
R059219,0
R008851,0
R004555,0
R003146,3
R053613,0
R043693,1
R030003,3
R046612,2
R096754,2
R096951,0
R059510,2
R008796,2
R039002,0
R055145,0
R035585,0
R019247,0
R048576,1
R038065,2
R010580,0
R095439,3
R020776,0
R097214,0
R000232,1
R058888,0
R027720,0
R052011,1
R046399,1
R005790,2
R084687,1
R002277,2
R098368,0
R097559,0
R084569,0
R000525,0
R058745,1
R098873,2
R098439,2
R041681,2
R028709,2
R039427,1
R010890,0
R083237,3
R062087,0
R014312,3
R095067,3
R080587,3
R030523,0
R084914,1
R075493,0
R060813,0
R083134,1
R032772,3
R073963,1
R023128,0
R028099,0
R046716,1
R089655,2
R002516,0
R011557,0
R018304,0
R079856,1
R062222,0
R098672,2
R008425,2
R037693,2
R024695,0
R007795,3
R065660,0
R097554,3
R092931,1
R032493,1
R098738,0
R079390,2
R004690,0
R049709,1
R059906,0
R002554,0
R036236,0
R082844,0
R024587,1
R003286,0
R048348,3
R079076,1
R032372,3
R033603,0
R081478,3
R039393,0
R008470,1
R009888,0
R024230,0
R006678,0
R035574,3
R081436,1
R028824,1
R076303,2
R089691,1
R030399,2
R087839,0
R060619,3
R095993,2
R080838,3
R046460,2
R003317,2
R030883,2
R046021,1
R015875,0
R001253,0
R044503,0
R067306,1
R041875,3
R044245,0
R019592,3
R013299,0
R041685,0
R065607,1
R003500,1
R045073,3
R017429,0
R003856,0
R005256,3
R051928,3
R048141,0
R085072,0
R064502,0
R002409,3
R015321,0
R048971,3
R087867,3
R001290,0
R012111,2
R049352,1
R091261,3
R068700,3
R054718,1
R085363,1
R018601,0
R095192,3
R078560,0
R038600,0
R005303,0
R032977,0
R029755,3
R030854,3
R090994,2
R024921,0
R014007,2
R096983,3
R010813,1
R084732,0
R022440,3
R082753,3
R060673,3
R036247,0
R089197,0
R067470,0
R012993,0
R080047,3
R068884,0
R074763,2
R052013,1
R000737,0
R013241,3
R079446,1
R038042,2
R034254,0
R022309,1
R026804,2
R091247,3
R064243,0
R038677,0
R094407,2
R034680,2
R055143,1
R022131,1
R032385,1
R076708,2
R015251,3
R005577,1
R039253,3
R025205,0
R070394,0
R081511,1
R087661,0
R012312,0
R018179,1
R039595,3
R001527,0
R020034,0
R034130,1
R007748,0
R062657,0
R028633,0
R004743,2
R083605,1
R031386,2
R054602,0
R069615,0
R046575,0
R091657,1
R096401,0
R071504,0
R009385,0
R080082,0
R017396,0
R045999,3
R032065,0
R066823,0
R054268,3
R004806,1
R078896,3
R030546,3
R064226,1
R033572,1
R049942,3
R071929,1
R044978,1
R081987,1
R012396,0
R052960,0
R088775,2
R051622,0
R050667,2
R067734,0
R032930,0
R021943,1
R045681,3
R020073,0
R034000,1
R034271,3
R026568,0
R021240,1
R057808,3
R055467,0
R084012,1
R088266,2
R035602,1
R056724,1
R069357,1
R080488,1
R000235,0
R069854,0
R076924,3
R072067,1
R096057,0
R067707,1
R051452,1
R077350,1
R041734,3
R095263,2
R022761,0
R032484,3
R083418,2
R037160,0
R031525,0
R004959,1
R038666,0
R051831,1
R080482,2
R073518,3
R052982,1
R014622,0
R058385,0
R002685,2
R012675,2
R077180,2
R081554,1
R058952,1
R060680,0
R095393,0
R099526,1
R071210,0
R040309,0
R088104,1
R063955,1
R078442,1
R095441,0
R088610,0
R037959,3
R095117,0
R062860,1
R055181,1
R098952,0
R081369,0
R055958,0
R032960,1
R053906,3
R043854,1
R062857,1
R090333,0
R056882,2
R045197,0
R035241,0
R043069,2
R066826,2
R096795,0
R036705,1
R074356,0
R057307,1
R046284,3
R021415,2
R033835,0
R066782,0
R028395,1
R063228,0
R065399,0
R070747,0
R044471,0
R038707,0
R076213,1
R003365,1
R089951,0
R081585,0
R087824,0
R065642,3
R072173,1
R041544,0
R033003,1
R031570,0
R037290,3
R060642,0
R003390,0
R037810,0
R095077,0
R052487,0
R013369,1
R037258,1
R034129,3
R063569,0
R010585,0
R061800,3
R027874,3
R012269,1
R036893,1
R009586,0
R097518,0
R066542,2
R001022,1
R068587,0
R012392,1
R082706,0
R060351,1
R019640,1
R083650,0
R095554,1
R042079,0
R092916,0
R074743,0
R038276,1
R036553,1
R070168,1
R034764,1
R006100,0
R096141,1
R078099,1
R054170,1
R005411,2
R052446,1
R034628,0
R086777,0
R053498,3
R009664,0
R010877,2
R001391,2
R007808,0
R081040,0
R087949,0
R009573,1
R060444,0
R049635,0
R066047,0
R028783,0
R022413,3
R072744,3
R005024,3
R096535,0
R066994,1
R051238,3
R088776,3
R065603,2
R076929,2
R018466,2
R010397,2
R050209,0
R096996,3
R003145,3
R023472,1
R085413,2
R012077,1
R019884,0
R091712,0
R006595,2
R015180,0
R027632,0
R027459,1
R023326,1
R079049,0
R037244,2
R079909,2
R057666,1
R029285,3
R068776,1
R089881,1
R079401,0
R068730,3
R024706,0
R054771,0
R032047,1
R043520,1
R077238,0
R006250,1
R085662,0
R005259,3
R091463,0
R044877,2
R084850,2
R082620,3
R043844,1
R072992,1
R044616,0
R008782,0
R011906,0
R056723,1
R032924,1
R066417,0
R096643,0
R016816,2
R067843,0
R018795,0
R083019,0
R060160,1
R092102,0
R092929,2
R050110,0
R023570,0
R074452,3
R047929,0
R098130,3
R009041,0
R096875,0
R062156,0
R036585,3
R005798,0
R000212,0
R018190,1
R094051,0
R001260,3
R062767,1
R093426,0
R061667,3
R046683,1
R053340,0
R018519,0
R082678,0
R047501,3
R091210,3
R014900,0
R062701,0
R066119,0
R038610,3
R011323,0
R036921,3
R019697,0
R039460,3
R031949,0
R023330,0
R049324,0
R074803,1
R091200,2
R039402,1
R059564,2
R062119,1
R050183,0
R023360,0
R008913,0
R062874,0
R001973,0
R058126,0
R041136,0
R008314,0
R032284,0
R037481,2
R067823,0
R038856,1
R064525,0
R032032,0
R096961,0
R093531,0
R036793,2
R043687,2
R067984,0
R004085,2
R041523,2
R005222,1
R088324,1
R047848,1
R061659,0
R084475,3
R046491,2
R002281,0
R099674,3
R038454,3
R001956,0
R014453,2
R062200,0
R006067,2
R057912,1
R003514,3
R006388,0
R073060,0
R023605,1
R091820,0
R000538,0
R008879,2
R006197,1
R030782,3
R072326,0
R035739,0
R068103,0
R009338,0
R042921,2
R032417,1
R017133,0
R086813,1
R052380,0
R037838,0
R051698,1
R042356,0
R022672,0
R069885,2
R072891,1
R017339,0
R061731,0
R028983,2
R010763,0
R041033,3
R092599,2
R066271,0
R088580,0
R014980,3
R049856,0
R077261,0
R026731,0
R051359,3
R038341,3
R008662,0
R002700,0
R069177,0
R021809,1
R038789,3
R009466,1
R041915,1
R050879,0
R017383,0
R073814,0
R014675,2
R088739,0
R003312,3
R058523,0
R020600,0
R043006,1
R038264,3
R000913,0
R002271,0
R095308,0
R022586,3
R000040,1
R096037,1
R029311,3
R063103,0
R008956,3
R028657,1
R009286,1
R003073,1
R034902,0
R003657,0
R068988,0
R078676,0
R046243,0
R016691,0
R089528,3
R047622,0
R071337,1
R022171,1
R066415,2
R070486,0
R045864,1
R016317,0
R091438,0
R095598,0
R082983,0
R020389,2
R021690,1
R003843,2
R005762,0
R057628,1
R001364,0
R014338,0
R083403,2
R042158,2
R021575,0
R003596,2
R001243,0
R061396,1
R034700,2
R003563,0
R036540,0
R059181,0
R037417,0
R046890,0
R086354,0
R008577,0
R056344,0
R002641,1
R071872,2
R023136,1
R070383,3
R053732,0
R036633,0
R018699,2
R070592,1
R084456,0
R094809,3
R032987,1
R010981,0
R054816,1
R089885,0
R020079,2
R018336,1
R012047,1
R091933,3
R020668,0
R091504,0
R003212,0
R086507,1
R082076,0
R050159,3
R075126,0
R052472,3
R013339,1
R076186,0
R030377,3
R029926,3
R097607,3
R085314,2
R026257,1
R028548,2
R047004,1
R065476,0
R057757,1
R041565,2
R062667,1
R062517,1
R008430,0
R080029,1
R018220,0
R075532,0
R064765,3
R092231,1
R017924,0
R073504,0
R086994,0
R053049,0
R054524,0
R075660,0
R026241,1
R039787,0
R050796,0
R009732,1
R042699,0
R048644,3
R015789,3
R086037,0
R025210,0
R064249,1
R051937,0
R069005,0
R066223,0
R091006,0
R042645,0
R001197,1
R043139,1
R001305,1
R029234,0
R082918,2
R031552,0
R017098,1
R051347,1
R019206,0
R063169,0
R022783,3
R089808,1
R015942,0
R055956,1
R045670,0
R013828,2
R001515,0
R016904,2
R047561,3
R057425,3
R046605,3
R049563,0
R005579,1
R011278,0
R095982,2
R070237,3
R056818,0
R053402,1
R028760,2
R081824,2
R034609,2
R027924,0
R054329,0
R035055,1
R003431,0
R049443,1
R088636,0
R093923,1
R058217,2
R003567,2
R022542,0
R040946,0
R070961,0
R059949,0
R064039,0
R011819,2
R077288,2
R027663,0
R015194,0
R048547,0
R056461,1
R054803,2
R057139,0
R082189,0
R036582,3
R017243,1
R033408,1
R088534,2
R005198,0
R052660,0
R069760,0
R031788,2
R088378,0
R034389,1
R087465,2
R059862,0
R094331,0
R074967,1
R034688,3
R017691,0
R076517,0
R097112,1
R015496,0
R079006,3
R005073,3
R090505,3
R050483,1
R067615,0
R042350,1
R015267,0
R068945,2
R014534,2
R084280,2
R032143,1
R057833,0
R027314,1
R027023,1
R038064,1
R037638,2
R040074,0
R055137,1
R087111,0
R087762,1
R053803,1
R062404,0
R065238,3
R051032,0
R016166,1
R043324,1
R035359,2
R018062,2
R086815,0
R082621,3
R098744,0
R052816,0
R038136,1
R069413,1
R055315,0
R096713,2
R093351,2
R053586,0
R074512,0
R065164,0
R014274,0
R021315,2
R090797,2
R027793,0
R055491,0
R017217,1
R028113,0
R091268,0
R045091,1
R083880,1
R063649,0
R035923,0
R097038,1
R033332,0
R017528,0
R076821,0
R016718,1
R034974,0
R010476,0
R065182,0
R015828,2
R058525,1
R079352,3
R095885,0
R001407,3
R029402,2
R045106,0
R033933,0
R084969,3
R024822,2
R089457,2
R091029,2
R093873,3
R010602,3
R053311,3
R081539,1
R007008,0
R070453,0
R088423,2
R001674,3
R067007,0
R078350,1
R029823,0
R068465,1
R037902,1
R054134,1
R011622,1
R091735,3
R016616,1
R018238,0
R071555,0
R061606,1
R000682,3
R030756,0
R012606,2
R096696,1
R027230,2
R086245,0
R008225,0
R019061,0
R048377,1
R054639,2
R064409,0
R034201,1
R008480,1
R068484,0
R008118,0
R062566,1
R004837,1
R031789,3
R025570,2
R075846,0
R001930,0
R091135,3
R016316,1
R066657,0
R099577,0
R072325,1
R048057,0
R079253,1
R005014,3
R096701,3
R044960,1
R074698,0
R093516,3
R067218,3
R095031,3
R067125,0
R055068,1
R073809,0
R050229,0
R070631,0
R023787,0
R056302,0
R011910,1
R022541,1
R008971,0
R057231,0
R072817,0
R055414,1
R003386,0
R016200,2
R047810,0
R039510,0
R079064,0
R048948,2
R089886,2
R071088,3
R020453,0
R037035,0
R083552,2
R011068,1
R050559,1
R055192,2
R055922,3
R029079,0
R041365,2
R013334,2
R086707,1
R068538,0
R044349,3
R023434,0
R021694,0
R060401,1
R048111,0
R083208,2
R007100,2
R060688,3
R085338,1
R049836,1
R030114,0
R050385,1
R021480,3
R024391,3
R078052,2
R093844,1
R025384,2
R037953,1
R022170,1
R050677,0
R037789,1
R034278,3
R051344,0
R093489,1
R088220,3
R087935,0
R046037,2
R023772,2
R087823,0
R086691,0
R060577,1
R066273,0
R000472,3
R005734,1
R008446,1
R053800,1
R039410,1
R084697,0
R027288,1
R051998,0
R049868,0
R076231,1
R008062,1
R085431,0
R063416,0
R034422,1
R049746,3
R038847,1
R072188,1
R036297,1
R077746,1
R042102,2
R018858,0
R049690,2
R099046,1
R093586,1
R063147,2
R075981,3
R009514,3
R003816,0
R038760,0
R045156,0
R015883,1
R093724,0
R046495,3
R000269,1
R028192,0
R013919,0
R079312,3
R044564,0
R055466,1
R080985,1
R022088,1
R014553,3
R080715,3
R079985,3
R063866,3
R090683,3
R000286,1
R038561,0
R027141,1
R073528,0
R093713,2
R031629,0
R050631,0
R063296,0
R042200,3
R081962,0
R007627,3
R042194,1
R007262,2
R087646,0
R062220,3
R030273,1
R096681,0
R086422,0
R001712,2
R004588,0
R026323,1
R085481,1
R060850,1
R099713,3
R088401,1
R050254,1
R072722,0
R028165,2
R064151,3
R037964,2
R057544,0
R038737,1
R082723,3
R063016,2
R032726,0
R010198,1
R039695,1
R093469,2
R069924,3
R002812,1
R028386,0
R057882,0
R079451,0
R089721,1
R036686,3
R015801,3
R063212,2
R070749,0
R077676,3
R055388,0
R010752,0
R008079,0
R089448,1
R039743,1
R001422,2
R017302,0
R034107,1
R030022,0
R097233,0
R065355,0
R096497,2
R063808,0
R058189,0
R096787,1
R060745,3
R077568,0
R084726,0
R015458,0
R005133,0
R037467,0
R030572,0
R004237,0
R078118,0
R096477,0
R033350,1
R096437,1
R030976,3
R005753,0
R053987,1
R028104,0
R074348,0
R074630,0
R015785,1
R095503,1
R060559,1
R063235,1
R032444,3
R078120,0
R083807,2
R084224,0
R006608,0
R095267,0
R042650,0
R003168,1
R085472,2
R015773,3
R066762,0
R038462,1
R014613,3
R016765,3
R068298,1
R012341,1
R015336,3
R080157,1
R043264,1
R069430,3
R013342,0
R016301,3
R014416,3
R063244,0
R001732,1
R052431,1
R096764,3
R033046,0
R075028,2
R083190,2
R077788,1
R002937,2
R056738,0
R001193,2
R007634,0
R019844,1
R034729,3
R064302,3
R094849,0
R029611,0
R057387,1
R064642,2
R001081,0
R005446,0
R017495,0
R086856,3
R058675,0
R011547,0
R063272,0
R030901,0
R050370,1
R012516,1
R005130,0
R034769,0
R073897,1
R067427,1
R072421,1
R089834,0
R094001,0
R018125,0
R025116,1
R071975,1
R006549,3
R091814,1
R083724,0
R016038,0
R042995,2
R067870,2
R097211,2
R023069,0
R025175,2
R025089,0
R035087,1
R079030,0
R070171,2
R067039,0
R098342,0
R095338,0
R071188,1
R087910,1
R098512,0
R099531,3
R009506,0
R014404,2
R083530,1
R031404,2
R062501,1
R040202,2
R063833,3
R069569,0
R027485,0
R057741,2
R033400,0
R009646,0
R054682,0
R042774,3
R043988,0
R060314,0
R070659,1
R040494,0
R048748,0
R030450,3
R021867,0
R092869,1
R071095,0
R035238,0
R084101,0
R053055,1
R021866,3
R045823,1
R025235,0
R089615,2
R044810,2
R027404,2
R067601,0
R084744,0
R032285,1
R056685,0
R094360,3
R041449,2
R026276,1
R038192,0
R030153,0
R086282,2
R001501,3
R051972,1
R087458,2
R085177,0
R045796,2
R032291,0
R023285,0
R082358,2
R056824,0
R006969,1
R029777,3
R041087,3
R017392,2
R009654,3
R033230,2
R053891,2
R002085,1
R009096,0
R017955,2
R014694,0
R048180,0
R095150,2
R025721,0
R094473,3
R021184,1
R016360,1
R010799,0
R019731,1
R077901,0
R062658,1
R069189,2
R009521,1
R014363,0
R082062,0
R043849,2
R028122,2
R098858,2
R042869,0
R041576,3
R007464,0
R047428,1
R096249,2
R022946,0
R046257,0
R004985,0
R015308,0
R000822,0
R047902,1
R011237,2
R006032,2
R078406,2
R040928,3
R069886,2
R016127,2
R040431,0
R022984,0
R064345,1
R056054,0
R042959,2
R074875,2
R039337,1
R057434,0
R059411,1
R005443,0
R027976,3
R095927,3
R060740,0
R047404,0
R097768,0
R000812,1
R008110,2
R016819,1
R051955,0
R004504,2
R025460,0
R017381,1
R076720,1
R012885,0
R031536,2
R033416,2
R059809,0
R061945,0
R032701,0
R067018,0
R014858,1
R042401,1
R091142,2
R094948,1
R099799,1
R068804,0
R056315,3
R032341,0
R003295,1
R037894,1
R079862,1
R073193,0
R083174,3
R030133,0
R068475,1
R077686,0
R094284,0
R038761,2
R058443,3
R046883,2
R098243,3
R034747,0
R074058,1
R001672,1
R086088,1
R050353,0
R086649,3
R022384,0
R089029,2
R038101,0
R092003,0
R017180,2
R057909,2
R052857,3
R019706,1
R006113,0
R029717,1
R011777,3
R095843,1
R074317,1
R027687,3
R032584,1
R028008,2
R045798,0
R008704,0
R023478,2
R081684,1
R018900,0
R029000,0
R091285,2
R078745,0
R036000,0
R073769,1
R073120,0
R019667,0
R091037,3
R050217,1
R081576,1
R006733,0
R020337,0
R065896,0
R006464,0
R019372,2
R099319,0
R086942,2
R090580,0
R044029,1
R063076,0
R000293,2
R042872,1
R042029,0
R002521,2
R077022,2
R078604,3
R010378,1
R007297,0
R069994,0
R084747,3
R076873,0
R049846,2
R062333,0
R092957,0
R063441,2
R082145,2
R024389,2
R018854,3
R092466,2
R000706,1
R073623,0
R099151,0
R051512,0
R052312,0
R084462,1
R055961,3
R045243,1
R066849,0
R012531,1
R035377,2
R016338,3
R051037,3
R065602,2
R046429,1
R092487,0
R065741,0
R007591,1
R076705,0
R096853,2
R003305,0
R037658,3
R087283,2
R032275,0
R022857,0
R061232,0
R094836,1
R056456,1
R006815,0
R062495,3
R044466,0
R061765,0
R013459,0
R048670,0
R004649,0
R049768,1
R030455,3
R028322,0
R071119,0
R007813,2
R076835,1
R007115,0
R072623,1
R056316,1
R026135,0
R032197,1
R031930,1
R007998,3
R013661,3
R068404,0
R078010,0
R099498,0
R055051,3
R089445,0
R051308,0
R035985,0
R076311,2
R010406,2
R058708,0
R014457,0
R050617,1
R075549,3
R038193,0
R070440,1
R001161,1
R038498,3
R004304,2
R027504,3
R010605,2
R048675,1
R077817,1
R094738,2
R078166,3
R074755,3
R095366,0
R059451,0
R032431,0
R031976,0
R096508,1
R056174,1
R022903,0
R061157,0
R095055,0
R031917,2
R000926,0
R033310,1
R024211,0
R001073,0
R021669,3
R033971,0
R033441,0
R008834,1
R003761,0
R006538,2
R057445,2
R054867,3
R021641,2
R075101,1
R084047,0
R042005,0
R065068,0
R031212,0
R011794,0
R053308,3
R032934,0
R052098,3
R052733,0
R013606,2
R072720,0
R036228,2
R065325,2
R002939,0
R001363,0
R072053,0
R072366,1
R037799,1
R060905,0
R045619,1
R001592,1
R076727,0
R023738,0
R047823,0
R056211,3
R086286,1
R063556,0
R010592,2
R055283,3
R075904,0
R024183,3
R041279,0
R031157,0
R086032,0
R091404,0
R000796,3
R046813,0
R025082,3
R041197,0
R073066,3
R029153,1
R082112,0
R070078,3
R097454,3
R017585,2
R029532,1
R040602,2
R063904,1
R050817,0
R086428,0
R089573,2
R074944,3
R015961,2
R063499,0
R035705,1
R092376,2
R030575,3
R004936,3
R070727,1
R008242,0
R099558,0
R037714,0
R014252,0
R084516,1
R010206,0
R041054,0
R052635,0
R020788,1
R034721,0
R076411,2
R052599,0
R099397,1
R045394,0
R084843,3
R008700,3
R068697,1
R082553,0
R089326,2
R048048,1
R023156,0
R047860,1
R080073,2
R021265,3
R073321,1
R066839,2
R092021,1
R017231,0
R013193,0
R059090,1
R002318,0
R054666,1
R068998,2
R047275,0
R060366,1
R072547,0
R053461,0
R079634,3
R015776,3
R009358,0
R046157,3
R064589,3
R095578,2
R040788,2
R032542,0
R098414,1
R002331,2
R030192,3
R000845,3
R016600,0
R046192,3
R063131,1
R041172,3
R036197,0
R012224,1
R032259,3
R050923,0
R063150,0
R099255,0
R070924,0
R015755,0
R061512,0
R082381,0
R065952,2
R093397,0
R052927,0
R034241,1
R044562,0
R057442,0
R096388,1
R060575,2
R025076,3
R099158,0
R074278,0
R081224,2
R068873,3
R072284,3
R086180,2
R092239,3
R016416,0
R026859,1
R058195,1
R077699,2
R010740,1
R073701,3
R085378,2
R062356,0
R017107,0
R053329,2
R006929,1
R087513,0
R015391,1
R015199,1
R069062,0
R048692,0
R021509,3
R061774,0
R071462,0
R077914,3
R044470,0
R024605,0
R070144,3
R015176,0
R079436,2
R076646,1
R070812,0
R086935,3
R049045,0
R026538,1
R028907,0
R088904,1
R043894,2
R093721,0
R050963,2
R000605,2
R023251,2
R005265,2
R017238,2
R091822,1
R030193,1
R072646,3
R076287,1
R073753,2
R011422,2
R087680,1
R007829,0
R090324,1
R086587,1
R054360,0
R074060,2
R053148,1
R001526,1
R010064,0
R085648,2
R009727,2
R091231,1
R063143,2
R077870,0
R038330,1
R007939,0
R096821,0
R071800,3
R013196,1
R037960,0
R062831,2
R013690,0
R069643,1
R002607,3
R084314,0
R071085,1
R079741,2
R031353,0
R079399,0
R066275,1
R055487,0
R034259,3
R074893,3
R011420,0
R050066,0
R031743,3
R097284,0
R053394,1
R087119,3
R089676,2
R023788,3
R011066,0
R035686,0
R041511,0
R004961,0
R034541,0
R034032,1
R041499,0
R001775,2
R061100,3
R025312,0
R026891,1
R027978,0
R051951,0
R071451,0
R013326,2
R086179,0
R012886,2
R031988,0
R037628,0
R026747,1
R093768,0
R030903,1
R089164,2
R077129,0
R059101,2
R032194,1
R077287,1
R023028,2
R005208,1
R033952,1
R063333,1
R094087,0
R044083,1
R090631,2
R076169,2
R027008,1
R053463,0
R013119,3
R070056,3
R080259,1
R053577,2
R021263,0
R065382,0
R006483,3
R004513,0
R006823,3
R047834,0
R082699,1
R014795,1
R095539,1
R065730,0
R006362,0
R091058,3
R024021,0
R057785,0
R067913,2
R020115,1
R085729,1
R065888,1
R094289,2
R017669,1
R095727,0
R049509,0
R042209,0
R017619,0
R031762,1
R092445,2
R052286,2
R006864,0
R020004,3
R030805,0
R099875,3
R093363,1
R027159,1
R092341,3
R024231,1
R046097,2
R097905,3
R023610,0
R038533,2
R015355,2
R076555,0
R076700,1
R056740,0
R045691,0
R033845,3
R071473,1
R016349,0
R024294,3
R069680,3
R036186,1
R084926,0
R099248,1
R089484,0
R045849,2
R062716,2
R067969,0
R099109,0
R004856,1
R017257,0
R077020,3
R096648,0
R067353,3
R093457,1
R092582,0
R040948,0
R091526,2
R081665,1
R096967,0
R093630,3
R043755,0
R027779,0
R000542,1
R001855,1
R027125,0
R096007,3
R053131,3
R093935,1
R097930,0
R019576,2
R009537,2
R055429,1
R096010,1
R033735,2
R061384,0
R090349,1
R033497,0
R099895,0
R055251,0
R017344,0
R098463,0
R042660,0
R028137,0
R065554,1
R054790,0
R089011,0
R065200,1
R033561,3
R012546,0
R044193,0
R086323,1
R090671,3
R082585,3
R026613,0
R037654,1
R081595,0
R033206,1
R052880,0
R006886,0
R054489,0
R048869,0
R071191,0
R014816,0
R079633,1
R028844,0
R094372,2
R091123,0
R009712,1
R067259,1
R020720,3
R007270,2
R033529,2
R077100,0
R098100,3
R003911,0
R029544,1
R038505,0
R093078,3
R034047,0
R095733,0
R064807,0
R037975,0
R029452,3
R006722,0
R039851,0
R093145,0
R072970,1
R042050,2
R049373,0
R039626,2
R028549,0
R083505,0
R017986,0
R079638,1
R063488,0
R070231,1
R041528,2
R082178,1
R072000,0
R082825,0
R064178,2
R021125,2
R073970,1
R017984,3
R003806,1
R037533,0
R089002,3
R069974,3
R025655,1
R014683,1
R083327,0
R013034,0
R055205,0
R064580,1
R093124,0
R009206,2
R017167,3
R076192,2
R025878,0
R067932,0
R006618,0
R064949,2
R074840,2
R045443,0
R010956,0
R030080,1
R008374,2
R010736,1
R027558,0
R088700,0
R092735,0
R049636,0
R080696,1
R008392,0
R085937,3
R010843,1
R013927,2
R009659,0
R064518,0
R018530,0
R004785,0
R056464,1
R056530,1
R036878,0
R037604,0
R091840,0
R060942,0
R031572,3
R022370,1
R099188,3
R089442,2
R048306,1
R092982,1
R087877,3
R094395,0
R022136,1
R090375,0
R057616,3
R037200,3
R019009,0
R077259,2
R028882,3
R097073,1
R070835,0
R011697,3
R000524,0
R066637,2
R002836,0
R041052,1
R064635,2
R059901,1
R012690,2
R050155,1
R020042,3
R018743,2
R056168,1
R021311,0
R029464,1
R021271,2
R097575,0
R090311,0
R069362,0
R028676,0
R033089,0
R067246,0
R088168,0
R093654,1
R079788,0
R085108,1
R008729,3
R018802,0
R040628,0
R097488,0
R029775,0
R019317,0
R050614,3
R012920,1
R020665,3
R080521,0
R002034,2
R000446,0
R021207,1
R095250,0
R088148,0
R098897,0
R060976,0
R050916,1
R036762,0
R072928,0
R044638,0
R025014,2
R074262,1
R075153,2
R085059,0
R004633,0
R047875,1
R048498,3
R080121,1
R091280,3
R037627,0
R035035,0
R025703,0
R055085,1
R042307,0
R043440,0
R088554,0
R049258,1
R055461,3
R031671,3
R092391,3
R002633,0
R087687,0
R082634,0
R015328,0
R062967,2
R059640,1
R015179,0
R028899,1
R070980,1
R004643,3
R027686,0
R020918,0
R062606,0
R041855,0
R017542,3
R002239,0
R055697,0
R047218,1
R009719,1
R096933,3
R012942,1
R044111,0
R072949,0
R052215,0
R008320,0
R000691,0
R092909,1
R098508,1
R067071,0
R018051,0
R052454,0
R072313,2
R008714,1
R087475,0
R087783,0
R016364,0
R019365,0
R015370,2
R034642,0
R016791,1
R066010,1
R039225,2
R071582,2
R017663,1
R018165,1
R091409,2
R031222,1
R083429,1
R042798,1
R055103,0
R002876,1
R088755,1
R072149,2
R038475,0
R098581,2
R059590,1
R033038,2
R098531,1
R000752,0
R025436,1
R074113,2
R008228,1
R021304,0
R090595,1
R005537,0
R075295,2
R035199,1
R089022,0
R054138,1
R040573,1
R089067,1
R070029,1
R004512,3
R021909,1
R003512,0
R075130,1
R025294,2
R000882,3
R058552,0
R011890,1
R096963,1
R086950,3
R013224,2
R066600,3
R099512,0
R005066,1
R023178,1
R044079,2
R058945,3
R039557,0
R010781,3
R007303,1
R094341,0
R080387,1
R018479,0
R053842,3
R092859,3
R015214,1
R023629,0
R009112,0
R069670,0
R093125,1
R058157,3
R056721,1
R005250,1
R085375,0
R029555,2
R018110,0
R030081,3
R099580,2
R015027,0
R094099,3
R033836,0
R052876,1
R063291,1
R006296,1
R071036,0
R053304,1
R003203,2
R083353,2
R005721,3
R047397,1
R003826,0
R019625,2
R020660,0
R007112,3
R021634,3
R022174,0
R076578,3
R039063,1
R092358,1
R024773,0
R061343,2
R051365,0
R024860,3
R088505,0
R069099,0
R041716,1
R029763,2
R025314,3
R053024,2
R092813,1
R071450,1
R014930,0
R051891,1
R042099,2
R090610,0
R013258,2
R062191,0
R046230,0
R062281,1
R089340,0
R075125,2
R050767,0
R042197,1
R020733,0
R077813,0
R040999,0
R005364,1
R060254,0
R095697,3
R075901,2
R089629,1
R058183,0
R049008,3
R033391,0
R031176,2
R068183,1
R042848,1
R052797,1
R096112,0
R059481,0
R075306,0
R050261,0
R054067,2
R095249,0
R070531,0
R009239,2
R047529,3
R050601,0
R010330,1
R086883,1
R061379,1
R002455,1
R033613,0
R052891,2
R076948,0
R044225,1
R071525,1
R068388,1
R028049,2
R094829,1
R048320,2
R057200,0
R038943,0
R032864,1
R076010,1
R084940,1
R004334,0
R066407,0
R021071,0
R096969,1
R075033,2
R073575,3
R034191,2
R066270,0
R035829,2
R046631,0
R076267,3
R062886,0
R094520,0
R073224,0
R055377,0
R039671,0
R048694,1
R025897,3
R063899,1
R019907,0
R012729,3
R044833,0
R048308,0
R030049,0
R077298,2
R010783,0
R051682,1
R021511,0
R031355,0
R081931,2
R073609,1
R043524,1
R092269,3
R084236,3
R058565,2
R099089,2
R063170,3
R034424,1
R084323,0
R079561,0
R074834,3
R059365,3
R007536,0
R020869,1
R050610,0
R026381,3
R068048,1
R037488,0
R092181,3
R056296,2
R054312,1
R001719,0
R025866,2
R040161,2
R031146,0
R013618,3
R070922,1
R051543,3
R017248,0
R079303,2
R070648,0
R095547,3
R025689,1
R021370,1
R081784,0
R099761,0
R042682,0
R093150,3
R092275,1
R025325,0
R009220,1
R027425,0
R076038,3
R063926,1
R011766,0
R005239,2
R052040,3
R095542,3
R015526,1
R021529,0
R068864,1
R061323,1
R086078,0
R038699,0
R068674,2
R028346,3
R059859,0
R061564,0
R049012,0
R064887,0
R023837,1
R000880,0
R044695,0
R069794,0
R062760,0
R087889,0
R071338,0
R016705,0
R058065,0
R020566,0
R013559,0
R020716,1
R014029,1
R077601,0
R011886,3
R015398,1
R008613,1
R042781,2
R033064,0
R093277,0
R082733,3
R002680,2
R090953,3
R097024,0
R045128,2
R047704,3
R053603,3
R027934,1
R051172,3
R002794,0
R074033,3
R008868,1
R018548,0
R042783,0
R060712,3
R060002,0
R052758,1
R023791,3
R065105,2
R045030,2
R051184,0
R040537,3
R077739,1
R083512,1
R005808,1
R060729,0
R019465,3
R007225,2
R022906,3
R059001,2
R006260,1
R079979,3
R038828,2
R084753,1
R010766,2
R001419,2
R095854,2
R016896,1
R055012,1
R040710,2
R066631,2
R062892,3
R050480,0
R020251,0
R068062,2
R082370,2
R049923,1
R041718,0
R093851,0
R082478,0
R095958,3
R070276,3
R068414,0
R019709,2
R026449,2
R076645,2
R090821,0
R060701,0
R048626,2
R063630,0
R094825,3
R013886,2
R018321,0
R040008,2
R091412,0
R070488,0
R058142,0
R026290,0
R058989,3
R007684,1
R008856,1
R017869,1
R019911,0
R078917,3
R064462,1
R026611,0
R015360,0
R005349,1
R013237,0
R057640,0
R098948,2
R018486,0
R091159,0
R077771,2
R022680,0
R040436,1
R057209,1
R097261,0
R063757,2
R003685,0
R010409,0
R025511,0
R031155,1
R049589,1
R065152,0
R002418,0
R069696,3
R021011,3
R055551,1
R063197,0
R006404,1
R096282,0
R082741,2
R070509,0
R004892,2
R015007,0
R079827,0
R022721,0
R082955,0
R072171,0
R087181,0
R029404,0
R042508,0
R008448,0
R062925,3
R020059,0
R074313,1
R050117,0
R075073,0
R060941,0
R015906,0
R076347,0
R027041,0
R092011,2
R088863,3
R032160,0
R036134,0
R007379,0
R041201,0
R051180,3
R078909,2
R032150,3
R095706,1
R051031,3
R010893,3
R068361,0
R034583,1
R022593,0
R035217,0
R067349,0
R093561,1
R019743,3
R004768,0
R020292,3
R098415,2
R087554,0
R070689,3
R051486,0
R007478,3
R031881,1
R049787,1
R025327,3
R074409,0
R039676,2
R000019,2
R059469,0
R030808,3
R084759,0
R083212,0
R025801,0
R035153,1
R086159,1
R048446,0
R003859,0
R041053,0
R084441,1
R080759,1
R091899,0
R021945,3
R078747,3
R024191,0
R064957,2
R073236,1
R098224,3
R036794,0
R027308,1
R099938,2
R039655,0
R038958,3
R043389,2
R065917,1
R012883,1
R089850,1
R070412,0
R062366,0
R015819,1
R044821,1
R002367,0
R077947,0
R034982,1
R061282,2
R005104,2
R085122,0
R035790,2
R089533,0
R040151,2
R094729,0
R078629,0
R010226,0
R054746,0
R013922,0
R083371,2
R025859,2
R042182,3
R078272,0
R010760,0
R023677,3
R048045,1
R054712,0
R071681,0
R056969,1
R071298,0
R067459,0
R029504,3
R068830,1
R019202,3
R027496,0
R097326,1
R077502,2
R038039,0
R089742,0
R034101,2
R088483,2
R097420,1
R074406,1
R028752,1
R076056,2
R087751,3
R061033,3
R077102,1
R045792,0
R045760,0
R009365,0
R090536,3
R089096,3
R027842,3
R070962,0
R067384,0
R036559,0
R036516,0
R063735,1
R087537,1
R027395,1
R017026,0
R094208,0
R042557,2
R048273,1
R065063,3
R091776,0
R097648,2
R025204,2
R009052,1
R037351,2
R032256,0
R079481,0
R095937,3
R063436,1
R070132,0
R029937,0
R024092,3
R058351,2
R023886,3
R077194,0
R005217,0
R004792,1
R026845,0
R066764,0
R064553,1
R063415,1
R051066,0
R072881,0
R027112,0
R062479,1
R009595,3
R021044,0
R032516,0
R022765,0
R099786,2
R016264,3
R071835,3
R079407,0
R090345,0
R059167,0
R002681,3
R072976,0
R042905,0
R084267,1
R016101,0
R033297,1
R049637,0
R034182,1
R056748,1
R061634,3
R069997,0
R005735,2
R073229,0
R040085,1
R069769,0
R029240,0
R076047,0
R030109,0
R017566,0
R051688,1
R073933,0
R090207,1
R059398,1
R032309,0
R031658,2
R030893,0
R039097,2
R024184,0
R057248,0
R095742,0
R037330,0
R021381,0
R025563,0
R035812,3
R005096,0
R041848,0
R070413,3
R083116,3
R086080,1
R074660,2
R072634,3
R043426,1
R099407,1
R083651,0
R061810,2
R049029,1
R026448,0
R042308,1
R015301,0
R019871,0
R080632,0
R076304,1
R032762,3
R065516,1
R013149,2
R077184,1
R040385,3
R097899,0
R071410,0
R096679,2
R084346,2
R004528,3
R057432,0
R044659,3
R088227,3
R096923,1
R011960,0
R035036,2
R081438,3
R013724,2
R069539,0
R059112,1
R044779,0
R017565,1
R065192,0
R036460,2
R046131,3
R034113,2
R088300,1
R081145,2
R065794,2
R042794,1
R025073,1
R053869,1
R055194,3
R063367,2
R049056,0
R046443,0
R076866,1
R017711,0
R020866,0
R020903,2
R006160,1
R038687,0
R048378,2
R048890,2
R005101,3
R021884,1
R030249,0
R008859,2
R035694,1
R094816,1
R029943,0
R013099,0
R033697,1
R020853,0
R051225,0
R045470,1
R068867,3
R074933,1
R049453,3
R098352,0
R000967,1
R053867,1
R001900,2
R007320,0
R052034,1
R060428,2
R054155,2
R017721,3
R071789,1
R077925,2
R020742,1
R097567,0
R034245,1
R030940,3
R052708,1
R045015,0
R004608,2
R046371,3
R059266,2
R023967,1
R040068,2
R025139,2
R072443,1
R062161,1
R004646,0
R025701,1
R034695,3
R065475,2
R083150,1
R061696,2
R075304,3
R044729,1
R084510,2
R062167,2
R088085,2
R002065,3
R065733,3
R053721,0
R059960,1
R038884,1
R036360,0
R006222,3
R030375,3
R092717,0
R085203,1
R092179,3
R068242,3
R073808,0
R035998,3
R046950,1
R080301,0
R072638,3
R062429,2
R006493,0
R076312,2
R031344,0
R055473,3
R057683,0
R058231,0
R075912,0
R072170,2
R040950,1
R086546,0
R030722,0
R097947,0
R017239,0
R061529,0
R015944,1
R078763,3
R028590,0
R041809,1
R008047,3
R052607,3
R077191,1
R030548,0
R021839,3
R001383,0
R069584,0
R014334,0
R085138,1
R030341,1
R027754,0
R095041,0
R009961,1
R046945,2
R093702,0
R090428,0
R010999,0
R046350,0
R073251,0
R002187,2
R029690,1
R016439,2
R020175,0
R084391,1
R056613,0
R000985,0
R003288,2
R063606,0
R008054,2
R078587,1
R066366,0
R099705,0
R066168,2
R091888,0
R006395,2
R050588,0
R000657,3
R086336,1
R079195,0
R004478,2
R091732,0
R028841,0
R005011,0
R011546,2
R093711,0
R044210,2
R080270,2
R081682,0
R065013,0
R021096,2
R012329,0
R072222,0
R084641,1
R066423,2
R009316,3
R025203,1
R056348,2
R019362,3
R028093,2
R089803,2
R023456,1
R015528,1
R022683,1
R077273,3
R040313,3
R087506,1
R032479,1
R029246,0
R065766,1
R002686,0
R030437,1
R091698,2
R020159,0
R080992,0
R036839,0
R034985,0
R005009,1
R030745,0
R038469,3
R081873,0
R037970,3
R085105,0
R079197,0
R037876,0
R084919,0
R051996,2
R077737,0
R000656,1
R081465,1
R078235,1
R095797,1
R038611,1
R011508,0
R002563,3
R077507,0
R027807,1
R039631,0
R065463,1
R003720,2
R085721,0
R019073,3
R068930,1
R049244,0
R069790,1
R038281,0
R010115,1
R008553,0
R094786,1
R083506,0
R097993,1
R016605,2
R080533,3
R051386,1
R098898,0
R038184,2
R007305,2
R081809,3
R091897,1
R014376,1
R046696,1
R016877,0
R093718,0
R061687,0
R001569,3
R045838,1
R066278,2
R015119,3
R023481,2
R057259,0
R041596,2
R058111,3
R062142,2
R034797,3
R017591,3
R003382,0
R019325,1
R080914,0
R079369,1
R096789,0
R023906,0
R081664,3
R074270,1
R040246,3
R064477,0
R034133,3
R054242,3
R053739,0
R017146,3
R080139,3
R049425,3
R031400,1
R018031,1
R018549,1
R011055,0
R080971,2
R073537,1
R058320,0
R065693,0
R081159,3
R069720,1
R068338,0
R060111,1
R026516,0
R060589,2
R000549,0
R002510,0
R099576,1
R087404,1
R084958,2
R007273,3
R047375,1
R004214,3
R015149,3
R054196,3
R058327,3
R030170,0
R093389,1
R072732,1
R048303,1
R045392,0
R062361,1
R023584,0
R036386,3
R057898,0
R025735,0
R010883,3
R004929,1
R060098,0
R049581,2
R074748,1
R060957,3
R024075,1
R077909,0
R033998,2
R025739,0
R094121,2
R083462,1
R089842,2
R057516,1
R056362,0
R082107,0
R036843,2
R090233,2
R074923,2
R036411,3
R061173,2
R054630,0
R045348,1
R046692,3
R069225,0
R044836,3
R075212,3
R079887,0
R079117,0
R020929,2
R086655,0
R027252,1
R021469,1
R021588,0
R039496,0
R053855,1
R034286,1
R050594,3
R014637,0
R067373,2
R021181,3
R016734,0
R067431,3
R042483,0
R051620,0
R095322,3
R090649,0
R033522,0
R006630,2
R080269,0
R054990,0
R020160,0
R078802,0
R096173,0
R063811,0
R042260,0
R021584,3
R036515,2
R012121,2
R062693,2
R049811,3
R081194,0
R001112,0
R059584,2
R027025,1
R003443,0
R003201,0
R093246,1
R029840,0
R016728,2
R043607,0
R077317,0
R090281,0
R091976,0
R034734,1
R008520,0
R041743,0
R081144,2
R053715,1
R033102,0
R036757,0
R025379,1
R011296,2
R082538,0
R080508,2
R087652,0
R030987,1
R042692,3
R046194,3
R067284,1
R073254,0
R063892,3
R063018,3
R068984,2
R011638,0
R028432,3
R034249,3
R005215,2
R060398,1
R007479,3
R061735,2
R045465,2
R061356,3
R089897,3
R083878,0
R038796,1
R013195,2
R093726,1
R049293,2
R098292,1
R010297,1
R037863,0
R072332,2
R021220,0
R096942,0
R012670,2
R009179,3
R012162,1
R093637,3
R036756,0
R045692,1
R021484,2
R099639,0
R008420,1
R032184,3
R056341,0
R022116,1
R025528,0
R038950,2
R044485,0
R051373,1
R042940,1
R093714,0
R074422,1
R002513,3
R000816,0
R026491,1
R034791,3
R012440,1
R019286,0
R029416,2
R052954,0
R043010,0
R084998,2
R046287,1
R044773,1
R067926,0
R070238,0
R065792,0
R026183,1
R012581,2
R042278,0
R019235,2
R006294,0
R040106,3
R085268,3
R089748,3
R001036,1
R008235,1
R000849,1
R073532,3
R053764,2
R047171,0
R034884,3
R052933,0
R017417,3
R078901,3
R046642,2
R012183,1
R027975,0
R034757,1
R079428,2
R039542,3
R028181,3
R085710,3
R093332,0
R031013,1
R042362,0
R063816,2
R017326,2
R011004,3
R023925,0
R071754,3
R083367,0
R080735,2
R010852,3
R040163,0
R017474,1
R031622,1
R034381,1
R079680,0
R000726,0
R002578,1
R029719,1
R032028,0
R076876,0
R021817,1
R027225,2
R014222,1
R093728,0
R011803,2
R077246,0
R011058,3
R071093,3
R035316,1
R062872,3
R080258,3
R085327,3
R048866,1
R015185,0
R046750,2
R035973,1
R022607,2
R077109,1
R009267,3
R043116,1
R039142,1
R015685,3
R049039,3
R054208,1
R073413,0
R087492,0
R024624,3
R054622,1
R064241,0
R005656,3
R052595,0
R071118,1
R023550,2
R044552,3
R083414,0
R057904,3
R029737,2
R048795,0
R052886,2
R021801,3
R021493,0
R078713,0
R096901,0
R095541,0
R023402,1
R041183,0
R094875,2
R007241,1
R031948,3
R028686,1
R025409,1
R030529,0
R006261,0
R027380,2
R086900,0
R015226,0
R090078,3
R095767,0
R076099,3
R094736,3
R081677,3
R060971,2
R071847,2
R093382,2
R041803,0
R073600,1
R001819,0
R010108,0
R033645,0
R075395,0
R027788,2
R027970,0
R000176,0
R087101,0
R087180,1
R033968,3
R040122,0
R050474,0
R096562,1
R029669,1
R015731,0
R043221,2
R088042,0
R019573,0
R051934,0
R064844,1
R026215,0
R032337,1
R006352,0
R077046,1
R035286,3
R013799,0
R036683,0
R085758,0
R005585,0
R045826,0
R067247,2
R061912,0
R046203,3
R028799,2
R060568,1
R067590,1
R058134,0
R001424,1
R006759,1
R090729,0
R011607,2
R046650,3
R078070,0
R070320,0
R018256,2
R098161,1
R003692,2
R036208,2
R054512,0
R082716,2
R014790,3
R000659,2
R085829,0
R035807,3
R039897,2
R011907,1
R061041,0
R021617,0
R022356,1
R025096,3
R078652,2
R054103,1
R061000,0
R035227,0
R083783,1
R006803,0
R041470,0
R054354,1
R077891,1
R027704,1
R012716,1
R091567,0
R065438,0
R061506,3
R017119,1
R065080,0
R015975,0
R051414,0
R054461,2
R014220,1
R087130,0
R066424,1
R069086,1
R037598,3
R008961,3
R057298,2
R075528,2
R088419,0
R098755,0
R063164,3
R092750,3
R038607,2
R036975,0
R000051,0
R061205,1
R083198,0
R007941,0
R032220,3
R013450,3
R088906,0
R091252,0
R088670,1
R028216,2
R059571,0
R046288,2
R008817,0
R097176,0
R039938,0
R063979,1
R078025,1
R057056,2
R099343,3
R060299,1
R084025,2
R089375,0
R025533,0
R072215,2
R069058,0
R012871,0
R064495,3
R066562,1
R009691,1
R034341,0
R036739,0
R039012,0
R045590,0
R082016,3
R052551,0
R060498,0
R008061,2
R024394,2
R064705,1
R051262,2
R097265,0
R057824,0
R079411,3
R027388,3
R096316,0
R084918,1
R036025,0
R039209,1
R094874,1
R090212,2
R084331,3
R078007,0
R094669,2
R027021,0
R087189,0
R060791,0
R060509,1
R052770,1
R018681,0
R071713,1
R049313,1
R045610,0
R059130,2
R053033,0
R095977,2
R062926,2
R061099,1
R004779,1
R037094,0
R072148,1
R099992,0
R015443,2
R095062,1
R047163,3
R024137,0
R094081,2
R057315,0
R098375,3
R029006,0
R067074,3
R015218,0
R013067,3
R093463,0
R070618,0
R016847,0
R091394,0
R058617,0
R059986,0
R082806,3
R090069,2
R006407,0
R062308,1
R061537,3
R027339,1
R065400,0
R076736,0
R061790,1
R088673,0
R012672,0
R029934,0
R076353,2
R056617,0
R069638,2
R094093,1
R022112,3
R068134,2
R014677,0
R080959,0
R000481,3
R032640,1
R076167,0
R045827,3
R076070,0
R030477,3
R071094,0
R034612,0
R008558,0
R027917,0
R011086,2
R062920,0
R005604,1
R031246,0
R073478,0
R041272,0
R065279,1
R030296,0
R065116,1
R056994,0
R099245,1
R073180,1
R090874,0
R096522,1
R074222,3
R069110,0
R041420,1
R022157,1
R074421,0
R057019,2
R042250,0
R079777,0
R039949,0
R060435,0
R018241,2
R074160,2
R057633,3
R078768,0
R058551,0
R049003,0
R077384,2
R046178,0
R004067,0
R023349,1
R041040,0
R030388,0
R014389,2
R078446,1
R039711,0
R011171,1
R069215,0
R045160,0
R042942,3
R048905,1
R057517,1
R033169,3
R091772,0
R071158,1
R081861,1
R049437,2
R035387,2
R090259,3
R019651,0
R029427,3
R078631,3
R067434,3
R077591,3
R065266,0
R046574,2
R035135,2
R038393,3
R039176,2
R079661,1
R011226,3
R086814,0
R050994,0
R041887,0
R023224,1
R032604,3
R066269,0
R039095,0
R024155,0
R065522,1
R015053,0
R079870,1
R074288,0
R095680,1
R097883,1
R070202,0
R015691,1
R060265,1
R030763,3
R032252,0
R050233,0
R009993,3
R063586,2
R096488,3
R097686,2
R031810,1
R012247,0
R001582,0
R014638,0
R022576,0
R057800,2
R018852,0
R023406,2
R042090,0
R047309,3
R057591,0
R087730,0
R041368,0
R008896,0
R095960,1
R012109,0
R056567,0
R056397,0
R057168,0
R058866,2
R033915,1
R010942,3
R058099,2
R023495,1
R090467,0
R026064,2
R072778,0
R063655,1
R082481,1
R043122,1
R003543,2
R013038,0
R012065,0
R007608,0
R007690,0
R093446,0
R072832,0
R080813,3
R030485,0
R020988,1
R044263,2
R082650,2
R039762,0
R072749,0
R013464,0
R045805,1
R059164,0
R047737,0
R063328,0
R024545,0
R074518,2
R023515,0
R084196,0
R020666,3
R011100,2
R089737,2
R058439,0
R060651,2
R078037,2
R064317,2
R029249,0
R065277,2
R018242,0
R045438,0
R019992,2
R068759,0
R008035,0
R052618,2
R088553,0
R035720,1
R021496,3
R026706,0
R014003,0
R092830,0
R032515,3
R001747,0
R021676,0
R053665,1
R025543,2
R087633,0
R085728,3
R019586,0
R061321,0
R094943,0
R084798,1
R071667,0
R098923,1
R066863,1
R098787,0
R074405,3
R012024,2
R049321,3
R070308,0
R019994,1
R067776,0
R029754,0
R003620,2
R071801,2
R018162,0
R070466,0
R075219,3
R064481,2
R074516,3
R046778,2
R022198,1
R013809,0
R049733,2
R031048,0
R004258,0
R036435,3
R067103,1
R031183,0
R080733,3
R042538,1
R077484,3
R097439,2
R084177,0
R044812,2
R064659,0
R011871,2
R076698,0
R039656,3
R031443,0
R084835,1
R065259,0
R073444,0
R015509,0
R068181,1
R064260,0
R060705,0
R046106,2
R021576,0
R094374,0
R026673,0
R014176,0
R009306,1
R088686,0
R062776,1
R073929,0
R064629,1
R079821,2
R076815,2
R004111,1
R003718,0
R054311,0
R014819,1
R012151,0
R088931,1
R059534,0
R043864,1
R085821,0
R071659,1
R047618,0
R047569,1
R097586,0
R041702,3
R085691,0
R077208,0
R080840,0
R012582,3
R083979,0
R025784,2
R042347,2
R003686,1
R067045,2
R001756,0
R059457,2
R038785,1
R040518,1
R007268,0
R092252,1
R032328,0
R002219,0
R072863,0
R077858,2
R035605,0
R013449,3
R053471,3
R088948,3
R099125,0
R023034,0
R052289,1
R062715,3
R068834,1
R018606,1
R059077,0
R098971,0
R005816,2
R048844,0
R070088,1
R004595,2
R074976,0
R028944,3
R047582,2
R063483,0
R060055,3
R090060,1
R021382,0
R010100,0
R086760,2
R009401,0
R036470,1
R014596,3
R004708,0
R052734,3
R038947,1
R061189,1
R034451,2
R095271,2
R071495,0
R003223,2
R016192,3
R045922,0
R024935,0
R017072,2
R000466,0
R052117,1
R040365,3
R061585,0
R076601,1
R004617,2
R036101,0
R083511,3
R005870,0
R094266,1
R095312,0
R015303,1
R040808,3
R077831,2
R058743,3
R071073,0
R009908,2
R070113,3
R001716,0
R048800,1
R090454,2
R029822,0
R051291,0
R093130,0
R016404,0
R036543,1
R035881,3
R064443,3
R089891,2
R080841,3
R097189,0
R092942,3
R087727,1
R050464,2
R037045,2
R040756,3
R055378,1
R026883,3
R076753,0
R036579,0
R034624,0
R024133,1
R025758,2
R092838,0
R056127,0
R017177,0
R053868,0
R047557,0
R045428,0
R064037,1
R049612,0
R048237,0
R068638,3
R039890,0
R076134,1
R011047,0
R007825,0
R046552,2
R016294,1
R076036,0
R078135,0
R099461,2
R024733,3
R083431,1
R079722,0
R008624,1
R020066,3
R009496,0
R003670,3
R090126,1
R010260,1
R071516,0
R008171,2
R067916,1
R025108,3
R068416,2
R051606,0
R000867,0
R014279,1
R099477,2
R063041,0
R093631,0
R079400,2
R046438,0
R013307,0
R067764,1
R065948,3
R073349,0
R014493,0
R051348,2
R043956,0
R044509,0
R003025,2
R096223,1
R062790,3
R042566,1
R064852,0
R078616,0
R018493,0
R032857,1
R003797,1
R088111,1
R076362,2
R093439,1
R004624,0
R069624,1
R040412,2
R059777,2
R051325,0
R019863,2
R016391,3
R017589,3
R001714,0
R070124,1
R056778,0
R060016,0
R061848,3
R044772,3
R025692,0
R093367,1
R095591,2
R073666,1
R021797,1
R077836,0
R012873,3
R027158,3
R074208,0
R036674,1
R022095,1
R058572,2
R054326,1
R067795,3
R072344,1
R089640,0
R084979,1
R045885,3
R016641,0
R012357,2
R075255,0
R024118,3
R056502,2
R060903,2
R069197,3
R002070,1
R076349,0
R030615,2
R082817,0
R005950,0
R013249,2
R079282,1
R046591,3
R064475,2
R049731,3
R023798,0
R016223,2
R001345,0
R040888,0
R040176,0
R003138,0
R025620,2
R082688,0
R055606,0
R024136,1
R033087,0
R068917,2
R088848,0
R001333,0
R052892,0
R022734,0
R052761,0
R059781,0
R066422,3
R087452,1
R098759,0
R076630,3
R033660,2
R049571,0
R051640,2
R067919,0
R067266,2
R069859,2
R070365,3
R061624,1
R076445,0
R056218,0
R053258,2
R021985,0
R001677,1
R053009,1
R035466,0
R014661,2
R006914,0
R035167,0
R077377,0
R023387,3
R004721,1
R074655,0
R037107,0
R041061,3
R091780,2
R064023,1
R068124,1
R047325,0
R084125,2
R031633,1
R002767,2
R034393,1
R077039,0
R065024,1
R073524,0
R020151,1
R068706,0
R054176,2
R002976,2
R026988,0
R005916,1
R008575,0
R085920,0
R003158,1
R053029,0
R070773,1
R000030,3
R086092,0
R030358,1
R006623,0
R016597,0
R014390,0
R034474,0
R004128,0
R027128,0
R034528,3
R014556,1
R062717,1
R001473,0
R089706,0
R047161,0
R093420,1
R093038,0
R093792,3
R087928,1
R011791,0
R024514,3
R026935,1
R078972,1
R022241,0
R019208,0
R079094,0
R004015,3
R023115,3
R013170,3
R011788,3
R028494,0
R068666,1
R012145,0
R046985,1
R039162,2
R049646,0
R022197,2
R063971,0
R038984,0
R078981,1
R072068,0
R095705,0
R097052,1
R035651,1
R039075,0
R064673,2
R066469,1
R026236,0
R059795,0
R090457,1
R039197,3
R016523,0
R039249,0
R032302,2
R031886,0
R084769,0
R032080,0
R059672,0
R027735,0
R041657,1
R058982,2
R025377,2
R017469,1
R066308,0
R048136,0
R047600,3
R035180,1
R032234,0
R099473,0
R056767,1
R026658,1
R039759,0
R031109,0
R046875,0
R082635,0
R096463,0
R033135,0
R047488,3
R098920,1
R068190,1
R027000,3
R080510,2
R061406,1
R036999,1
R073117,3
R003574,3
R096348,0
R067374,0
R084535,0
R061295,0
R019509,0
R085831,3
R028938,0
R058801,0
R073468,2
R093320,2
R000033,0
R068282,0
R003594,2
R010926,2
R037987,1
R089518,0
R027326,0
R078122,3
R068061,0
R077302,1
R045170,0
R078807,1
R011130,1
R046860,3
R073578,0
R019957,1
R065727,0
R059372,0
R041560,0
R014806,3
R030283,0
R056842,0
R046311,0
R086644,1
R081295,3
R097736,1
R058353,3
R016040,1
R079480,1
R014517,0
R036611,2
R097520,0
R035878,0
R023438,0
R078537,2
R037579,0
R070951,1
R020602,0
R020386,1
R016339,0
R096763,3
R032249,0
R024576,1
R075297,0
R079290,0
R005286,3
R057830,2
R080156,0
R056581,1
R003902,0
R096910,0
R041259,0
R068386,1
R091795,2
R083975,3
R096415,0
R027661,1
R047151,1
R044809,0
R022069,0
R016894,2
R087651,0
R002585,3
R032185,2
R092318,2
R029099,0
R000903,0
R028674,0
R009721,1
R010167,1
R078428,2
R099322,1
R067514,0
R088822,1
R077960,1
R080186,0
R044905,0
R079772,0
R091508,1
R079864,0
R005877,1
R048966,3
R050900,0
R079302,0
R066693,0
R078039,1
R004627,0
R019320,1
R081312,0
R085070,0
R048868,2
R077091,3
R057105,1
R079727,2
R080893,0
R036140,3
R078190,1
R016051,3
R073737,0
R053611,2
R054973,3
R043857,0
R055033,0
R007888,0
R037423,2
R037721,2
R006900,1
R059440,1
R011036,0
R082466,1
R011197,0
R060066,2
R021010,1
R049400,3
R053154,0
R071544,3
R070996,0
R050054,0
R075086,2
R078653,0
R013079,0
R074388,0
R051779,1
R056753,0
R040561,3
R053615,0
R088710,3
R091038,1
R047447,2
R046023,3
R047228,3
R051216,0
R076761,2
R089039,0
R086643,3
R083984,0
R037209,0
R074494,3
R004287,0
R015762,1
R026811,0
R061088,0
R005218,0
R073587,0
R034074,2
R088075,2
R050374,1
R092145,0
R078657,1
R058081,0
R072711,1
R022978,0
R002039,0
R059454,1
R011901,2
R056872,0
R028597,0
R028621,2
R054130,3
R060915,3
R091168,0
R032467,1
R032204,1
R044412,1
R052468,0
R028149,3
R059555,0
R080676,1
R046147,0
R033236,0
R068319,0
R038901,0
R020947,3
R001711,0
R042195,0
R061136,2
R021420,0
R082903,3
R018768,3
R089981,2
R092177,3
R008301,0
R028452,2
R024425,1
R014624,2
R074482,0
R021582,0
R034597,3
R072886,0
R086964,0
R038665,1
R040393,0
R016401,0
R017611,2
R074339,3
R081361,0
R098997,0
R035543,0
R003293,0
R065850,3
R024705,2
R082592,0
R082249,0
R092339,1
R014381,3
R015850,0
R006337,1
R066085,0
R042745,1
R078380,1
R066100,0
R096122,0
R006898,3
R089735,0
R052046,3
R026043,0
R016276,1
R017473,1
R025376,0
R045600,0
R004557,2
R048393,0
R075548,0
R001535,1
R018292,0
R053373,1
R009890,0
R044881,0
R016663,0
R030404,0
R041404,1
R003046,1
R092841,1
R052159,3
R072663,1
R071746,0
R042895,0
R018072,3
R042553,1
R088805,0
R006849,0
R076609,1
R004435,0
R064577,1
R081039,0
R016186,1
R068309,3
R048693,1
R097676,0
R060833,1
R031722,3
R001749,1
R000862,0
R032974,0
R033833,1
R078445,1
R040531,1
R050654,0
R072062,2
R079820,1
R038852,2
R068266,2
R099065,0
R029872,2
R053285,1
R010154,2
R023974,3
R038288,0
R080356,0
R078165,0
R076150,0
R060602,0
R039073,0
R012438,0
R087371,1
R059312,0
R026214,1
R009633,1
R080075,1
R027521,1
R033919,2
R010910,0
R044914,1
R053614,0
R084210,2
R042160,0
R085817,0
R071301,2
R077201,0
R014868,0
R016731,0
R041047,0
R056674,3
R064871,0
R027787,0
R098050,1
R008581,2
R010840,0
R039995,0
R077815,2
R014519,3
R003756,3
R005943,0
R074855,1
R078872,1
R049032,0
R017020,0
R064348,0
R085175,0
R044179,3
R012354,0
R015665,0
R095431,1
R084789,3
R008092,3
R073459,1
R011338,1
R028964,0
R015098,1
R072610,1
R079831,1
R030155,0
R085235,3
R042814,0
R004930,0
R079908,1
R022336,0
R011227,2
R025591,3
R050251,0
R043819,3
R001399,2
R005329,0
R046209,0
R006426,0
R022357,0
R098991,0
R072377,0
R092896,0
R029060,1
R055822,3
R065002,3
R014752,0
R011163,0
R057405,1
R060497,2
R032566,3
R071549,0
R019024,1
R053594,0
R061751,0
R064285,3
R054776,0
R044450,0
R079232,2
R086976,0
R092605,1
R014456,0
R087049,3
R068710,3
R085103,2
R093981,0
R029441,0
R040885,3
R008649,1
R021752,3
R088969,2
R085803,1
R044199,1
R060008,0
R065653,1
R024496,1
R041654,1
R002304,1
R043189,2
R079688,1
R034958,0
R070683,2
R035454,0
R008413,1
R039983,1
R004955,0
R094090,1
R088757,0
R075759,3
R049288,1
R051732,0
R073717,1
R084157,0
R060649,1
R023243,0
R057543,3
R025647,0
R007481,0
R055720,0
R029891,1
R054089,1
R089143,0
R057091,3
R059355,2
R074491,0
R064963,3
R003771,0
R086812,0
R008209,3
R023625,1
R083502,3
R009524,0
R036375,2
R043000,3
R081282,3
R074492,3
R029496,0
R000638,0
R079118,2
R014981,1
R040681,2
R074023,0
R024608,1
R094182,3
R081518,0
R069527,2
R026833,1
R053629,0
R060863,1
R096487,1
R007150,2
R085264,0
R075975,0
R013542,3
R098564,1
R044205,1
R048372,0
R074593,2
R078949,0
R040902,1
R015460,0
R096095,1
R013019,0
R021046,2
R064387,2
R048213,3
R099087,0
R063812,3
R089720,0
R085779,1
R053215,0
R020313,1
R032261,0
R091081,0
R048331,1
R095713,1
R030438,3
R018388,1
R013167,0
R027739,2
R058546,0
R004423,2
R061281,3
R052390,2
R010398,2
R044498,0
R086533,0
R091406,1
R002077,1
R019413,1
R076200,1
R061897,0
R095517,0
R072570,0
R090232,0
R059125,1
R019164,1
R089318,2
R093780,3
R090914,2
R023879,0
R077809,1
R009842,1
R037041,3
R027689,0
R029607,0
R099861,0
R029500,0
R042025,0
R007869,1
R042298,1
R027876,2
R029468,0
R032043,0
R007804,0
R017482,3
R058835,1
R043999,3
R008310,2
R020483,2
R013199,0
R085388,0
R084014,2
R071063,3
R026652,0
R072904,0
R037648,3
R022570,0
R055605,0
R022113,2
R071448,2
R028188,0
R084764,0
R050567,0
R041424,0
R036859,0
R071418,3
R088524,0
R029038,0
R074960,0
R023709,0
R025446,3
R055037,1
R040001,0
R059224,3
R000736,0
R031261,0
R014036,3
R019153,0
R077664,1
R083220,0
R058430,0
R084658,0
R009122,1
R084245,1
R083161,0
R018614,1
R063880,3
R017496,0
R081651,2
R023068,1
R065549,0
R057406,2
R027642,3
R044197,2
R034355,1
R082316,2
R015489,1
R024726,3
R076816,1
R092354,2
R023191,3
R000249,3
R023583,1
R031442,0
R086140,2
R099716,2
R004966,2
R007129,0
R012204,1
R018016,3
R042339,0
R072578,0
R023686,0
R038904,3
R039618,2
R010063,0
R083071,0
R030547,0
R088939,0
R030869,0
R019805,2
R099350,0
R031201,0
R020176,1
R093566,0
R000129,0
R056291,1
R080936,0
R012607,0
R035361,0
R066985,1
R003975,1
R054644,3
R030687,0
R044252,0
R077278,1
R036603,0
R011919,1
R033816,2
R075877,2
R067109,0
R048987,2
R093549,0
R038100,1
R075092,2
R079911,3
R040201,0
R007647,0
R070673,0
R082873,0
R060500,0
R024216,0
R054561,2
R029154,3
R079147,0
R022684,3
R054586,1
R044232,2
R094616,1
R028221,0
R028329,0
R017547,1
R013071,1
R090138,0
R004511,3
R091333,0
R005154,3
R056898,1
R010299,2
R040750,0
R035939,0
R026892,3
R063666,0
R090877,0
R040168,2
R093776,1
R098401,0
R096449,1
R035562,2
R001087,1
R068559,3
R015101,1
R057721,0
R044902,2
R003453,0
R094583,1
R097352,0
R075515,2
R033864,1
R047976,0
R091675,0
R095165,0
R046758,0
R054544,0
R092562,0
R032670,0
R015459,1
R087590,0
R097428,0
R097310,3
R076454,0
R057951,0
R050204,0
R048114,0
R075083,0
R047165,2
R014550,3
R069340,3
R006907,3
R085083,0
R058629,1
R042604,1
R026170,1
R072327,0
R077753,0
R044153,2
R073143,0
R069384,0
R042311,2
R051693,3
R085178,3
R034306,0
R001492,3
R003088,0
R030444,3
R094435,0
R091775,1
R007815,3
R019968,0
R096707,0
R088083,0
R089757,1
R075735,0
R015587,2
R015446,2
R063372,0
R095464,1
R060481,0
R053561,0
R017317,1
R050741,0
R023386,0
R044207,3
R004535,0
R015725,2
R046395,2
R098826,0
R072923,1
R044386,0
R010365,1
R089361,1
R022548,0
R006956,2
R037546,0
R059696,0
R063189,1
R039256,3
R054030,2
R074407,3
R074906,3
R091505,3
R029776,0
R080944,0
R068886,0
R004357,1
R070426,2
R075932,0
R051289,0
R086143,0
R084690,0
R046388,3
R032134,3
R083122,1
R049229,0
R042738,2
R065533,0
R075767,3
R054542,1
R039124,0
R092332,3
R048733,3
R067258,1
R024091,3
R075508,2
R024113,0
R043716,1
R014275,3
R016922,0
R061929,0
R051296,0
R018134,1
R017260,2
R017697,0
R057678,1
R069054,2
R078340,0
R095209,3
R093012,1
R053237,0
R089284,0
R012563,1
R026219,1
R032013,0
R082694,0
R042346,0
R035536,3
R077958,2
R094221,3
R069937,1
R049203,0
R087793,0
R012557,0
R018211,2
R089195,3
R088847,2
R015663,0
R007546,0
R008567,1
R084155,0
R082385,0
R071199,0
R030820,0
R073880,1
R043180,3
R081734,0
R031378,2
R038721,0
R021116,0
R085001,2
R018391,2
R022226,0
R072519,3
R053075,1
R061284,1
R074104,1
R038396,1
R081932,0
R028562,0
R052308,1
R081491,0
R073886,0
R016710,0
R041953,3
R080579,2
R074675,1
R008707,0
R060759,1
R053716,1
R024540,3
R061383,2
R066881,3
R039109,0
R014999,0
R063088,2
R063497,1
R099135,0
R025048,0
R033629,0
R065001,1
R031707,0
R024527,1
R051198,1
R001218,0
R081953,0
R031489,0
R087628,1
R080776,3
R073052,0
R044745,0
R078251,3
R021031,0
R019030,0
R015464,0
R079256,0
R061978,1
R010106,0
R018454,2
R085214,1
R074162,2
R045972,2
R098290,1
R028326,1
R009695,1
R066854,0
R084670,1
R015520,0
R045319,1
R045184,0
R030731,0
R044698,2
R071530,3
R082137,0
R014593,1
R008897,0
R019703,1
R064933,3
R016811,0
R041602,1
R055122,2
R073996,3
R048804,0
R081534,0
R029163,2
R086441,1
R045789,0
R076525,0
R009940,2
R007784,0
R050821,1
R050917,0
R065088,3
R031567,1
R048279,1
R031063,2
R046596,1
R036909,0
R087975,0
R002158,0
R010190,1
R006780,1
R036231,0
R034857,1
R080203,0
R095248,1
R072272,3
R049055,1
R024871,3
R011520,0
R051798,0
R008590,2
R062153,1
R066002,3
R065091,1
R010938,0
R030670,2
R096094,0
R095023,0
R081489,2
R056275,1
R052521,0
R072162,0
R083519,3
R083670,2
R095390,1
R023891,0
R083927,3
R079422,0
R076354,0
R023026,2
R092222,2
R028773,1
R029878,3
R053155,3
R070978,1
R098279,2
R047310,1
R005459,1
R094647,0
R063060,3
R029492,2
R077731,0
R024531,1
R049298,3
R066954,2
R023705,0
R050897,1
R050006,2
R009893,3
R027774,2
R000194,0
R074843,3
R050213,1
R027281,3
R000441,0
R046529,1
R090061,2
R098062,3
R041297,3
R033067,1
R005530,0
R029426,0
R097110,2
R026943,2
R093050,1
R002427,3
R052313,0
R052809,0
R073776,1
R013094,0
R075522,0
R095643,3
R098870,3
R085992,0
R031968,0
R084610,2
R039591,0
R023588,1
R093232,0
R033762,1
R093260,0
R037267,2
R000517,0
R053481,2
R017195,2
R074135,0
R051393,0
R078661,2
R095316,0
R088949,2
R057473,0
R076439,3
R098631,0
R011022,0
R054094,2
R052498,2
R000684,3
R003081,3
R017863,0
R087491,0
R079531,2
R087274,2
R089365,3
R026052,1
R054107,1
R003920,0
R066552,3
R015925,3
R092121,0
R050977,0
R061937,1
R092055,0
R077898,2
R036183,3
R071055,3
R019972,0
R080885,3
R030717,2
R060024,0
R052273,0
R039903,0
R032774,0
R065854,0
R013172,0
R060881,0
R037932,3
R089839,1
R089162,3
R097673,0
R016136,3
R007957,2
R011156,0
R008184,3
R066410,2
R081639,0
R047058,1
R076067,0
R079215,0
R037927,0
R081540,2
R066564,2
R063042,3
R078866,1
R080807,2
R059759,1
R012114,0
R022774,2
R053458,0
R067093,0
R085308,3
R028526,0
R087541,0
R058857,3
R083374,2
R042854,2
R021411,3
R095343,2
R096304,0
R001893,0
R078456,0
R000601,0
R066401,0
R002297,0
R042787,3
R069438,0
R096697,0
R090006,3
R051938,1
R033977,1
R000891,1
R027152,0
R074784,1
R058631,3
R035477,0
R020141,1
R056656,0
R052143,0
R033851,2
R096199,1
R066296,2
R006725,2
R053297,3
R078761,0
R055248,3
R079668,1
R079579,0
R061248,3
R044198,0
R044931,0
R002079,1
R091862,3
R045614,0
R075134,2
R083494,0
R000515,3
R029907,1
R029864,2
R019984,2
R069787,0
R090950,0
R012555,0
R065458,1
R094953,0
R050949,1
R090191,1
R098736,3
R052049,0
R051581,3
R093918,0
R087273,1
R061712,0
R052435,2
R046303,3
R097934,1
R073281,0
R035152,2
R055730,3
R071274,2
R061985,0
R014379,3
R021435,0
R028448,1
R084655,0
R004252,2
R044991,0
R003408,0
R064636,3
R037868,0
R009114,0
R000179,0
R021127,0
R012264,1
R010946,3
R017159,1
R050432,3
R092913,3
R015656,1
R098792,2
R072822,1
R049035,2
R044020,0
R065652,1
R021198,0
R050776,3
R099218,0
R041934,2
R020132,1
R012619,2
R072608,1
R032784,1
R091647,1
R026978,3
R058418,1
R095109,0
R063619,0
R028101,0
R024823,0
R082131,1
R076883,1
R035710,1
R060239,1
R019944,1
R019461,0
R074740,0
R019113,2
R091815,0
R070371,0
R081871,3
R099542,2
R075474,1
R021740,0
R045186,0
R062877,0
R089272,2
R001446,0
R098871,1
R067594,0
R001920,0
R012376,2
R048702,0
R005352,2
R097820,0
R056290,2
R054257,3
R099641,3
R096556,2
R099788,3
R041698,0
R005051,0
R013190,0
R008318,0
R045770,1
R046065,1
R035099,0
R011341,2
R009867,2
R028574,2
R002170,0
R019867,3
R085241,0
R079872,0
R013588,1
R084614,0
R087035,1
R063820,1
R018193,0
R074359,3
R014326,2
R068879,0
R060359,3
R081564,1
R076830,1
R081557,1
R032048,1
R045506,1
R017345,1
R007851,0
R025051,1
R086522,3
R055915,2
R005383,1
R034802,3
R044649,1
R074453,1
R057294,1
R031427,1
R001202,0
R045149,1
R050002,1
R094249,2
R066799,0
R081897,0
R067468,0
R076065,0
R015870,0
R019845,3
R049487,1
R049015,1
R057309,1
R064255,0
R090398,1
R012817,0
R019723,1
R000507,2
R054784,1
R092454,3
R047062,0
R021072,0
R081043,0
R028090,1
R029018,0
R054886,0
R084321,1
R022445,0
R090713,2
R073954,0
R068225,1
R048439,0
R090497,0
R076642,0
R086224,2
R070402,0
R089947,0
R032728,1
R013260,2
R030332,0
R066836,0
R031892,3
R020267,3
R055876,2
R083678,0
R082871,1
R057803,1
R071909,0
R075176,3
R088170,0
R045644,1
R026485,0
R058700,2
R053484,0
R060886,2
R075850,0
R094107,1
R090378,2
R031451,0
R078467,0
R001154,3
R096393,0
R005846,1
R097847,1
R099620,3
R070532,0
R045997,0
R019963,0
R022718,0
R045447,0
R040532,3
R090776,0
R021039,0
R094551,0
R068455,0
R016078,0
R082037,0
R017193,3
R082095,1
R033900,0
R076501,1
R098431,0
R032653,0
R098429,0
R092331,0
R098211,3
R044186,0
R071425,0
R061859,1
R079811,0
R002291,2
R078773,1
R067819,0
R024889,0
R005896,2
R072216,1
R010851,0
R059880,2
R050444,2
R041344,1
R034851,0
R098338,0
R075173,0
R061899,2
R032157,1
R030536,0
R015037,0
R079122,0
R007928,0
R011495,0
R011731,1
R067791,1
R001043,3
R015419,0
R029505,0
R000069,3
R016005,0
R093476,1
R031071,0
R055799,3
R027333,0
R069018,2
R013870,1
R034725,0
R080897,3
R077797,1
R012205,1
R037524,2
R065659,0
R070340,1
R013681,1
R092187,3
R034349,1
R066033,0
R087400,0
R045164,0
R053088,0
R048343,0
R050416,1
R072568,0
R026213,1
R057401,1
R026470,0
R022355,3
R089875,2
R043331,0
R063057,2
R091456,2
R076343,0
R008279,1
R004155,0
R078658,1
R047390,0
R056488,0
R070927,3
R030293,3
R002618,2
R038867,3
R055303,2
R045333,2
R014162,2
R084419,2
R007814,1
R072028,1
R027523,1
R057282,0
R012040,0
R065655,2
R009731,1
R017294,2
R018095,1
R003052,2
R062340,2
R036155,1
R022468,1
R045978,2
R057346,1
R005091,1
R025719,3
R057067,0
R008307,0
R082184,1
R041152,1
R081951,2
R014083,0
R074549,2
R090492,3
R070012,1
R041015,1
R024683,3
R047002,0
R017298,0
R000122,0
R048375,3
R066727,0
R061658,1
R079600,3
R029362,3
R082306,1
R055751,0
R042171,2
R058072,0
R001894,1
R042583,2
R033680,0
R079597,3
R025184,0
R077999,0
R000495,1
R032904,0
R039201,0
R073371,0
R004783,0
R019359,3
R065507,0
R035290,1
R056483,0
R081722,1
R044520,0
R028024,0
R020986,3
R083854,1
R022481,2
R030768,3
R053555,2
R058227,0
R005757,1
R040987,0
R012741,0
R085562,0
R000892,0
R026056,2
R051491,1
R046790,0
R000397,1
R028266,2
R090165,1
R072413,2
R031384,1
R001727,0
R002283,2
R065683,0
R008675,3
R050745,0
R043996,0
R076857,1
R074746,1
R051122,3
R042395,0
R000127,0
R089393,3
R044182,0
R005400,2
R008182,2
R086508,2
R030406,1
R063286,1
R079839,0
R016026,1
R042081,1
R099843,0
R024873,3
R078915,0
R073498,0
R045737,2
R051448,0
R016361,0
R044395,3
R048842,3
R000623,3
R094931,0
R087643,1
R077331,2
R045626,0
R075768,1
R025386,1
R039757,0
R050388,1
R033171,1
R078827,3
R073634,1
R040222,0
R083684,0
R049638,1
R096898,0
R012075,0
R082409,2
R025921,0
R095119,1
R057615,1
R088792,1
R083692,1
R003610,3
R022371,3
R036644,0
R073570,3
R084260,2
R041289,1
R098084,1
R074050,1
R043375,2
R033500,2
R028232,0
R056293,1
R053472,0
R048216,0
R012551,0
R087804,0
R005505,0
R033602,2
R074825,1
R009248,0
R093922,0
R056514,0
R070475,0
R082004,0
R095323,3
R050609,1
R094955,1
R068611,1
R068398,3
R022161,0
R051305,2
R028343,0
R076963,1
R063763,0
R074723,2
R049240,3
R021301,2
R095989,3
R014751,1
R070845,0
R044136,1
R062203,3
R053432,3
R070153,1
R050727,3
R094476,0
R046686,2
R023620,0
R015543,2
R001406,0
R023479,2
R063213,0
R034383,1
R025009,0
R092267,1
R014091,0
R094903,0
R037387,0
R091627,1
R086186,1
R045669,1
R029337,2
R066568,0
R060552,0
R016736,1
R096082,0
R051975,2
R066099,1
R090722,2
R004546,0
R056923,0
R032878,2
R069262,0
R065971,0
R009152,0
R001319,2
R019429,0
R087542,1
R090910,0
R063645,1
R027412,0
R014733,0
R028646,1
R037347,0
R060975,2
R097167,2
R031764,0
R034934,0
R054457,2
R021625,0
R049261,1
R058143,0
R019316,3
R089228,2
R079986,0
R038102,2
R091417,0
R092155,0
R039360,0
R034618,2
R091717,1
R059983,0
R017627,0
R087533,2
R031208,2
R010962,1
R093678,3
R017520,3
R086391,2
R024585,0
R094763,3
R003731,2
R074107,1
R021737,0
R014731,3
R002791,0
R032702,3
R026019,0
R098521,1
R014515,0
R038841,0
R076471,0
R013267,1
R083323,1
R057084,2
R028495,1
R052548,0
R028399,2
R010447,1
R092004,0
R004163,0
R063207,0
R004121,0
R098142,0
R019399,1
R062382,2
R071901,2
R066930,0
R077008,2
R030609,3
R089477,3
R082308,1
R022324,0
R043159,0
R053691,1
R011467,3
R020976,2
R072617,0
R091362,2
R036927,1
R087161,3
R058863,3
R085469,3
R093013,1
R015095,1
R043117,0
R089636,0
R095321,1
R099812,3
R097513,0
R060878,1
R008199,0
R065962,1
R060467,3
R031147,3
R082226,0
R059026,0
R072815,3
R094513,0
R026269,1
R073842,0
R025550,0
R031225,0
R050570,1
R088016,1
R010284,3
R032652,1
R052747,3
R048907,0
R079014,2
R040955,1
R064624,0
R052815,3
R054583,0
R015600,0
R010619,1
R034240,0
R073441,0
R052721,0
R053266,2
R086682,0
R078857,3
R022420,1
R085805,1
R070733,2
R007569,3
R055841,1
R093985,0
R023193,1
R099139,2
R006434,1
R052205,3
R020374,3
R045871,0
R058203,0
R040052,1
R016289,3
R005911,2
R079322,0
R072959,3
R055067,0
R070023,2
R026700,0
R088375,0
R069477,0
R055117,0
R094606,3
R017033,1
R021535,0
R005944,0
R086804,0
R068054,1
R072964,0
R010102,0
R069464,1
R077542,0
R046537,0
R088513,1
R045185,0
R057192,1
R063029,0
R046921,1
R020545,2
R092654,1
R004250,3
R092593,0
R048333,2
R068349,0
R099160,0
R085812,1
R029903,0
R038538,3
R093727,0
R049588,1
R005569,0
R078615,3
R008043,1
R085032,3
R034954,0
R056295,0
R029820,1
R049995,0
R084795,0
R083923,3
R017051,0
R013816,3
R034855,0
R015669,0
R058132,3
R058302,1
R041480,0
R002111,1
R099927,2
R059854,0
R095701,0
R062870,2
R084537,0
R083235,1
R074628,2
R050423,0
R066533,0
R048199,2
R099696,1
R040250,2
R078253,1
R050734,0
R010874,2
R063030,0
R001559,0
R065704,1
R014305,2
R018925,0
R013625,0
R019209,0
R046468,2
R092693,0
R062314,2
R099291,0
R002320,2
R075386,0
R054161,1
R025790,0
R000068,0
R067348,0
R065844,1
R000229,2
R080582,3
R031460,2
R090885,0
R001337,3
R085216,3
R073336,2
R060424,3
R045103,0
R021757,0
R048901,2
R033484,0
R037422,0
R095641,2
R020755,0
R046396,0
R017004,2
R074852,3
R041621,0
R027552,1
R059924,1
R096672,1
R097108,2
R027819,3
R005440,0
R097660,1
R007716,0
R053254,0
R063091,0
R082227,0
R052765,0
R089717,1
R037543,0
R021276,1
R034124,1
R094840,0
R087764,3
R037935,1
R064955,1
R018762,1
R080719,0
R067964,2
R067087,2
R061345,0
R010279,1
R035692,0
R061061,1
R072347,0
R004434,2
R084943,3
R008935,2
R024464,3
R054337,0
R073479,0
R098228,0
R021237,0
R012583,0
R028499,3
R024500,0
R046977,0
R071320,1
R076331,0
R097010,0
R080133,0
R087927,3
R011003,0
R064790,0
R003845,0
R074622,0
R098865,3
R070955,0
R083503,0
R010020,0
R072925,0
R045544,0
R067567,1
R060404,0
R048318,0
R071184,2
R004716,1
R093319,1
R087426,3
R073493,1
R055032,1
R083860,1
R003914,0
R056187,0
R037190,1
R096845,1
R049946,2
R010059,0
R099386,1
R003491,0
R030597,1
R009503,0
R068238,2
R070399,0
R083594,3
R019605,3
R013215,0
R068371,0
R007073,0
R052934,3
R006227,0
R015090,0
R011474,0
R073918,3
R054241,0
R012477,0
R022556,2
R054939,1
R099165,1
R001798,1
R039232,0
R035505,1
R058375,2
R049585,0
R071439,0
R023327,0
R083584,3
R049998,0
R015590,3
R041200,2
R004909,0
R022660,1
R061505,0
R051402,2
R077183,2
R079855,0
R047349,0
R017770,0
R012153,2
R067025,1
R062736,2
R036875,2
R061258,1
R099626,1
R037683,0
R005948,0
R047900,0
R080527,2
R056698,2
R085748,2
R071832,1
R000465,2
R086047,0
R009424,0
R066672,0
R087612,0
R020038,0
R002341,0
R099717,0
R032888,1
R045460,1
R028843,2
R027505,0
R099708,0
R069433,3
R039342,1
R093357,0
R055999,0
R026172,0
R046421,3
R019112,0
R012012,2
R044681,0
R092370,0
R061630,1
R097283,0
R018353,3
R013975,0
R053980,1
R019752,1
R072355,0
R098162,3
R049315,0
R084668,0
R098629,3
R058479,2
R096757,0
R016804,0
R092220,1
R050383,2
R086571,1
R025684,0
R015540,1
R036064,0
R075779,1
R025286,2
R066240,2
R040358,2
R054230,0
R053069,3
R072872,2
R096927,2
R020465,0
R022017,1
R072008,3
R009848,0
R094499,0
R076793,0
R081158,3
R043650,2
R080371,1
R094412,3
R049184,1
R036765,0
R078549,2
R095061,2
R061649,1
R091432,0
R090730,2
R014500,1
R054332,0
R067794,0
R069003,2
R051090,1
R052795,0
R026888,0
R034795,3
R005882,0
R059636,3
R040553,1
R052728,0
R096745,2
R006923,1
R008663,0
R050857,2
R024312,1
R029304,0
R007694,1
R054895,1
R057134,1
R072672,0
R000501,0
R068731,0
R077697,0
R084584,3
R040265,3
R046803,0
R098859,1
R093787,2
R046620,0
R056185,0
R007421,1
R007692,0
R065483,3
R006366,1
R077070,1
R043438,2
R077964,0
R065252,0
R020484,2
R091966,3
R006654,3
R003867,1
R052751,0
R000500,0
R071487,2
R030148,0
R055438,1
R031068,1
R000298,0
R039846,0
R023989,1
R027352,2
R066557,3
R040978,0
R002575,1
R026015,3
R000169,0
R026327,1
R088219,1
R025978,0
R096158,1
R088280,0
R046898,1
R040152,3
R088571,0
R060798,1
R044703,0
R060618,1
R077286,1
R091420,0
R038481,2
R041234,3
R044380,1
R044247,3
R043602,3
R014737,0
R060553,1
R043998,1
R050856,3
R083538,2
R063809,0
R051833,1
R006653,1
R052071,0
R096615,3
R054729,0
R088241,1
R070729,0
R015062,0
R032651,2
R067784,0
R065926,0
R046800,2
R086386,1
R089921,2
R045749,0
R099445,3
R039779,3
R070003,3
R016782,0
R098793,0
R046806,1
R098880,2
R062192,0
R090806,2
R049785,1
R024486,1
R087147,3
R047843,1
R072489,1
R040966,2
R018709,0
R007081,0
R097891,1
R097097,3
R035968,0
R064106,0
R032565,0
R088797,1
R076381,0
R057724,3
R086477,0
R070015,2
R029168,2
R008711,0
R071843,2
R066188,2
R012755,1
R028016,0
R015730,0
R068255,1
R088127,0
R016055,3
R039600,3
R060643,0
R039200,3
R023465,1
R024801,2
R018253,0
R013842,2
R078297,0
R010416,0
R086404,2
R076915,1
R076922,2
R078931,0
R003335,0
R048271,0
R029389,2
R067467,1
R006315,0
R030528,0
R083081,1
R045478,1
R086518,3
R061577,0
R004681,3
R039809,1
R054379,0
R061251,0
R089906,3
R055553,1
R046445,1
R018322,3
R083877,0
R097525,0
R055795,1
R089116,0
R085959,2
R004409,0
R031676,3
R084289,3
R016405,1
R034282,1
R049449,0
R035560,0
R085410,2
R063658,1
R055966,0
R058555,1
R077707,2
R099171,0
R022405,0
R020537,2
R002925,0
R098992,1
R020335,3
R070065,0
R018703,3
R081434,1
R018035,1
R001542,0
R040524,3
R063140,1
R073716,1
R025110,0
R003093,0
R097542,2
R050538,3
R083931,0
R081415,1
R017989,3
R087837,0
R090714,2
R082846,2
R016077,0
R057296,2
R079988,1
R058780,0
R079161,0
R052027,0
R050092,3
R057551,0
R069443,1
R010871,1
R064574,0
R084692,2
R087129,1
R028857,1
R054748,2
R014349,0
R081143,0
R050201,1
R095045,1
R038403,0
R022018,3
R090460,0
R065658,0
R078505,1
R076174,0
R093947,2
R093737,3
R029658,0
R007550,0
R018187,1
R062961,1
R060677,0
R047666,2
R049727,0
R057464,0
R015864,3
R023845,0
R013835,3
R002893,1
R080436,0
R019457,2
R046550,0
R046079,0
R027336,1
R046165,1
R021998,0
R048607,0
R080547,1
R044422,1
R002415,3
R013005,1
R060271,2
R098213,1
R078224,2
R074446,1
R084341,1
R050199,1
R085517,0
R059297,3
R041090,0
R061073,3
R091887,1
R074750,1
R022717,0
R000883,0
R065634,0
R049551,0
R098803,2
R083261,0
R070327,0
R095734,0
R003729,2
R092489,0
R042784,3
R062574,3
R009770,0
R008122,2
R061051,2
R040637,1
R088956,1
R029376,2
R039123,2
R039920,0
R027543,1
R088105,1
R095392,0
R094316,3
R023608,0
R081975,0
R057153,0
R013534,0
R019472,2
R037148,0
R056076,2
R043592,1
R036677,0
R085530,2
R092510,0
R093373,0
R032671,0
R080291,1
R028397,0
R066281,1
R068159,3
R076605,1
R067279,1
R093995,1
R053424,0
R003109,2
R036126,0
R057986,1
R035349,0
R090369,0
R038510,0
R062913,0
R087602,1
R018456,2
R060569,1
R032495,0
R076579,1
R078637,2
R045060,1
R090022,0
R048384,2
R047039,0
R067517,0
R084727,0
R047085,2
R049908,1
R024062,1
R076440,0
R005908,2
R001912,3
R066977,0
R058839,0
R047235,1
R002232,3
R034372,0
R016966,0
R005638,1
R042785,0
R080310,0
R090469,2
R031656,0
R045461,0
R036436,1
R006102,1
R064872,1
R089509,3
R052953,2
R031216,0
R034516,0
R054034,0
R059714,3
R085055,3
R000847,2
R025841,2
R073179,1
R035568,3
R030592,2
R041150,1
R075849,0
R000642,0
R032814,2
R043115,3
R082986,0
R006782,1
R091633,2
R090320,3
R003067,1
R052925,2
R078327,0
R078947,3
R040263,1
R088006,0
R074362,2
R007693,0
R046294,1
R028888,0
R007498,2
R084380,2
R050422,0
R032096,0
R064235,0
R057155,0
R056491,1
R094961,0
R081782,0
R084335,3
R015100,0
R040986,2
R041353,3
R058698,0
R027298,0
R067751,0
R010095,0
R047776,0
R039199,2
R091516,1
R022735,0
R024074,1
R014123,0
R064404,1
R011948,0
R043341,2
R071932,0
R038351,0
R089474,0
R024084,0
R092539,3
R057108,0
R010249,1
R024834,2
R006983,2
R059043,3
R087337,0
R008147,0
R061288,2
R043390,3
R079589,0
R062952,0
R021112,3
R093621,0
R086928,0
R011192,0
R050197,0
R004244,1
R010052,0
R010481,1
R066076,0
R023911,3
R082587,0
R064015,3
R032883,3
R071355,0
R062139,3
R045842,1
R017736,0
R083060,0
R028776,0
R042956,1
R028028,0
R057924,3
R011640,0
R010925,0
R013703,0
R088412,3
R044325,0
R021688,1
R089112,0
R007023,2
R031110,0
R029495,0
R053091,1
R059690,3
R068086,3
R077440,3
R045378,0
R009600,2
R014435,2
R097128,1
R083295,2
R052456,0
R050291,0
R064546,3
R008074,1
R039030,1
R006128,0
R012819,1
R008779,0
R047538,1
R041712,3
R012335,0
R040560,1
R006638,0
R048474,0
R048165,0
R093514,2
R017932,1
R062092,3
R061365,1
R065134,0
R062818,0
R080243,0
R018344,2
R099439,2
R019352,1
R011899,1
R041355,3
R097549,0
R004300,0
R056653,1
R012914,3
R017776,0
R056498,3
R047554,0
R044184,1
R003557,0
R054299,0
R090017,0
R088265,2
R085480,2
R065031,0
R041252,1
R077600,0
R015562,0
R067748,1
R049864,0
R007530,0
R055631,0
R005787,1
R088692,0
R090099,0
R057646,0
R079361,3
R075162,0
R076390,0
R090926,1
R057948,0
R083802,0
R009920,2
R063270,0
R076266,2
R035966,1
R063163,3
R087382,1
R011712,0
R000591,0
R013621,1
R081753,3
R083820,2
R061378,0
R088924,2
R096810,1
R091599,1
R054003,0
R012071,2
R021710,2
R071103,1
R065342,0
R045962,2
R038680,3
R005756,0
R019850,2
R025101,0
R099514,0
R071433,1
R072370,3
R015570,1
R009812,0
R013292,0
R001238,0
R034018,0
R046463,1
R091224,3
R092738,1
R079211,3
R004954,0
R022300,1
R058652,1
R012124,3
R033601,2
R036628,0
R039132,3
R008157,2
R035991,3
R041187,0
R060538,2
R044196,2
R057716,3
R022421,0
R088050,0
R057893,1
R068317,2
R018506,1
R073821,2
R071654,1
R050453,0
R006559,0
R076902,0
R007610,0
R033241,3
R087796,0
R061293,2
R090525,1
R018962,3
R061196,0
R070802,0
R033511,0
R069778,1
R089037,0
R086480,0
R099974,0
R093874,0
R041013,3
R042973,1
R035577,2
R015160,3
R081146,0
R062772,0
R058826,0
R081735,3
R041325,0
R028311,0
R013074,0
R044827,2
R099809,0
R021570,3
R014192,2
R021120,1
R055749,1
R075672,0
R019581,0
R044756,0
R046534,3
R057141,3
R039178,2
R061646,0
R065539,0
R046038,0
R083068,0
R043627,0
R002462,1
R069853,3
R058411,3
R013110,1
R037163,2
R000016,3
R002493,3
R036908,1
R013399,1
R066899,0
R011375,1
R017843,0
R039866,0
R098781,0
R039545,2
R020596,0
R021239,1
R051617,0
R095397,3
R034178,1
R046669,2
R054304,1
R067886,1
R030613,0
R077130,1
R076957,3
R026060,3
R060063,1
R030790,2
R054996,1
R044791,3
R032725,0
R055598,2
R083885,1
R046420,1
R037574,3
R056537,0
R034976,0
R093680,2
R000187,3
R057792,0
R090560,0
R011597,1
R039546,1
R097029,0
R019764,0
R048672,1
R055400,0
R032269,1
R034071,0
R084248,1
R076478,2
R057840,1
R062286,2
R070500,3
R083380,0
R059521,0
R010223,0
R081257,0
R070854,0
R001443,1
R019993,1
R099549,1
R092392,0
R066818,2
R097081,2
R016648,2
R053380,0
R084721,0
R040790,1
R067216,1
R024628,0
R036035,0
R082450,0
R017889,0
R059231,1
R096387,1
R070048,0
R078379,2
R009531,2
R039006,0
R055788,0
R063404,0
R039059,0
R019126,0
R084891,1
R000243,1
R012142,0
R054521,1
R039340,3
R080233,0
R011796,0
R051263,3
R006259,0
R083639,0
R077865,2
R044075,0
R017617,2
R024323,3
R064267,0
R024182,1
R065488,0
R000980,0
R097308,1
R019595,0
R010479,0
R078801,3
R099465,0
R064982,0
R011252,1
R093789,2
R073156,2
R097306,0
R018740,1
R020407,1
R015166,0
R023931,0
R006546,0
R065799,0
R099472,1
R092123,0
R073658,0
R095670,0
R060544,1
R039193,1
R019913,3
R026017,0
R054506,0
R010126,2
R037848,1
R009700,2
R024512,2
R062397,1
R050425,0
R081730,3
R071470,0
R058956,1
R084980,0
R060596,2
R015846,3
R076209,1
R050032,1
R076403,1
R024334,1
R006828,0
R041120,2
R082459,0
R007843,0
R048475,1
R089798,1
R047195,0
R048068,1
R036301,0
R084427,1
R097916,2
R098006,1
R001230,0
R062732,1
R003300,0
R018285,1
R085054,2
R059531,3
R016122,1
R048133,2
R002303,2
R044536,2
R045462,0
R047025,0
R090718,2
R093102,2
R045118,0
R043379,1
R003233,0
R086709,0
R035889,0
R071710,1
R078148,2
R041213,2
R033668,1
R045483,2
R075632,0
R093802,2
R088935,0
R087846,3
R052389,2
R040444,0
R022347,0
R040899,3
R007932,0
R051782,0
R074859,0
R065591,0
R056991,1
R046049,0
R031046,0
R044894,3
R013264,0
R082516,0
R032777,2
R058300,0
R036763,0
R028848,0
R008742,0
R038541,2
R070154,0
R079647,3
R055647,0
R014481,3
R001183,3
R089416,0
R061070,1
R054195,3
R097759,2
R096461,2
R053261,1
R097075,1
R089998,3
R008341,0
R081200,1
R039552,0
R056473,1
R024020,2
R092244,0
R031209,2
R053838,0
R062393,1
R036725,3
R008600,0
R048051,0
R026268,3
R048321,0
R097109,0
R022335,0
R018346,0
R058101,0
R027711,1
R050419,0
R075149,0
R002523,1
R023820,0
R080830,0
R018649,2
R028166,2
R060807,1
R077005,2
R032329,0
R071391,2
R069754,0
R071513,2
R055241,0
R042406,1
R020384,2
R024018,0
R041648,0
R073212,2
R019846,2
R071573,0
R065209,1
R090723,1
R017013,0
R069385,1
R055758,0
R073672,1
R029371,3
R065697,1
R050596,0
R029357,3
R083474,1
R093428,0
R011406,0
R039379,0
R031293,0
R085323,0
R071947,3
R093603,3
R010403,0
R008028,0
R056224,3
R077547,3
R075299,1
R086090,1
R055842,0
R047476,0
R001089,2
R075905,3
R047745,1
R069394,2
R043475,1
R048921,0
R066701,0
R058925,0
R001142,1
R041783,1
R060005,0
R046701,1
R008582,0
R061112,3
R081063,2
R032534,2
R030382,1
R062178,1
R032382,0
R010349,0
R092837,1
R066416,0
R005224,0
R057795,2
R081513,2
R001055,2
R038955,0
R092713,1
R037084,3
R026894,3
R084854,2
R097755,2
R034941,3
R079948,1
R048992,1
R063022,0
R041978,1
R023420,2
R037401,1
R020777,1
R017595,3
R097452,2
R040732,1
R053635,1
R085819,0
R069235,2
R063639,1
R090760,0
R033316,2
R086808,2
R064450,2
R085895,2
R017526,0
R053634,0
R029623,3
R043818,1
R094168,0
R065756,3
R047792,3
R010241,2
R070221,1
R099005,0
R080611,0
R060722,0
R042828,0
R078984,2
R059747,0
R037914,3
R048894,0
R054812,0
R044799,0
R008894,3
R072037,0
R076825,3
R004896,1
R085188,0
R056304,0
R003442,0
R008528,1
R020338,0
R030684,1
R054819,0
R015003,0
R031685,1
R049951,0
R041211,0
R014165,0
R068747,3
R069963,0
R082746,2
R099798,0
R058280,0
R085982,1
R031202,1
R013986,0
R020130,0
R003002,1
R080002,3
R056548,0
R093623,3
R037099,2
R095673,0
R090074,2
R035456,0
R057345,3
R094272,0
R058063,1
R061539,2
R065935,2
R037175,1
R055433,0
R070939,1
R042996,0
R066230,0
R054690,0
R009881,0
R008464,2
R067097,3
R045361,0
R074580,1
R064056,0
R094775,2
R041261,1
R064133,0
R001518,2
R062084,1
R073356,0
R020874,3
R009328,0
R023546,3
R019195,0
R090672,1
R005671,0
R053202,0
R035748,0
R036066,1
R050488,0
R096781,2
R080782,0
R072517,0
R027625,1
R003938,0
R090479,2
R035170,2
R067185,0
R040566,2
R099709,1
R050591,2
R027245,1
R069665,2
R025026,0
R069543,2
R025129,0
R052905,0
R065911,3
R056899,2
R018498,1
R006991,0
R089057,1
R007002,1
R000266,0
R048534,2
R055326,2
R013133,0
R037758,1
R082877,0
R063548,0
R097246,1
R077742,0
R090899,0
R077079,0
R029381,1
R029445,3
R053543,1
R098758,1
R062227,0
R054232,0
R083204,2
R027258,3
R027115,3
R073535,0
R033913,0
R015614,1
R048251,1
R077196,0
R059064,1
R050098,3
R012291,1
R055732,2
R077463,2
R044169,3
R013088,0
R090197,1
R074988,1
R014845,1
R062172,0
R070656,3
R062289,0
R095649,0
R067619,2
R000629,2
R032365,0
R081003,0
R091810,1
R074538,1
R030696,2
R010650,3
R034326,0
R054475,0
R019402,0
R057388,2
R028319,1
R079187,1
R080655,0
R046198,0
R082109,0
R096079,0
R065765,0
R029805,0
R096626,3
R059677,1
R071127,0
R091072,1
R033403,0
R040090,0
R020503,1
R019567,3
R067752,1
R001600,0
R013597,2
R035008,0
R098960,1
R043234,1
R008883,3
R000947,3
R003161,1
R083315,3
R090238,1
R011604,0
R080667,3
R038506,0
R033176,1
R077072,1
R058305,2
R043082,0
R040193,1
R074378,0
R026379,1
R028488,1
R074182,0
R091028,0
R014371,0
R087828,0
R034279,0
R041556,2
R078512,1
R003893,1
R082322,1
R093876,3
R065169,3
R076290,0
R083207,3
R091565,3
R076236,3
R050812,1
R024535,0
R031727,3
R066952,2
R011888,0
R018139,0
R061958,0
R050285,3
R039438,2
R035499,0
R055097,0
R061370,0
R084902,0
R083507,1
R072229,1
R088426,1
R028817,0
R033996,3
R017905,1
R034185,0
R012407,1
R010294,0
R088642,0
R046913,0
R087091,1
R096874,0
R024827,3
R050263,0
R097942,0
R045365,0
R022561,2
R019916,0
R086076,1
R025909,1
R027181,3
R055744,3
R042924,1
R037517,1
R060420,3
R036202,2
R027955,1
R017299,0
R077181,0
R005927,3
R003772,1
R004629,1
R075380,2
R052998,3
R098135,1
R066991,0
R089443,0
R011352,2
R020150,1
R071402,0
R000757,2
R087841,1
R077868,2
R031754,0
R070913,1
R096620,0
R026975,1
R012272,0
R063305,0
R050028,1
R078620,0
R048537,0
R081437,2
R012637,2
R072099,1
R044603,1
R072193,1
R054711,3
R015532,1
R070705,0
R034166,0
R087556,2
R003361,0
R017005,0
R091756,0
R073573,3
R016302,0
R004474,0
R003451,1
R008772,3
R078278,1
R008355,2
R093141,0
R047948,0
R048287,1
R013569,0
R030258,0
R091383,0
R028065,0
R096070,0
R067882,3
R076518,3
R074309,0
R080229,3
R078000,0
R053028,3
R013565,3
R033060,0
R052174,3
R024055,1
R007547,1
R038038,0
R002859,0
R019590,0
R069422,0
R093771,3
R088262,0
R098690,0
R094241,0
R047276,0
R088867,0
R054646,1
R039954,0
R015978,0
R012928,3
R019268,0
R027237,1
R032593,0
R023057,3
R081555,0
R040842,2
R013108,2
R065318,0
R069468,1
R077068,3
R042558,1
R068219,0
R068677,3
R039789,0
R034783,1
R048863,0
R005631,0
R019259,0
R077281,0
R046540,1
R028197,2
R005695,0
R069690,1
R021171,0
R035274,0
R025787,0
R055666,1
R082726,1
R070739,0
R071965,0
R047324,0
R034342,0
R048025,1
R054781,0
R002431,3
R051918,0
R087288,2
R044357,0
R028338,0
R001127,1
R087174,1
R038598,2
R076966,1
R068602,2
R004246,0
R088106,0
R060660,1
R030825,0
R029727,0
R037624,1
R018106,0
R078097,1
R026013,0
R065759,1
R095887,0
R085141,0
R004193,0
R077251,2
R030365,0
R012974,0
R075587,3
R064130,2
R011561,2
R092919,2
R008287,3
R026032,1
R087208,1
R043061,1
R098269,0
R029989,2
R015408,2
R002727,3
R075156,0
R062182,2
R084424,2
R086052,2
R048454,0
R071755,3
R096268,0
R006646,0
R043238,1
R065452,0
R057804,0
R019029,0
R090026,0
R075540,0
R083242,0
R087303,0
R002984,2
R024341,3
R032703,1
R029134,1
R084669,3
R006181,3
R013141,0
R037963,0
R019160,0
R058536,0
R091970,2
R035519,1
R025402,0
R094491,1
R004561,0
R096638,3
R080568,2
R014278,0
R049657,0
R012497,0
R094898,0
R074621,3
R006482,0
R036598,2
R048104,3
R035540,1
R006990,0
R026955,2
R074073,1
R080143,2
R085560,1
R046299,0
R032219,0
R057929,1
R001156,1
R080253,1
R017406,1
R004680,1
R076978,0
R028194,0
R074982,3
R082488,3
R036292,3
R086056,0
R021834,3
R030504,1
R083666,0
R099416,0
R014423,0
R091400,1
R011259,2
R011114,1
R042539,0
R096968,1
R000529,1
R005528,0
R033801,1
R043705,0
R057469,0
R090925,0
R070661,0
R045847,3
R031815,0
R042667,2
R058311,3
R045727,3
R039140,1
R011067,2
R007355,1
R003524,0
R055826,0
R074333,2
R078995,1
R001991,1
R074110,2
R091934,1
R014306,1
R019860,0
R039278,0
R042277,1
R083542,1
R001883,1
R059495,0
R093515,0
R093026,0
R028081,0
R008289,2
R059128,1
R009375,0
R004855,2
R061812,2
R089476,0
R062301,1
R041925,1
R082970,3
R049074,0
R092428,0
R066345,2
R003128,1
R013893,2
R017800,1
R070008,0
R046406,1
R037545,0
R076673,0
R025700,3
R037003,2
R035893,0
R005153,0
R097782,0
R094230,2
R022875,1
R024641,0
R019898,1
R073798,1
R047265,0
R047475,2
R018203,0
R029388,0
R036679,0
R012876,0
R031260,1
R063484,1
R060901,1
R078435,1
R021711,0
R047337,0
R090957,0
R014721,3
R074181,0
R041382,0
R075791,0
R091036,3
R039155,1
R037472,1
R073107,1
R001404,2
R097887,0
R032839,0
R077305,1
R079651,3
R086888,0
R068431,0
R058623,1
R048416,0
R063378,1
R029789,0
R088645,2
R040362,0
R028535,0
R076717,2
R048792,1
R076784,2
R060187,0
R052436,3
R009229,0
R080804,2
R047220,3
R025090,0
R094459,1
R021142,0
R085814,1
R020653,1
R054674,0
R041725,0
R022733,3
R073144,3
R043730,0
R068586,3
R090795,3
R015463,0
R084111,1
R079805,0
R011316,2
R089702,3
R039926,3
R030152,2
R029277,1
R052165,3
R004612,0
R074178,0
R064840,1
R071735,0
R054063,1
R077401,1
R035746,0
R038908,3
R058344,0
R057274,1
R076817,1
R018380,0
R095113,0
R058029,0
R038523,0
R006950,0
R018622,0
R090740,1
R046470,1
R014605,0
R057667,2
R023192,0
R065333,0
R033288,0
R064505,0
R003231,0
R003040,2
R035527,0
R057641,0
R021594,0
R021440,0
R031337,3
R007666,0
R038923,0
R093938,0
R021932,0
R094549,0
R020467,1
R003458,0
R002312,1
R017254,1
R087525,0
R016540,3
R037613,2
R034575,1
R001146,1
R061750,2
R044652,2
R064197,0
R017416,1
R034223,2
R055497,0
R098202,1
R055571,0
R084328,1
R016589,0
R031244,0
R047664,0
R092100,1
R092066,1
R031497,0
R049613,0
R058328,0
R017795,3
R049716,0
R017194,2
R056520,3
R022539,1
R040297,2
R029437,0
R029718,0
R076613,0
R090873,2
R063530,1
R058540,0
R070283,0
R050004,1
R070920,3
R084022,1
R044286,0
R014238,2
R050755,0
R089829,3
R004325,0
R034649,2
R000782,3
R034871,3
R070313,0
R003857,3
R056436,1
R032023,1
R087082,0
R063300,0
R000653,2
R007192,0
R048879,1
R020910,0
R054469,0
R016808,2
R007663,0
R018885,1
R022820,3
R007061,3
R096568,0
R098724,1
R078153,0
R098434,0
R071791,0
R018682,0
R085855,1
R038889,1
R033103,1
R055471,0
R090787,0
R002078,1
R007665,0
R046554,0
R009205,1
R061301,3
R042237,0
R089431,2
R087350,0
R086358,3
R096503,0
R074546,0
R021995,1
R007050,3
R044249,3
R064164,1
R001445,0
R033553,3
R005194,0
R025061,0
R004565,3
R073186,3
R007731,0
R066127,1
R043130,0
R089449,0
R032446,3
R096412,3
R042753,1
R047148,0
R006292,3
R047114,0
R016937,0
R021036,0
R000008,2
R019250,0
R061372,3
R024662,0
R023919,0
R055092,0
R030384,0
R001076,1
R005888,0
R026469,3
R084056,2
R093949,0
R049329,2
R093475,1
R006375,1
R075894,1
R013827,2
R045939,0
R017935,1
R019906,0
R014588,0
R001365,1
R050026,0
R026223,3
R011696,2
R036653,1
R074283,1
R069150,0
R089491,0
R022321,0
R075968,1
R077751,0
R066642,0
R013958,3
R036513,2
R020200,0
R090866,1
R061556,2
R077320,3
R019340,0
R038298,0
R073755,0
R074385,1
R026189,3
R056384,2
R023833,0
R051668,3
R091710,1
R090183,0
R045279,1
R044917,2
R063954,0
R090533,2
R021348,0
R037680,0
R022207,1
R077884,3
R031164,0
R062938,3
R005334,1
R027228,3
R044048,0
R038546,0
R058273,3
R097962,3
R026588,2
R069824,0
R033251,0
R045568,2
R099094,0
R060532,1
R051875,1
R065686,0
R077645,2
R030694,1
R039152,1
R098098,3
R027996,2
R019840,2
R056652,0
R028868,0
R080976,0
R042806,1
R093831,3
R090859,0
R098947,1
R059287,0
R088591,1
R098066,0
R024365,1
R068927,0
R084316,0
R068015,0
R019165,0
R028934,0
R098972,0
R027398,0
R088872,1
R041277,0
R064804,2
R080326,2
R025837,0
R030850,0
R056391,0
R080585,1
R049452,0
R003432,0
R019973,0
R037364,1
R034385,0
R004999,1
R021228,0
R060867,0
R026321,0
R077182,1
R062849,1
R022940,0
R071441,0
R021805,1
R091350,2
R041337,1
R034378,0
R064359,0
R022889,0
R091153,1
R024950,1
R032786,1
R087037,1
R082604,0
R016023,1
R020331,3
R039518,1
R003050,0
R026138,3
R075673,0
R096352,0
R075950,0
R012505,0
R014975,0
R007281,2
R027777,2
R088344,0
R095282,3
R035106,2
R028643,2
R092194,1
R025634,0
R018554,0
R099581,1
R099037,3
R001631,3
R065785,1
R065808,0
R043123,0
R049624,0
R052949,3
R027164,0
R013574,0
R070393,3
R012962,0
R046662,0
R079957,3
R075019,1
R004347,0
R048683,1
R076201,3
R085422,2
R036507,0
R005823,0
R068852,0
R030062,1
R023180,2
R090062,1
R051647,3
R051667,3
R062291,0
R040768,0
R018984,3
R055559,0
R037808,0
R041586,1
R043966,0
R042044,3
R070243,0
R014815,0
R088855,0
R014847,3
R022873,0
R082545,1
R005245,2
R065233,0
R095243,0
R094895,0
R085825,1
R022568,0
R059460,0
R082233,0
R012478,0
R021164,2
R055774,1
R061451,2
R006789,1
R034064,1
R050049,3
R070748,0
R052846,0
R093460,1
R027083,0
R024515,0
R032711,2
R060735,1
R081725,2
R094890,2
R085810,2
R094490,3
R051865,0
R043790,0
R035537,0
R019384,2
R057400,2
R000979,0
R020053,1
R083727,0
R090600,0
R031328,0
R027598,1
R033984,1
R039612,2
R030230,2
R059433,0
R007248,2
R048886,0
R025181,2
R033232,0
R025654,0
R041182,0
R050729,0
R027104,0
R053300,1
R016053,1
R005925,2
R059987,3
R046324,1
R010544,0
R070502,1
R079683,0
R053783,0
R060462,0
R018848,0
R061089,3
R026216,3
R059229,1
R058061,2
R015818,0
R072967,0
R031711,2
R082171,0
R089500,0
R067305,3
R048615,3
R076741,0
R035738,2
R079157,2
R041514,1
R097273,3
R015477,0
R056000,1
R087122,1
R013686,0
R072716,0
R073756,0
R054149,0
R037354,1
R045450,2
R010054,0
R080005,0
R026152,0
R049875,0
R035472,0
R067900,1
R099923,2
R094317,3
R060137,0
R005669,0
R045726,0
R015886,0
R012428,3
R042860,0
R003582,1
R075046,2
R018018,0
R061563,1
R033549,0
R046083,1
R004975,2
R054166,1
R096372,0
R084717,0
R047690,1
R048562,2
R045829,1
R005648,1
R034906,0
R025349,0
R014925,0
R096346,1
R023367,0
R062243,2
R014313,2
R028385,1
R043004,2
R082607,1
R042293,1
R014945,1
R000295,0
R062669,1
R030083,2
R036829,0
R009982,1
R012720,1
R058360,1
R044856,0
R052617,0
R088502,0
R012614,0
R087064,1
R081342,0
R088034,1
R031867,0
R065838,0
R081587,1
R033585,1
R029886,1
R023428,0
R022367,2
R058213,0
R077199,2
R004340,2
R019343,0
R097217,3
R034849,2
R037092,1
R098273,0
R067650,1
R038258,0
R025575,0
R022532,0
R039865,1
R000563,0
R068603,0
R002491,0
R039203,0
R057527,1
R044362,0
R095829,0
R080095,1
R034300,2
R082310,0
R000190,0
R020524,0
R020466,0
R054282,1
R095000,0
R088528,0
R078746,0
R085084,0
R086983,0
R020631,0
R000526,0
R053360,0
R069279,0
R001100,0
R007310,0
R001597,0
R004461,1
R072258,0
R078715,0
R056521,0
R070895,3
R040720,0
R056134,3
R061300,1
R074770,1
R005636,2
R062176,0
R065637,1
R098657,0
R026619,3
R052479,1
R073146,2
R090845,3
R094323,2
R043563,0
R095607,1
R092561,2
R049658,0
R038964,1
R065219,3
R016123,0
R064802,0
R050206,0
R088927,0
R018697,3
R097594,2
R085860,1
R071406,0
R077674,1
R090915,0
R079100,0
R097358,3
R084277,0
R040527,3
R094254,0
R031028,1
R015387,0
R050965,0
R069307,3
R049123,3
R089385,1
R040971,0
R083665,3
R097388,2
R053387,1
R021926,3
R085442,3
R067867,0
R035225,1
R031534,1
R081599,2
R092108,3
R081299,1
R085991,0
R076855,0
R083740,0
R031170,0
R042431,1
R014225,0
R091064,2
R061371,0
R034994,0
R038698,3
R027562,1
R049662,2
R022346,0
R030568,1
R066581,3
R082273,0
R010442,2
R003456,0
R012177,0
R008654,1
R057281,0
R094868,1
R033922,1
R052714,0
R037476,2
R040004,0
R055833,0
R046713,3
R045574,3
R068379,3
R043948,2
R075964,1
R036685,0
R094782,0
R019076,0
R064466,0
R016866,0
R099520,2
R074833,0
R052725,1
R080549,2
R035853,1
R090751,0
R058417,1
R055661,0
R088885,0
R032492,0
R091550,0
R037936,0
R008862,0
R092047,1
R004021,1
R004205,3
R073677,0
R011962,3
R012298,0
R043594,0
R037093,0
R047097,0
R093225,0
R026258,1
R020226,1
R090601,2
R037355,3
R066254,2
R055978,1
R023231,2
R095414,0
R027801,0
R033498,3
R023949,1
R040692,1
R001275,0
R047601,1
R067228,2
R007656,0
R029640,0
R070242,3
R091116,0
R010738,3
R053330,1
R074490,0
R038067,3
R042097,0
R072070,3
R020474,3
R007862,3
R091720,2
R042313,0
R036550,1
R088283,0
R021678,0
R022679,1
R083935,0
R069016,0
R002721,1
R060982,1
R001322,2
R039925,2
R017772,2
R073101,2
R028714,0
R057327,1
R000060,0
R062253,0
R020185,0
R041237,0
R086134,2
R005819,2
R044257,2
R042057,0
R043294,1
R089094,2
R084888,1
R011952,2
R083831,0
R026473,0
R046811,2
R048255,1
R050831,0
R096768,0
R061148,0
R089869,0
R039597,2
R061459,3
R074185,3
R050021,0
R031269,1
R077627,1
R017977,3
R055245,3
R049760,1
R017090,3
R025161,1
R079687,0
R094228,0
R078396,0
R018708,3
R088381,2
R054967,0
R043772,2
R078162,3
R052037,2
R028198,0
R036059,2
R054793,2
R070876,0
R052814,0
R060068,3
R063777,0
R029739,0
R011194,1
R023627,3
R050439,2
R077873,2
R082756,3
R085277,0
R047210,0
R083809,0
R053843,0
R072559,1
R030729,2
R027564,0
R007584,0
R052672,2
R099173,0
R017911,2
R061423,0
R013232,3
R021328,0
R003643,1
R002487,0
R006667,0
R030282,1
R087707,0
R028357,2
R024913,0
R059506,3
R029239,1
R069077,0
R092649,0
R078960,2
R045336,0
R094486,2
R088736,0
R092629,1
R016281,3
R097748,2
R014081,2
R032886,0
R012945,1
R091443,0
R044227,2
R084507,1
R057216,1
R008804,2
R007780,0
R096907,2
R072556,0
R092434,0
R077862,1
R032591,1
R033054,0
R019115,3
R063540,1
R039570,1
R058578,2
R031728,2
R055514,0
R021204,3
R019226,0
R034995,0
R017349,2
R036192,1
R023188,0
R011669,0
R052506,2
R047626,2
R012058,1
R043685,1
R085498,3
R036058,2
R009164,2
R013889,0
R056532,0
R078229,0
R017357,0
R036006,0
R026928,1
R002382,2
R082936,1
R064318,1
R007113,3
R048870,1
R038273,0
R093604,0
R091813,3
R004938,0
R054291,3
R026521,0
R000318,3
R065079,2
R018195,2
R019275,0
R016084,1
R063085,2
R077299,2
R088108,0
R023964,0
R028881,2
R036237,1
R086396,2
R087405,3
R008885,0
R070217,1
R064338,1
R058254,1
R090777,2
R087022,0
R030207,2
R058371,2
R091563,0
R089399,0
R043614,0
R099824,0
R078787,0
R048917,0
R023468,1
R027267,0
R036682,0
R068261,3
R058818,0
R074072,0
R056294,0
R013314,0
R010311,1
R024141,0
R060737,1
R093044,0
R009994,1
R012903,0
R031688,0
R030176,0
R020494,0
R041686,0
R040997,0
R045202,0
R039394,0
R087121,2
R046761,0
R004952,0
R075506,2
R033337,1
R085080,1
R072286,0
R088403,0
R047015,3
R059708,1
R015051,3
R044869,0
R049000,1
R094216,1
R029014,1
R017503,0
R069702,0
R075537,1
R053185,0
R086264,0
R020563,1
R050691,1
R027168,1
R016713,0
R031638,0
R067812,3
R013189,0
R006660,1
R085046,0
R082046,0
R097223,0
R021476,0
R087002,2
R089353,0
R011256,3
R067924,1
R093481,0
R001216,3
R054248,0
R014836,1
R047999,0
R069715,1
R073280,0
R028293,0
R078046,0
R025696,3
R099141,0
R024102,0
R059885,3
R027392,3
R053791,2
R019591,1
R090013,2
R092053,0
R012519,0
R060789,1
R002593,1
R092401,1
R064418,0
R079836,0
R099458,1
R058393,0
R077439,1
R041522,1
R083154,0
R012912,1
R017560,3
R097298,0
R063478,0
R058044,0
R023612,3
R029741,0
R079456,0
R082665,3
R041723,2
R044004,1
R000236,2
R004702,2
R083239,0
R016220,0
R046109,0
R076764,3
R002472,0
R014568,0
R035843,2
R064960,1
R073142,0
R088339,0
R039504,2
R003124,2
R043497,2
R005059,0
R049014,1
R070551,1
R041776,2
R054133,0
R011795,1
R055105,2
R060555,0
R095917,2
R080013,3
R090166,0
R043300,0
R055090,3
R053835,0
R050801,0
R009837,1
R026841,2
R028516,1
R092541,2
R035698,3
R007058,0
R087402,1
R009980,0
R009351,0
R069152,2
R081530,1
R074177,2
R070445,2
R047769,0
R036572,0
R000470,1
R099438,2
R098140,3
R073059,0
R015311,1
R065147,0
R019267,3
R074297,1
R029684,0
R046267,0
R099457,1
R023258,1
R038744,0
R012835,1
R030728,2
R047580,0
R017788,2
R054224,1
R022777,3
R000832,0
R040513,1
R037353,2
R017698,0
R052069,1
R066798,3
R018997,0
R084202,0
R081787,1
R027131,0
R004824,0
R034379,2
R053309,1
R079930,0
R063297,2
R071475,1
R019434,0
R029110,3
R065084,2
R092718,0
R097184,1
R083310,0
R060082,2
R064535,1
R083845,2
R066131,0
R059904,2
R006406,3
R025821,3
R094586,3
R084932,1
R099145,2
R083248,3
R059620,2
R052786,1
R064493,0
R036239,1
R026879,0
R051505,0
R003108,1
R083563,2
R062712,0
R076538,0
R088983,1
R091825,1
R077339,3
R009251,0
R005412,3
R084160,1
R090745,1
R022835,1
R061534,3
R028872,0
R079356,1
R082049,0
R091945,1
R003638,3
R007963,0
R037114,3
R064163,1
R023314,2
R064849,0
R094362,0
R024708,1
R099871,0
R009079,1
R043385,2
R048754,0
R034394,0
R048642,1
R073788,2
R010015,3
R006105,2
R070732,0
R072605,1
R055203,0
R054645,0
R041454,2
R063737,0
R038858,1
R034931,3
R092586,1
R072603,0
R061035,1
R092266,1
R037743,2
R038931,1
R052321,2
R010188,2
R084594,0
R052017,0
R024813,1
R024794,2
R056819,1
R056343,1
R035696,0
R058557,0
R099133,2
R001729,0
R085399,0
R059416,3
R080525,1
R063219,0
R016358,0
R032712,1
R074332,1
R051582,3
R083891,1
R032376,0
R025275,0
R080182,1
R000894,2
R048989,2
R048193,3
R087972,1
R090441,0
R015814,0
R081266,0
R086390,3
R078593,3
R009794,2
R047853,1
R034336,0
R027873,0
R092684,2
R098622,1
R021565,1
R018959,3
R044430,2
R057693,3
R004995,2
R007526,1
R080053,3
R056136,0
R089126,3
R026685,0
R005402,0
R094889,0
R001067,1
R051338,2
R048029,1
R038978,3
R091837,0
R011198,2
R019951,2
R033622,0
R068791,3
R014292,0
R062771,3
R070664,1
R014962,3
R056553,0
R095749,0
R096342,1
R047383,0
R050509,1
R088712,2
R022701,0
R044596,2
R057622,1
R010787,2
R071492,1
R072481,0
R091145,0
R077444,0
R079650,0
R079945,2
R053959,1
R015668,2
R039269,1
R028861,0
R004740,0
R080040,0
R032277,2
R003387,2
R031898,2
R040205,1
R088147,0
R048668,0
R052007,0
R065692,0
R051123,3
R017240,3
R001080,0
R002099,0
R072440,0
R078078,0
R013814,1
R037634,3
R072621,3
R050625,0
R066756,0
R092515,0
R085746,3
R008847,2
R047344,1
R073328,2
R028577,1
R028801,3
R002572,1
R037561,0
R047051,1
R095490,1
R047149,0
R092366,0
R036684,0
R016606,3
R000452,0
R086418,0
R083262,0
R047012,0
R076417,0
R009204,0
R065545,0
R011550,1
R018817,1
R048178,3
R051758,1
R056967,3
R009863,2
R033756,3
R051162,0
R047013,0
R053001,0
R045507,0
R079374,0
R012688,0
R089437,1
R026380,1
R033946,0
R096289,0
R023694,0
R044937,0
R083394,0
R088733,3
R006804,2
R064813,0
R090033,3
R020648,0
R026643,2
R011641,1
R071665,0
R098155,0
R069743,1
R033358,0
R014342,0
R084650,2
R050017,1
R077476,2
R042522,2
R059848,0
R076534,3
R069222,1
R070328,0
R098962,0
R032578,3
R085708,0
R003822,2
R053378,0
R026912,0
R082088,2
R012501,0
R027306,1
R076969,1
R003880,0
R003187,2
R078517,3
R019438,2
R086296,1
R020378,1
R009791,0
R033015,0
R016824,3
R010708,1
R027601,0
R005904,1
R036881,1
R010661,0
R069668,0
R054563,0
R019388,0
R077205,2
R011965,2
R074128,0
R088331,3
R008922,0
R030917,1
R065957,1
R087748,1
R043930,0
R047490,0
R016460,1
R041779,3
R057079,1
R013039,0
R086914,0
R097761,2
R097466,1
R067070,0
R076453,3
R008116,3
R089605,1
R024054,0
R066384,0
R031765,0
R056429,0
R040880,0
R048429,1
R003264,0
R087901,0
R049124,2
R085778,1
R033049,0
R003652,0
R021746,0
R063968,1
R088139,2
R063599,0
R043097,0
R003676,0
R037980,0
R032353,0
R090397,0
R098065,1
R029391,0
R045639,1
R071883,0
R098651,0
R069092,0
R087464,0
R061020,3
R025906,1
R059881,1
R049442,2
R042696,0
R022865,0
R064792,0
R032007,0
R075250,0
R010895,1
R017247,0
R038199,0
R035485,1
R011507,1
R022775,0
R016469,1
R089756,0
R020612,2
R033752,3
R075887,0
R096448,0
R006879,0
R077834,2
R022240,0
R038478,1
R055309,0
R037944,2
R080757,0
R031019,2
R033698,0
R050208,0
R006555,0
R015687,3
R065797,2
R066654,3
R040787,0
R026720,0
R098287,2
R048732,1
R027031,0
R086461,3
R066741,1
R000768,0
R004346,0
R098222,0
R080421,1
R013898,2
R075181,3
R081899,2
R009076,0
R059163,0
R059346,3
R007959,3
R091030,0
R013550,0
R075699,2
R042556,2
R054522,3
R056172,2
R030432,2
R083693,2
R069866,1
R085438,2
R048531,3
R065316,2
R009782,0
R078884,0
R083183,1
R077683,0
R095293,3
R089045,2
R003766,0
R021490,0
R078979,0
R060018,3
R087166,0
R048952,1
R067840,3
R001008,3
R035903,0
R025194,1
R044084,0
R002478,3
R095976,1
R036108,0
R036214,1
R004306,3
R046216,1
R075203,0
R060302,3
R039265,1
R089391,2
R022218,1
R046205,1
R046659,2
R000621,1
R006235,2
R040689,3
R069483,0
R072161,0
R074179,3
R089913,2
R011857,3
R004212,3
R026644,1
R057463,0
R068100,2
R024236,0
R002979,0
R037187,1
R063036,3
R053727,0
R047125,2
R028244,1
R052777,2
R060084,2
R041841,1
R092314,0
R038000,3
R012137,2
R091338,0
R083179,0
R052828,0
R032796,1
R018615,0
R019775,0
R045314,1
R035667,0
R000804,3
R095879,0
R088310,1
R041788,1
R029446,1
R060234,1
R049948,0
R022921,0
R072415,1
R042232,0
R066583,1
R095675,1
R050946,2
R030322,3
R060693,1
R016119,1
R042205,0
R036224,0
R089973,1
R055149,1
R040567,2
R014196,2
R044218,2
R020690,0
R024369,1
R004827,0
R012164,3
R073077,1
R057940,1
R021667,0
R037403,1
R072643,0
R031681,2
R072131,0
R093091,0
R048059,2
R033637,2
R023198,1
R017060,1
R068949,3
R019482,0
R020518,1
R053256,1
R062078,1
R080693,0
R083109,1
R059394,0
R029920,1
R033943,2
R023104,2
R058711,3
R097068,1
R007658,0
R092230,3
R095835,3
R037612,1
R033700,0
R000001,0
R053169,3
R033234,1
R041154,0
R040623,2
R073355,1
R098882,2
R036626,0
R005842,2
R030067,0
R073277,0
R076078,1
R021307,2
R075502,0
R080342,0
R045677,1
R073471,1
R054439,3
R020989,2
R040639,1
R042456,2
R020146,0
R050869,0
R068513,3
R083862,0
R028454,0
R031049,0
R088960,0
R035524,3
R054581,1
R031177,2
R033238,1
R025258,1
R022471,0
R034268,2
R029537,3
R081921,1
R041066,0
R003886,1
R039007,0
R038399,2
R046425,1
R056176,0
R023049,2
R061616,1
R070443,0
R060893,2
R059204,0
R055776,0
R014107,1
R030791,0
R024973,2
R064136,3
R063294,2
R037549,0
R048970,2
R042304,0
R009550,3
R057717,1
R015258,2
R058533,2
R086211,0
R079226,0
R032260,1
R089398,0
R004866,0
R085067,2
R077882,1
R092324,0
R031966,0
R088606,1
R093448,0
R061854,2
R080160,1
R040759,0
R055965,1
R056990,0
R009761,3
R040562,2
R021316,0
R063335,1
R020451,3
R006760,1
R038999,0
R045117,3
R019387,1
R095830,1
R059317,0
R087868,0
R072855,2
R003558,2
R028837,1
R006439,0
R058391,0
R094046,1
R072247,3
R030346,1
R053788,3
R020231,1
R098246,0
R093147,1
R048892,0
R033415,1
R035000,0
R061952,3
R025070,0
R002373,0
R036617,0
R067147,0
R080906,1
R003236,0
R077488,1
R022473,2
R091465,2
R080963,0
R097272,2
R078769,2
R034730,0
R030502,0
R044793,1
R001195,0
R090027,1
R093677,0
R027396,2
R064132,3
R065793,0
R042155,3
R094742,0
R010412,1
R011483,2
R007832,3
R020704,1
R063817,1
R074798,1
R050568,0
R011072,0
R033526,2
R016292,1
R067697,2
R075377,3
R035792,1
R063543,1
R062075,0
R079304,1
R005305,3
R035134,2
R047696,1
R091290,0
R007206,2
R009968,0
R055645,3
R086872,3
R006310,1
R090918,1
R062774,3
R056914,3
R046154,1
R020852,0
R069660,0
R054759,1
R012651,2
R018782,0
R019261,2
R043680,2
R097628,1
R068358,0
R057351,1
R089498,1
R053401,0
R006201,0
R032637,2
R013547,0
R050998,0
R087645,0
R082044,3
R043529,1
R096016,1
R025046,3
R055813,3
R013184,1
R089303,0
R035592,0
R064976,2
R094589,0
R074400,0
R039799,3
R020968,0
R054971,1
R028105,0
R053575,0
R046586,0
R089632,1
R068704,0
R080359,0
R098220,1
R005478,3
R094686,0
R094279,0
R013981,2
R021966,1
R090463,0
R048208,0
R069921,0
R017265,3
R019242,2
R067149,1
R006224,3
R099755,2
R088565,3
R034956,0
R026004,2
R006876,0
R045436,0
R057505,0
R073433,0
R030799,1
R078886,0
R058624,1
R056771,0
R099108,1
R036641,2
R020095,1
R032734,3
R051637,1
R036719,0
R029207,3
R047181,0
R094919,1
R064002,0
R054854,3
R060943,3
R096514,0
R028475,1
R018011,0
R034007,1
R001280,2
R065201,2
R044496,1
R002919,1
R042421,0
R090272,0
R035278,3
R022217,0
R027699,0
R077204,0
R054073,2
R015234,1
R089782,1
R079224,0
R016470,1
R001796,1
R097344,1
R002891,1
R089589,0
R022631,0
R044522,0
R034640,0
R094598,0
R009147,3
R023983,0
R064962,0
R007363,1
R027998,2
R005818,0
R058556,1
R081047,3
R012473,1
R022133,3
R033007,0
R049722,2
R035809,3
R048940,3
R012918,1
R065249,0
R055264,1
R034426,3
R043405,2
R037159,0
R019833,0
R037518,0
R094218,0
R056360,0
R023901,0
R037227,1
R067286,3
R018587,1
R008983,2
R035442,1
R019393,0
R062805,1
R000037,0
R049777,2
R095538,1
R045026,3
R031615,3
R051807,3
R056272,2
R052086,1
R034089,1
R084130,1
R002089,2
R048211,0
R031869,3
R095408,0
R078081,1
R064864,2
R099142,2
R089218,0
R080675,3
R021126,3
R025636,1
R058473,0
R036308,0
R057533,0
R038453,2
R053448,1
R087063,1
R095549,2
R024192,1
R015407,3
R073429,3
R075634,2
R051428,0
R027722,2
R066872,2
R081026,2
R019182,0
R019251,0
R081319,2
R077966,3
R093723,3
R079543,3
R010717,2
R072276,3
R096607,0
R035168,3
R088774,0
R097460,2
R018963,0
R037966,0
R010235,0
R092587,1
R069880,2
R038592,0
R072256,2
R046121,1
R004664,1
R085286,1
R048074,1
R080669,0
R065389,2
R007445,0
R073031,0
R071852,1
R050132,3
R006137,1
R041949,0
R035357,3
R041984,1
R086126,1
R064278,0
R022948,1
R031699,1
R067201,2
R026870,2
R017559,0
R060358,1
R003503,0
R066594,0
R069040,1
R044575,0
R033227,0
R017789,0
R002449,0
R098670,1
R022023,0
R037989,1
R048643,0
R011503,0
R000076,3
R044396,1
R024368,0
R057243,0
R049328,3
R040635,3
R019410,0
R056083,3
R021724,0
R090495,0
R097496,0
R005141,2
R001670,2
R093169,2
R020724,1
R046011,2
R083406,0
R099312,1
R077548,2
R019710,1
R064744,0
R048024,3
R016237,0
R017147,1
R032981,1
R065571,2
R080042,0
R088512,0
R010363,2
R042961,0
R072929,1
R046451,2
R070205,1
R083521,0
R022821,3
R006607,0
R059940,0
R080184,1
R085074,3
R099801,0
R052707,0
R040454,1
R060739,2
R012368,3
R047520,3
R007640,2
R049064,0
R019604,2
R013513,1
R035836,0
R092374,0
R014002,0
R077009,0
R096750,1
R087219,3
R033354,0
R045495,2
R019116,1
R058512,2
R032546,1
R031333,3
R034072,0
R044469,2
R071512,0
R049616,1
R024489,2
R085094,0
R080523,0
R001710,0
R019107,2
R089675,0
R050972,1
R091580,0
R091799,0
R098428,0
R050024,3
R072186,2
R041126,0
R012081,3
R082929,1
R088566,1
R028746,0
R087265,0
R091808,0
R046219,2
R072642,1
R096277,2
R035960,3
R009981,2
R097278,0
R063671,0
R000709,0
R032330,1
R083456,0
R048541,0
R095796,0
R012230,0
R067072,0
R097225,1
R095563,0
R020105,0
R069441,0
R077946,3
R029922,0
R028731,0
R082173,1
R075994,2
R069391,1
R023315,2
R093409,0
R065729,3
R018294,3
R059196,2
R043558,0
R040352,0
R005097,1
R098695,3
R069780,1
R085354,0
R076905,0
R007213,1
R027105,0
R003033,2
R040712,0
R023794,0
R035994,0
R082784,1
R050168,2
R022450,2
R016963,0
R029387,1
R054260,0
R015043,0
R003700,2
R005892,2
R079528,3
R071243,1
R008080,2
R064814,0
R028716,2
R009268,0
R027539,2
R034957,2
R098091,0
R013446,0
R008197,3
R076693,2
R037913,0
R002648,2
R057864,0
R004976,0
R073985,0
R000949,0
R046926,0
R040299,0
R020862,2
R051689,2
R066948,2
R060460,1
R075227,1
R012532,2
R042636,0
R054479,0
R073354,3
R016515,0
R010693,2
R003184,0
R086911,0
R038929,3
R075808,2
R051643,0
R049209,3
R096594,1
R098086,1
R033414,0
R064863,0
R020608,3
R048628,0
R038108,0
R019562,0
R085954,1
R080766,0
R077845,1
R007527,1
R073938,2
R095654,0
R011381,3
R007093,1
R056308,0
R061710,0
R084026,1
R042133,0
R065179,1
R080127,2
R097063,2
R037842,0
R035803,1
R059413,1
R088482,2
R055889,0
R014616,0
R024307,0
R066414,1
R088260,0
R005731,1
R075131,1
R039706,0
R041285,1
R088416,1
R095941,1
R017818,3
R042902,0
R091189,1
R008762,2
R019349,2
R090587,3
R029914,1
R048998,2
R067401,1
R074948,1
R086132,0
R079548,0
R008300,1
R018890,1
R088463,1
R014318,0
R065491,2
R010283,2
R067124,3
R017886,1
R002620,1
R072813,0
R043364,1
R050151,0
R008959,0
R023708,3
R034233,2
R025961,1
R075026,1
R053962,0
R063387,0
R073762,3
R072225,1
R018140,0
R072414,0
R015549,2
R001507,2
R010699,0
R020830,2
R017122,1
R043782,0
R034344,3
R082874,0
R079564,0
R066232,2
R055843,2
R025901,2
R030214,2
R059045,1
R022879,2
R031315,1
R037864,2
R057647,0
R022330,1
R068797,2
R053474,0
R084553,3
R049052,0
R022831,1
R051945,1
R097694,0
R097274,3
R050325,0
R021232,0
R033155,1
R048542,0
R097501,0
R059650,0
R098525,2
R028474,1
R007238,2
R044537,1
R011636,0
R058123,0
R002071,0
R085918,2
R062278,2
R019910,0
R013533,2
R016462,3
R035634,3
R056609,0
R074749,1
R019982,3
R070906,0
R091085,2
R052878,3
R039912,1
R031828,0
R021613,3
R025098,1
R089223,0
R099793,1
R012489,0
R065272,3
R037271,1
R084528,1
R022412,2
R096639,1
R034448,1
R042922,3
R092793,1
R052645,2
R028860,0
R005700,0
R057157,0
R025556,0
R051399,2
R073449,0
R023549,3
R045237,0
R071208,3
R028611,0
R094196,0
R043416,0
R063680,3
R024179,1
R006442,1
R034339,0
R089062,0
R031365,0
R029812,3
R045653,0
R050587,3
R029683,2
R010036,1
R038642,0
R047970,0
R032937,1
R004354,3
R014021,0
R044921,3
R083428,0
R097224,1
R029770,0
R094648,2
R060476,1
R080183,0
R083801,0
R070201,0
R008191,0
R018555,0
R084577,1
R071446,0
R042947,1
R062245,0
R038792,3
R022997,0
R007865,2
R098893,0
R045919,0
R048450,0
R099857,0
R085971,1
R067230,0
R034222,0
R023324,1
R029904,0
R099730,2
R053932,1
R039927,1
R040834,1
R081742,2
R044062,1
R087014,0
R037594,0
R088751,0
R042516,3
R067992,1
R063927,0
R094027,1
R079272,1
R058000,0
R066992,1
R031238,3
R011112,0
R059404,0
R082645,1
R027913,1
R027390,0
R064645,1
R047362,3
R055619,0
R065213,0
R054779,2
R028226,2
R018055,0
R018993,0
R058836,0
R091490,0
R069219,1
R021520,0
R091396,1
R012140,3
R050970,0
R018361,0
R006640,3
R034978,0
R035315,0
R006376,1
R000571,2
R041711,0
R075067,0
R078688,0
R006001,0
R049511,0
R024974,3
R000186,0
R001846,2
R094704,0
R042757,0
R003142,3
R021030,1
R003047,1
R088877,3
R046665,2
R010919,1
R066987,0
R005192,2
R076238,1
R073351,1
R058045,1
R091112,2
R003399,2
R069467,2
R013031,0
R088864,1
R052766,0
R049537,1
R061110,0
R031304,2
R067030,3
R075650,3
R024214,0
R061888,2
R064920,1
R023735,0
R033117,0
R042427,0
R095902,2
R032366,0
R044254,0
R081602,1
R075562,1
R046373,1
R006417,0
R099144,0
R092801,1
R052214,2
R021436,2
R062568,1
R031860,3
R056857,0
R054297,0
R042228,0
R074394,3
R066625,1
R090256,0
R094594,3
R059654,0
R009007,0
R038912,1
R054821,1
R054947,0
R095730,0
R078123,1
R033822,0
R071307,0
R024465,0
R014439,1
R094060,2
R098230,0
R041444,0
R058988,3
R019256,3
R037709,0
R053988,1
R089021,3
R059840,1
R079997,1
R073100,2
R032087,0
R062405,1
R011530,0
R063347,0
R025320,3
R021397,1
R089110,0
R023877,0
R095511,0
R096399,3
R065501,0
R053006,1
R037791,1
R006203,3
R060736,0
R071318,0
R047251,1
R093692,0
R040046,0
R012135,1
R011642,1
R036852,0
R035122,0
R046724,0
R066957,3
R019915,3
R032837,3
R092881,2
R068895,0
R056593,1
R098349,0
R036961,1
R024112,0
R013356,0
R027964,0
R071110,0
R098987,0
R047369,1
R092864,3
R050756,2
R000770,2
R059364,0
R071739,3
R068323,2
R045259,2
R026816,0
R099163,3
R005921,0
R039191,3
R071431,2
R001448,1
R012524,1
R021580,1
R045245,3
R009620,3
R085610,1
R072797,0
R006238,0
R077315,2
R091429,0
R086277,0
R062729,1
R072400,0
R034203,0
R082851,3
R072482,3
R089279,1
R000775,3
R057331,0
R079514,3
R086562,1
R078049,2
R067580,0
R029568,0
R038644,2
R083114,0
R050860,3
R048610,0
R056015,0
R068160,0
R040475,3
R055158,2
R036439,0
R031140,1
R055428,0
R004510,0
R057906,0
R034587,0
R069751,1
R093101,0
R048667,3
R010841,3
R027468,1
R099031,1
R055214,0
R019689,3
R086425,3
R053074,3
R026852,0
R024147,2
R010451,1
R093294,0
R097719,0
R048739,2
R024742,0
R048129,0
R023433,1
R051202,2
R019714,0
R095389,3
R091162,1
R090639,3
R025971,0
R080574,3
R089100,0
R002968,0
R096655,0
R053385,0
R049510,2
R081485,0
R029218,0
R097505,3
R043642,0
R060657,2
R038250,2
R081702,3
R052221,1
R052026,0
R073352,0
R091357,1
R097476,0
R080388,3
R030749,1
R036630,2
R084011,0
R084878,1
R084046,1
R020371,0
R006788,3
R017853,1
R071685,2
R087603,2
R058424,0
R022019,1
R012776,1
R073577,1
R047682,1
R063206,1
R017782,0
R045329,0
R028904,1
R042861,3
R006263,0
R089709,0
R096725,0
R067528,0
R086232,2
R034875,1
R029339,1
R017794,3
R055386,1
R059288,0
R050678,0
R012984,2
R081067,0
R007359,0
R024770,3
R047363,0
R034846,3
R002031,3
R074684,3
R059341,0
R012138,0
R055997,0
R066779,1
R044535,0
R095637,1
R022730,0
R005966,0
R021243,0
R018316,1
R091589,1
R081148,1
R076120,1
R069605,1
R064643,3
R004684,1
R018396,3
R087885,0
R092468,2
R008508,1
R074267,1
R090770,3
R047461,1
R033674,0
R076314,1
R099570,1
R047550,2
R091445,0
R048116,1
R059212,1
R015158,1
R092482,2
R028275,1
R060840,0
R078647,0
R030860,0
R048928,1
R040810,0
R091746,3
R036661,0
R028758,0
R065831,2
R067808,0
R045910,0
R043317,2
R086434,2
R047419,3
R064681,1
R094707,1
R086614,2
R002615,0
R018459,0
R096849,2
R043177,0
R062456,0
R049986,3
R011123,1
R000973,3
R030489,3
R098188,0
R065012,0
R085501,0
R010255,0
R012252,1
R038582,0
R039736,0
R056090,1
R006136,0
R049150,0
R064202,1
R032201,0
R010906,1
R062923,3
R059684,3
R036872,2
R038715,2
R097113,2
R029748,1
R090480,0
R093962,0
R086827,0
R054972,2
R009024,1
R001898,0
R046559,1
R003821,1
R078586,3
R067199,0
R004919,0
R025176,3
R046748,2
R058715,1
R055136,1
R081524,0
R055329,2
R060236,3
R083337,0
R093385,0
R044243,0
R099902,1
R098601,0
R033813,2
R035641,0
R095832,2
R000579,1
R072274,0
R029533,0
R098237,3
R019085,2
R055723,0
R037128,1
R040952,0
R011450,0
R062734,0
R002355,0
R015598,0
R017478,0
R080283,2
R098584,3
R044203,3
R075813,0
R052542,1
R018987,3
R065703,1
R037425,0
R012673,2
R003844,0
R033460,1
R037125,0
R033699,3
R024304,0
R028209,2
R030949,3
R013789,1
R024797,0
R092624,2
R037538,0
R063374,3
R029440,3
R053801,0
R043941,0
R069752,2
R020457,1
R089430,3
R017620,0
R085566,0
R011184,1
R007726,3
R067990,1
R013691,1
R062616,3
R027111,0
R077613,1
R057273,0
R004366,1
R024275,0
R054348,1
R038771,1
R030560,2
R026299,0
R009817,2
R094688,0
R082531,0
R049326,0
R089063,0
R087843,0
R034392,0
R080540,0
R025142,3
R062507,0
R011020,3
R055658,3
R001315,0
R036209,1
R022393,0
R000787,0
R080027,0
R011399,3
R066941,0
R065826,3
R083577,1
R009128,1
R097459,0
R009928,3
R086806,0
R025297,0
R026629,3
R019249,3
R005774,3
R011580,0
R015417,3
R059055,1
R052629,0
R005313,2
R064794,3
R080577,0
R088347,2
R023214,0
R065791,1
R028669,1
R037097,0
R063567,1
R087083,1
R008316,0
R067789,1
R085582,0
R054197,1
R075760,1
R059368,0
R087497,1
R003597,1
R003322,2
R038593,2
R081968,3
R097099,1
R051727,0
R075036,0
R005987,0
R027183,0
R064273,2
R048411,0
R010140,3
R084885,0
R031680,0
R006126,1
R075679,1
R011565,1
R038450,0
R093245,1
R098611,1
R020636,2
R044874,0
R078313,2
R047763,0
R069815,3
R078127,2
R073192,0
R056529,0
R046041,2
R045424,1
R020979,1
R013096,1
R013862,3
R055102,1
R036805,0
R091898,1
R055464,0
R082710,2
R092849,2
R058542,2
R050330,0
R094926,1
R053341,1
R036329,2
R088156,0
R056228,0
R019529,0
R021621,0
R096729,1
R070482,1
R075511,1
R039068,0
R023951,0
R001553,0
R099694,0
R070541,0
R023596,0
R027054,0
R040770,0
R034533,1
R018093,1
R039691,3
R016550,0
R066807,3
R008512,1
R020611,0
R061643,1
R040843,3
R008844,0
R010824,0
R080923,1
R010062,0
R053966,1
R012342,0
R089172,0
R093346,2
R059737,3
R026960,1
R041226,0
R089828,1
R029627,0
R072248,0
R062352,3
R024995,2
R016133,0
R058020,3
R020044,1
R046018,0
R002869,0
R060951,0
R025806,3
R023907,0
R000627,1
R069111,0
R048014,0
R028085,0
R081385,0
R006675,3
R013999,2
R047441,3
R049812,0
R073533,2
R072371,3
R097572,1
R039206,1
R099831,0
R079324,2
R058830,1
R007794,2
R049705,0
R074276,1
R025870,0
R010615,1
R041904,0
R047485,0
R077690,0
R022434,0
R081894,1
R087930,1
R037813,1
R028661,1
R034322,1
R066000,1
R072448,1
R078394,0
R093030,0
R080212,3
R016240,3
R087279,0
R097568,0
R061315,0
R095489,0
R074910,1
R041058,0
R069135,1
R030092,0
R065950,0
R066071,0
R020491,3
R094722,0
R057358,3
R032272,1
R067550,2
R081124,0
R070207,2
R085065,0
R037201,0
R038168,1
R086465,2
R064307,2
R081497,1
R021993,2
R077952,0
R069472,1
R049678,1
R055624,3
R036225,1
R099177,1
R012760,3
R090916,0
R030610,1
R044375,0
R066613,2
R050433,2
R046266,0
R091196,1
R068955,2
R049831,2
R013429,0
R055172,0
R056592,0
R075704,0
R093667,1
R019572,3
R051444,3
R067377,1
R023311,0
R002153,0
R074368,0
R091208,1
R053765,0
R062936,1
R055200,3
R010904,2
R002258,0
R092255,2
R051952,0
R073121,1
R071143,0
R085634,1
R031218,1
R032478,0
R052737,0
R027040,0
R043433,0
R007585,0
R044251,2
R078495,0
R017630,0
R079165,1
R026123,0
R054924,3
R057610,1
R094326,1
R034524,1
R051133,1
R027477,0
R048570,2
R043665,0
R055076,0
R021251,0
R091848,1
R004124,3
R099796,1
R032175,2
R026832,1
R039167,3
R054516,1
R048707,0
R082318,0
R038021,0
R081196,1
R034486,0
R098868,0
R026120,1
R042758,2
R014690,2
R045699,2
R082859,0
R012660,0
R040694,1
R079441,0
R061987,0
R081338,0
R089141,2
R057227,3
R057389,0
R081922,1
R015709,0
R083758,1
R047031,0
R072769,0
R025521,0
R051377,2
R030672,0
R003531,0
R085370,0
R093669,2
R009163,2
R029489,0
R010336,0
R059653,1
R060198,2
R009839,3
R093998,0
R075998,0
R032425,0
R015104,0
R064866,0
R047214,0
R097384,3
R064237,1
R084337,0
R033641,3
R033023,0
R031295,1
R040970,0
R096512,0
R022756,3
R053994,3
R061826,1
R078499,2
R071133,0
R048335,1
R042424,3
R025487,1
R062020,0
R061001,0
R050343,0
R077021,0
R095339,2
R039315,0
R004054,1
R069129,1
R002887,1
R067724,1
R094164,2
R090982,2
R007371,1
R016033,1
R092773,0
R006861,3
R011539,0
R083881,1
R024107,1
R067738,0
R032142,0
R097178,0
R009259,2
R032168,2
R060064,1
R061152,0
R069141,0
R006358,1
R068295,0
R043910,2
R037224,1
R002963,1
R042535,1
R014035,1
R057485,0
R075447,3
R047593,1
R078011,2
R065020,1
R020971,0
R098402,0
R010934,3
R047939,3
R049122,0
R016874,3
R085031,1
R014846,2
R035715,0
R021180,3
R052929,0
R090919,2
R087614,2
R095519,2
R016893,0
R058491,0
R096704,0
R014254,2
R088598,2
R033519,1
R060077,3
R067572,2
R076437,0
R051455,1
R075988,0
R069798,0
R034011,0
R083006,3
R045707,0
R004780,2
R051282,3
R079051,3
R029125,0
R016938,1
R039974,3
R078274,3
R032218,1
R007019,0
R052065,2
R031189,1
R009373,0
R009677,0
R022677,0
R063217,1
R070570,2
R080590,1
R070353,0
R016614,0
R098373,2
R029751,3
R003435,0
R016305,2
R021083,1
R088763,3
R014635,0
R075839,2
R030777,0
R066040,3
R052985,0
R001777,0
R021234,1
R037652,0
R025385,1
R018967,0
R002746,1
R034634,0
R011099,0
R075387,1
R049444,1
R047299,0
R042792,0
R093343,2
R010263,2
R074322,0
R085980,3
R092171,0
R057537,3
R035778,1
R015641,0
R029069,0
R044081,0
R038076,3
R083435,0
R006291,1
R045548,0
R051164,2
R054701,0
R069081,0
R052267,1
R041961,1
R074460,3
R061063,1
R074387,1
R058436,0
R064452,0
R014171,0
R093081,0
R007900,0
R022998,1
R047030,1
R045127,0
R067056,3
R016443,1
R098432,1
R065315,2
R060079,0
R057637,0
R012359,1
R033351,2
R012636,0
R083664,0
R047933,3
R005225,3
R060441,3
R090110,0
R052957,0
R023631,3
R071358,0
R035691,2
R004705,0
R061511,0
R092390,0
R048912,2
R044993,1
R030617,0
R013684,2
R008994,0
R070214,2
R010256,0
R034221,0
R095745,1
R011714,1
R007487,3
R016252,1
R000518,3
R051470,1
R087616,0
R079547,3
R070723,0
R016421,2
R056619,0
R047920,0
R056892,0
R014771,2
R010921,1
R044055,1
R082674,0
R068337,0
R008787,2
R012132,1
R003100,3
R008011,2
R029583,0
R090458,0
R084608,0
R026188,0
R011572,0
R093682,0
R079066,2
R089472,0
R007506,0
R055210,0
R069912,1
R007589,0
R073877,2
R078418,0
R094672,0
R000065,1
R079465,3
R068009,1
R097866,1
R094055,1
R009649,1
R016831,1
R021527,0
R071272,0
R048097,0
R014253,0
R044123,0
R064433,0
R073191,0
R002537,1
R061135,1
R070764,2
R055298,0
R031317,0
R002457,1
R098004,3
R066197,1
R051690,0
R053433,2
R050495,0
R092299,3
R018138,1
R043035,0
R055917,3
R060746,2
R047531,0
R095216,0
R087567,1
R075614,0
R056813,0
R016729,0
R059205,0
R085028,0
R051468,0
R059870,1
R021319,1
R045491,0
R055944,2
R004590,0
R087182,1
R037286,1
R034213,2
R059786,0
R085577,0
R030948,1
R059038,0
R049692,0
R091194,2
R031529,1
R050275,2
R070956,2
R034844,0
R050565,1
R046897,0
R048616,2
R007722,0
R062959,2
R002101,2
R053955,0
R053051,0
R076558,3
R092670,0
R073611,2
R024858,0
R054361,0
R075189,1
R089783,3
R026950,1
R093895,0
R072513,0
R077700,0
R099483,1
R097440,1
R041794,2
R036449,0
R021292,0
R084290,3
R057332,1
R078172,0
R065016,0
R045914,0
R017387,2
R011705,2
R097831,1
R055247,0
R099393,3
R090725,0
R061419,0
R030130,1
R023982,1
R057421,0
R050386,0
R085900,1
R001937,0
R044700,2
R002032,2
R022021,1
R010686,1
R017774,0
R064024,0
R048994,1
R004701,0
R092810,2
R032464,1
R058977,1
R091585,0
R094275,0
R075531,3
R036988,0
R004527,0
R014673,0
R073190,0
R084173,0
R046031,0
R018702,0
R024584,0
R091969,2
R051094,0
R081888,0
R063560,3
R054351,3
R005271,2
R072907,0
R064125,3
R067546,0
R059169,0
R063653,0
R035374,1
R073090,0
R016579,0
R070470,2
R011555,0
R072297,0
R053754,2
R065964,1
R066621,3
R045337,1
R077837,0
R054303,0
R076237,0
R090617,0
R052662,0
R036849,0
R003622,0
R064943,1
R060465,0
R091996,3
R009162,1
R024104,0
R096601,3
R035259,0
R044540,0
R088813,0
R023684,1
R045785,0
R033426,0
R081774,0
R006159,1
R060551,3
R052232,3
R021731,1
R092051,1
R093974,3
R072102,3
R047456,0
R052452,3
R026901,1
R094080,1
R034639,0
R028608,1
R031731,1
R006365,0
R043046,3
R020838,0
R098561,0
R043431,2
R028995,1
R004398,0
R057433,1
R048435,2
R084183,1
R019778,1
R002903,1
R028840,0
R097140,0
R044418,0
R006146,1
R038815,3
R048637,3
R060592,3
R031311,0
R061271,0
R081242,3
R006489,0
R078942,2
R040682,0
R000559,2
R085301,0
R037018,1
R053067,0
R044587,1
R077863,0
R082159,0
R041245,0
R049513,3
R050020,2
R040251,3
R006049,1
R064116,0
R007764,1
R078486,1
R039834,2
R011096,0
R087984,0
R067276,3
R066057,0
R040481,0
R084265,1
R004963,2
R001741,1
R002075,0
R031697,0
R007184,0
R073986,0
R032656,0
R042141,2
R084088,0
R066566,0
R030646,1
R020938,3
R034220,2
R073020,0
R054710,0
R024087,0
R071962,0
R043959,0
R029967,0
R032807,0
R041847,0
R000604,1
R049843,0
R058697,0
R077052,2
R079078,3
R032898,2
R030721,0
R031173,0
R001807,0
R013187,2
R069317,2
R081768,1
R043758,1
R081332,0
R072234,1
R025164,0
R043638,0
R052804,0
R000307,1
R032271,3
R093190,1
R040483,1
R095377,0
R064066,3
R012475,1
R093684,1
R022781,3
R082067,0
R050849,1
R024290,0
R007369,3
R089938,2
R080965,3
R079289,0
R033838,0
R010994,0
R066454,1
R072321,1
R057119,1
R036758,2
R043814,0
R097579,3
R081180,0
R041215,0
R048933,0
R072378,2
R087943,1
R023811,2
R028299,1
R050701,3
R034495,0
R032682,2
R066904,1
R058761,1
R030514,3
R023569,0
R038925,2
R017816,3
R021885,0
R025954,0
R001576,0
R009665,0
R065728,2
R016493,2
R045841,3
R021200,3
R030216,0
R036542,3
R011501,2
R028437,2
R003112,2
R063063,0
R070396,1
R092500,0
R074231,1
R015787,1
R023763,3
R089672,0
R074507,1
R058587,1
R086908,0
R053323,3
R009269,0
R043746,3
R040823,0
R063104,0
R087642,0
R069451,1
R071668,3
R039539,2
R024842,2
R039744,1
R089716,0
R030429,0
R005273,3
R087401,1
R080155,2
R010829,0
R007816,1
R059948,0
R017908,3
R053064,2
R091158,0
R032420,0
R046039,1
R079886,1
R026255,2
R063896,2
R019023,1
R070428,0
R006521,3
R097036,0
R099851,0
R090935,0
R059054,1
R089327,1
R097846,1
R051131,2
R076648,1
R030318,0
R001061,1
R086005,1
R081613,0
R068085,0
R039125,0
R030647,0
R072281,1
R085857,1
R078188,1
R010021,0
R064562,0
R063261,3
R066139,1
R047426,1
R056911,0
R054266,3
R008133,3
R025760,0
R048522,0
R075312,1
R085808,3
R018354,1
R048957,0
R072041,2
R048750,2
R018246,0
R013087,0
R000870,1
R083217,2
R060193,0
R023346,0
R030876,2
R065311,3
R091416,0
R085391,1
R055864,0
R073700,1
R068530,1
R068723,0
R069838,0
R043459,0
R098059,2
R080142,2
R002426,1
R020123,0
R043008,0
R062072,2
R029366,0
R097405,1
R078830,2
R038325,3
R026405,2
R098082,0
R010339,0
R037754,1
R079522,1
R002839,2
R029851,1
R075728,3
R037167,2
R064523,3
R099278,0
R027960,0
R054513,0
R026494,1
R025851,3
R083366,3
R026237,2
R049867,0
R079663,0
R094963,2
R096760,0
R076649,0
R046613,1
R009510,0
R081070,0
R036187,0
R070836,3
R003737,3
R006162,0
R091763,0
R096430,1
R019556,0
R059063,0
R067215,3
R062146,2
R011922,3
R069929,0
R079464,1
R088018,1
R023102,0
R071360,2
R047319,1
R043052,2
R021082,0
R007209,0
R048330,0
R016512,2
R022800,3
R053205,3
R008097,1
R042393,1
R031431,0
R008852,1
R066644,2
R063153,0
R049107,0
R031233,0
R069820,2
R028973,2
R081811,0
R039236,0
R097324,0
R017073,2
R053821,3
R060240,3
R059161,0
R002237,2
R065569,2
R011813,0
R009453,0
R014405,0
R028017,3
R022883,3
R067849,0
R043193,1
R074837,1
R052279,0
R097773,0
R087620,1
R017045,3
R065715,1
R070024,2
R099496,0
R054085,1
R073900,0
R020634,1
R002569,1
R005263,0
R087523,1
R007434,0
R081739,0
R098131,0
R064004,0
R096250,3
R067219,2
R095184,0
R041627,0
R079486,1
R091896,0
R047029,3
R031490,0
R092776,1
R003789,0
R077352,1
R054937,1
R086652,3
R010037,0
R016346,1
R070061,0
R024316,0
R002582,1
R018924,2
R004313,0
R012217,0
R058260,0
R046757,3
R024185,0
R046589,3
R006106,1
R004996,0
R002638,2
R030180,1
R076079,0
R071382,1
R024463,2
R090952,0
R059810,0
R057965,1
R006374,0
R018715,0
R060634,0
R025732,2
R033465,1
R061216,0
R058001,1
R070149,1
R089169,0
R009689,1
R065396,3
R008747,2
R036802,1
R033819,0
R008490,2
R096882,0
R001151,0
R002847,2
R066778,0
R075002,0
R080860,1
R084548,1
R063884,0
R070694,1
R025615,0
R066687,0
R054721,1
R055369,0
R030988,0
R015005,1
R098023,1
R053539,2
R000927,1
R082293,1
R026755,0
R067768,2
R024300,0
R052931,3
R027057,0
R015646,0
R003070,1
R047927,1
R054109,0
R066185,1
R098241,1
R024127,0
R041549,2
R005623,0
R020548,0
R002048,3
R024732,0
R008427,1
R051686,1
R024267,0
R013282,0
R021852,0
R007017,1
R019284,0
R089003,1
R069410,0
R028434,1
R077380,2
R068541,2
R029423,0
R062593,2
R068599,0
R027573,2
R091748,3
R087379,1
R092406,0
R067488,3
R090788,1
R032429,0
R075648,2
R003096,1
R073260,3
R078401,3
R090115,2
R000338,0
R089660,1
R051361,0
R024977,0
R091303,3
R023978,1
R047018,0
R005095,2
R058803,3
R036637,1
R072134,3
R085262,2
R033172,0
R067642,0
R042683,1
R085793,1
R042929,0
R082889,3
R002778,0
R007397,1
R037440,0
R068519,0
R011660,0
R092609,2
R031264,3
R098424,1
R032468,1
R020675,0
R044558,0
R054549,0
R032313,3
R020070,0
R077268,1
R038231,2
R018240,0
R072708,1
R043325,0
R066984,0
R058535,2
R020575,2
R080486,0
R003697,0
R058106,0
R041184,2
R021460,3
R016561,2
R003810,1
R075407,2
R046756,0
R075058,1
R017985,0
R039800,0
R028826,3
R056572,1
R000077,1
R050180,2
R004774,3
R093274,1
R071033,0
R045120,3
R011784,1
R006529,2
R010957,0
R010764,0
R053080,2
R062621,2
R086383,1
R078023,1
R092484,0
R027741,3
R047643,0
R006033,1
R030012,0
R071413,1
R008262,2
R003616,0
R097838,3
R049450,0
R033390,0
R053597,1
R053480,2
R001297,0
R049071,0
R099772,1
R068561,1
R083661,2
R000833,2
R089220,0
R070166,0
R053636,2
R065682,2
R097096,2
R067016,3
R014578,0
R004540,2
R045834,0
R092975,1
R049010,0
R028705,2
R068612,3
R045967,0
R025433,3
R030562,0
R060224,3
R049622,0
R062413,0
R032488,0
R098816,2
R034328,0
R072523,0
R067585,1
R033027,0
R023181,2
R099899,3
R025923,0
R020075,0
R071147,0
R081186,2
R043777,2
R090413,1
R093529,3
R056477,3
R075560,3
R094697,1
R051115,3
R025808,1
R062730,0
R000382,3
R019370,1
R073865,2
R021367,1
R011364,3
R083915,3
R049576,2
R056936,3
R009523,3
R030491,1
R077146,1
R010540,0
R095485,2
R063845,1
R006416,0
R085858,0
R078151,2
R056287,1
R032572,2
R024308,3
R067917,3
R070370,1
R023887,3
R070709,1
R035981,0
R005578,1
R073818,0
R041246,0
R045256,1
R051540,0
R015511,2
R018521,0
R077078,0
R032779,0
R058559,1
R007123,1
R074836,1
R000196,1
R026846,2
R051206,3
R051063,1
R052427,0
R011885,1
R002502,1
R038303,2
R077324,0
R054026,3
R003454,2
R042258,2
R071734,0
R087425,1
R058779,1
R020899,2
R013411,0
R096688,1
R055759,0
R035092,0
R092758,0
R061702,3
R040968,1
R055038,1
R085013,0
R011411,0
R043931,0
R085747,2
R026118,0
R027391,3
R045731,2
R064486,3
R034646,0
R032957,1
R027186,1
R029597,0
R064514,0
R010598,0
R001412,1
R085194,1
R045077,2
R013181,0
R026184,0
R091648,0
R083912,2
R067982,0
R078976,1
R017823,0
R076063,1
R007024,0
R041888,1
R060203,3
R091626,0
R080024,0
R045898,2
R075253,0
R084029,0
R033848,1
R081630,2
R080935,1
R010963,0
R041703,2
R000205,0
R005889,2
R018217,2
R094531,0
R021923,3
R099945,2
R018120,0
R029462,1
R053306,1
R081419,2
R023505,2
R033802,1
R052978,0
R052406,2
R095957,0
R015997,0
R087600,0
R040394,2
R072361,2
R077732,0
R076392,1
R021716,0
R009115,3
R031309,1
R019134,0
R003314,0
R027173,0
R087576,1
R004093,1
R049486,0
R008335,0
R087045,0
R006016,2
R051714,1
R029132,0
R043499,0
R081776,1
R020052,0
R014684,1
R070941,0
R035663,3
R028720,0
R000367,2
R019890,3
R011144,0
R059256,0
R062406,1
R067887,1
R013325,1
R023458,2
R075190,0
R058832,0
R007235,0
R029422,2
R010748,0
R045757,3
R036042,3
R083444,1
R040425,0
R053894,3
R015750,3
R054280,1
R002490,3
R081847,2
R058407,0
R049366,2
R078914,1
R090488,1
R001546,3
R092237,0
R059875,3
R055869,0
R050015,0
R071177,0
R003819,1
R090922,0
R037393,1
R036343,3
R099637,1
R026499,0
R084357,1
R001389,3
R032121,0
R028013,0
R040828,0
R049242,2
R080609,0
R092860,2
R000058,0
R029824,1
R063972,1
R024954,0
R058466,1
R026467,3
R024768,0
R038899,3
R095710,2
R056860,0
R024153,1
R041319,1
R042043,1
R057283,0
R040027,2
R065361,1
R046054,0
R069240,0
R014504,3
R001602,0
R069761,1
R011715,0
R027592,0
R039270,2
R098996,0
R013720,1
R090317,0
R050798,0
R058252,0
R040650,1
R060666,1
R024884,1
R024557,0
R060620,1
R060094,0
R086805,2
R068189,3
R019980,0
R067363,3
R084189,2
R077396,1
R095615,1
R036282,1
R077729,0
R061508,0
R059085,0
R013404,0
R048050,2
R056469,3
R010113,1
R071121,3
R080624,3
R036276,2
R047945,1
R050751,0
R052549,0
R072793,1
R057489,0
R055950,3
R016480,0
R023959,1
R007362,0
R080434,0
R097655,1
R002241,0
R027503,0
R045952,1
R089244,1
R010092,1
R068057,2
R063073,2
R002122,3
R097461,1
R004852,3
R045190,0
R013734,0
R035834,2
R068210,0
R008177,0
R085616,0
R069606,3
R000762,2
R072682,3
R052531,1
R008042,3
R072826,0
R092639,3
R015634,1
R057930,0
R047835,2
R062694,0
R071691,2
R048878,0
R047037,0
R084473,0
R096456,0
R034302,0
R087169,0
R044345,2
R008360,0
R024162,0
R025907,2
R057534,2
R072119,0
R070883,0
R018865,3
R037969,0
R032212,0
R086697,2
R044767,3
R059315,2
R057000,2
R097206,0
R056320,0
R052673,3
R006424,3
R041407,1
R038777,0
R093422,0
R020663,0
R017756,3
R049929,0
R022489,1
R018538,0
R000449,0
R028883,0
R073680,1
R090498,2
R050901,3
R036847,1
R002133,2
R098955,0
R097430,0
R051055,1
R074508,0
R062598,2
R019524,3
R074431,0
R016980,0
R072681,0
R013123,2
R032764,3
R060659,3
R021726,3
R040200,1
R028897,2
R005773,1
R051081,0
R064656,2
R044367,3
R088529,2
R010233,0
R024853,2
R054946,3
R085187,3
R056751,3
R020751,3
R095355,1
R045791,0
R047711,2
R063432,0
R057104,1
R039732,3
R061081,3
R073189,0
R079784,3
R038356,0
R036269,0
R074984,0
R058496,2
R099673,0
R050723,0
R022941,2
R019322,0
R070058,0
R030348,0
R082803,3
R030972,1
R084628,1
R053546,3
R082832,0
R078837,0
R051958,0
R092974,0
R051704,3
R047078,0
R084333,0
R079213,1
R048196,2
R026440,1
R068221,1
R091791,0
R008400,1
R006232,0
R003750,1
R027471,0
R069954,1
R027116,1
R003368,0
R034244,0
R028082,2
R002461,3
R021954,2
R040903,0
R039163,0
R085034,0
R056146,3
R018907,3
R085075,0
R076183,0
R023259,1
R010803,0
R083629,3
R061936,3
R070442,1
R006699,0
R026069,0
R020719,2
R037367,0
R040706,0
R051449,1
R098846,1
R072775,2
R031018,0
R078535,1
R053104,1
R035380,1
R047631,0
R097614,3
R020260,0
R073499,1
R088999,0
R057740,0
R040851,1
R037057,0
R032233,3
R068377,3
R020553,0
R025420,3
R022905,0
R040409,3
R072607,0
R094517,0
R056376,1
R055492,0
R070367,1
R013243,0
R045493,0
R029432,0
R096880,2
R001974,0
R094842,0
R087929,1
R070343,2
R001311,0
R016205,0
R018832,0
R060665,1
R083545,0
R059410,0
R004139,0
R046918,0
R099828,2
R018418,1
R014740,2
R083688,3
R041442,0
R031781,0
R061543,0
R083404,3
R074506,2
R001063,2
R017657,0
R050063,0
R076561,1
R067749,1
R068839,1
R089186,2
R032039,0
R049441,2
R049959,3
R077160,1
R018482,0
R005786,1
R065283,1
R073165,3
R015198,3
R003936,0
R056274,2
R067592,2
R061191,1
R069594,1
R093034,1
R068814,3
R083739,0
R059587,2
R084912,0
R083972,0
R007889,0
R009676,2
R037642,0
R078242,2
R084013,1
R090292,0
R034830,1
R045837,0
R043927,3
R023256,1
R005712,3
R078756,1
R095925,2
R078237,1
R004257,0
R062425,0
R062422,1
R038234,1
R014619,0
R075346,1
R073405,0
R025160,0
R002326,0
R003979,1
R006230,2
R087675,2
R029897,0
R023730,3
R023655,1
R008483,0
R089577,0
R045833,1
R064201,0
R072531,0
R063222,3
R007791,0
R029292,2
R050583,2
R063444,1
R042473,0
R063934,0
R020778,1
R081280,2
R038548,1
R080932,0
R053731,0
R017453,1
R069186,0
R072688,0
R048986,0
R024310,0
R005632,3
R041575,1
R005710,0
R027073,1
R035326,0
R020757,1
R090202,3
R058821,0
R085909,0
R035801,0
R094461,0
R080795,1
R092806,1
R018836,3
R091092,1
R088996,0
R008015,3
R078303,2
R072287,0
R089297,1
R094777,0
R045258,1
R023322,2
R090395,1
R086064,1
R027936,3
R066615,1
R076776,0
R007549,0
R017909,0
R015288,0
R006323,0
R004559,1
R060932,2
R026280,0
R044969,1
R021792,1
R008736,1
R060510,1
R033909,1
R022074,1
R053372,0
R000505,2
R032394,1
R026694,1
R078527,2
R010432,0
R063632,3
R012602,0
R082685,0
R037394,0
R003316,2
R065180,0
R022842,1
R096752,1
R070339,2
R043560,0
R051572,2
R001929,0
R078460,1
R076425,3
R003872,0
R090419,3
R006282,3
R089453,2
R032089,0
R055698,0
R027896,0
R084034,2
R019749,3
R062476,0
R057668,0
R028898,0
R011345,0
R049367,2
R012617,3
R081119,0
R024138,0
R040078,1
R007887,2
R057857,2
R055305,0
R083593,2
R018230,1
R062483,1
R059267,2
R092170,1
R004843,3
R002883,1
R091368,1
R040646,0
R009566,1
R089470,0
R018074,0
R076659,2
R035999,1
R009064,0
R013006,1
R043243,0
R026010,2
R018032,1
R041629,1
R029176,3
R099099,0
R099643,1
R048582,0
R033336,1
R056608,2
R091223,1
R094270,0
R065128,1
R032978,3
R010888,3
R055515,0
R020296,1
R065613,0
R030531,2
R009870,1
R035201,3
R091601,3
R032199,0
R010364,0
R019361,1
R094114,0
R036116,2
R057750,1
R019338,0
R072277,3
R002080,0
R005539,0
R018815,0
R053967,0
R000881,0
R008860,1
R027602,3
R092690,0
R045268,1
R013626,0
R013209,0
R078275,1
R096074,1
R054463,2
R070973,1
R026174,1
R076199,0
R064357,1
R024115,0
R028262,0
R094116,0
R054651,1
R092623,1
R008346,0
R089917,2
R042984,2
R097825,0
R075918,0
R092891,0
R014810,0
R003304,1
R074685,0
R025134,1
R085111,0
R062001,0
R077781,2
R010867,2
R050502,0
R069551,1
R097494,0
R010372,2
R065247,3
R061930,1
R087865,3
R047283,0
R069445,1
R040521,0
R070808,0
R023092,0
R043800,1
R026569,1
R088558,2
R077893,0
R062663,3
R071726,1
R035656,0
R054317,0
R040796,2
R007341,0
R061562,2
R031623,1
R097875,1
R069369,0
R039629,3
R086239,0
R026068,0
R059559,0
R080873,0
R010860,3
R064242,3
R035653,0
R054809,0
R037248,3
R094530,1
R059472,0
R076202,1
R027029,3
R046282,2
R039263,0
R051683,3
R024565,1
R045486,2
R018329,3
R027481,0
R046846,3
R025524,3
R010160,0
R098370,1
R030345,2
R095765,0
R065157,0
R013126,0
R059570,1
R011749,0
R025484,0
R035503,0
R096244,0
R079159,1
R034603,0
R026175,1
R076282,1
R021371,2
R092064,3
R074830,2
R017312,1
R038539,0
R074550,3
R080512,0
R066574,0
R081472,0
R027110,2
R033053,0
R045396,0
R098932,0
R064192,2
R087183,3
R012466,1
R054452,3
R023962,0
R077375,2
R016934,0
R081322,2
R079328,1
R095761,3
R044480,0
R089455,0
R082169,2
R039796,2
R098822,0
R026388,0
R060733,0
R078626,1
R006652,0
R079619,0
R088555,1
R067624,1
R000159,0
R064090,0
R063996,0
R086854,2
R058404,0
R054611,1
R078001,0
R010884,0
R093966,1
R077342,0
R074034,0
R059008,2
R012723,0
R093636,1
R033934,0
R047707,2
R007796,0
R082975,0
R069289,1
R083679,0
R093550,0
R035271,1
R071037,1
R091393,2
R047649,1
R095410,1
R011137,0
R070045,3
R065358,0
R077588,0
R085433,2
R000570,0
R031809,2
R002036,0
R017178,2
R093574,1
R075479,0
R058664,0
R039573,0
R099642,1
R069351,0
R042739,0
R007443,3
R054688,1
R029566,0
R065991,0
R036061,1
R034489,3
R088103,0
R027546,0
R086891,3
R089135,1
R077419,0
R068461,2
R091179,0
R022801,1
R042267,0
R077451,3
R021957,3
R046944,0
R011763,1
R027026,0
R079620,0
R064766,0
R019186,1
R006127,0
R051277,2
R028812,1
R015342,0
R074154,0
R081311,0
R088166,1
R035032,0
R048395,2
R010399,2
R015702,1
R072232,3
R027208,0
R040446,1
R015074,0
R062899,1
R081563,0
R009671,0
R030390,0
R084696,1
R056286,1
R064280,0
R090347,1
R078330,1
R000703,1
R064322,0
R044598,2
R093608,1
R018605,0
R040203,0
R069758,0
R058771,2
R063331,0
R099878,0
R093083,3
R000331,3
R082263,0
R045621,0
R032589,0
R085471,1
R030147,1
R030011,0
R040252,1
R057905,3
R071089,3
R084620,1
R030125,0
R009942,1
R080320,0
R070711,0
R036748,1
R055054,0
R092104,2
R089598,2
R053375,1
R090641,2
R049833,1
R095553,0
R005550,0
R067307,2
R091671,2
R085397,0
R035645,0
R077926,3
R087831,0
R072054,2
R036339,3
R077435,1
R052731,0
R064552,0
R095181,1
R050803,3
R052001,1
R024558,1
R021462,0
R004324,0
R053807,1
R066019,0
R025717,1
R017117,0
R036055,1
R026353,0
R062100,0
R080908,1
R022374,0
R078338,1
R099990,0
R016496,2
R076852,1
R037152,1
R008407,2
R084238,1
R099286,0
R011959,3
R033211,0
R018534,0
R080263,0
R017405,0
R068635,0
R077121,1
R097702,1
R063126,0
R015827,3
R020094,0
R044241,0
R061059,2
R013717,1
R018023,3
R090728,0
R026452,2
R058701,0
R085276,0
R083980,1
R058778,1
R027544,0
R002046,0
R086014,3
R015962,0
R072754,0
R048063,1
R006107,2
R090690,2
R084501,0
R055413,3
R011970,0
R059136,0
R035027,3
R062118,2
R017824,0
R024844,1
R098036,0
R006517,3
R024438,0
R087487,0
R037852,3
R061792,1
R051311,0
R076329,0
R064005,0
R022971,1
R054935,3
R049430,1
R083607,2
R056332,2
R003981,0
R034636,3
R095039,3
R006048,1
R067838,0
R031635,3
R058412,0
R055632,2
R013959,1
R033983,0
R030017,2
R088909,1
R055752,0
R030623,3
R000717,1
R088527,3
R051257,3
R097139,0
R081429,0
R068595,0
R055271,1
R005205,0
R022464,1
R016740,0
R062821,2
R082463,2
R045616,1
R061670,1
R021624,1
R094571,2
R084506,2
R064779,0
R025266,1
R054773,0
R082914,1
R020357,0
R002803,0
R000453,0
R076126,0
R039196,1
R053108,0
R052843,2
R092843,1
R067750,3
R090938,1
R063749,1
R090287,3
R014601,0
R075478,0
R098406,0
R010502,0
R011309,3
R003194,3
R076894,2
R048043,2
R021405,0
R086881,0
R040557,0
R070425,3
R096208,0
R037622,3
R060113,0
R051614,1
R038421,3
R085651,2
R097845,1
R042859,3
R018777,0
R059509,1
R065497,1
R048460,1
R002677,0
R034496,0
R077043,0
R008987,3
R096987,3
R013983,2
R007219,0
R087689,2
R002476,3
R019711,2
R001045,0
R011342,1
R089030,0
R097705,0
R012123,0
R005615,3
R059566,1
R099117,0
R030708,1
R023466,3
R007972,0
R050467,0
R018690,1
R044976,2
R089098,0
R089370,0
R023154,3
R046277,3
R057659,3
R021137,0
R019463,0
R064620,0
R087258,2
R015934,0
R082842,1
R041860,1
R042534,3
R041527,1
R030239,0
R061394,3
R098179,2
R027127,2
R096361,3
R049265,0
R078729,1
R097869,0
R089419,0
R056441,0
R093086,2
R032768,3
R037712,1
R096931,0
R020243,1
R095222,0
R060468,0
R023746,3
R003506,3
R050580,2
R059805,2
R077846,1
R065146,2
R099822,0
R073765,1
R063925,0
R028795,3
R002411,1
R054491,0
R044462,3
R081111,1
R021742,2
R020056,0
R066375,0
R057982,3
R092560,0
R065026,0
R025365,2
R037879,0
R073141,1
R058129,1
R061749,0
R077679,1
R020943,1
R077533,3
R077827,0
R065331,0
R044273,3
R017377,3
R010632,2
R099913,0
R081593,3
R093434,0
R015721,3
R052613,0
R003947,0
R038566,2
R008193,0
R099749,0
R067950,0
R005339,2
R091577,3
R062707,1
R030792,2
R024325,1
R011333,0
R040184,2
R033304,2
R041633,1
R058464,0
R009405,3
R000140,3
R013960,0
R041624,1
R039036,2
R015497,0
R044639,0
R062970,2
R064432,1
R045930,0
R059856,0
R036427,0
R084531,0
R058693,0
R090809,0
R062526,2
R051942,3
R053630,0
R073964,3
R023370,0
R096619,2
R089388,3
R073181,0
R061610,3
R081896,2
R050169,0
R086886,0
R029324,0
R089280,0
R049592,2
R022517,0
R011741,2
R042089,3
R014833,3
R069156,0
R067328,3
R019750,3
R085848,0
R068502,1
R021564,2
R038643,2
R032616,0
R012981,3
R040335,2
R083697,0
R004488,3
R051211,1
R013112,0
R033750,0
R036640,0
R079588,3
R089107,1
R031849,1
R073729,0
R031942,2
R039771,3
R018407,0
R017850,1
R040374,1
R009995,3
R049601,0
R004298,0
R059363,0
R039765,0
R011098,0
R056109,0
R044093,1
R095683,2
R000626,2
R035942,3
R065864,0
R097219,3
R073687,0
R079494,0
R010238,3
R047734,1
R081510,1
R045431,0
R055421,3
R019896,1
R007485,3
R028683,1
R016444,2
R007713,0
R063202,0
R056385,0
R072613,2
R013632,0
R097622,0
R050630,2
R078271,2
R004052,2
R013117,0
R017198,3
R058718,1
R076165,2
R032554,0
R061782,0
R021522,0
R090637,2
R032011,3
R094010,1
R046042,1
R009044,0
R021670,1
R039611,2
R021959,0
R047345,0
R013457,2
R094770,2
R085835,0
R011034,2
R049857,0
R012393,1
R015481,0
R040572,1
R094447,0
R045894,3
R037448,0
R024713,2
R050996,0
R072369,2
R017878,0
R037006,2
R036502,2
R079337,1
R074806,2
R028061,2
R066967,1
R006883,1
R041414,1
R064379,2
R028492,2
R058036,1
R023368,0
R075777,0
R071030,1
R018311,2
R040592,0
R075920,0
R075883,0
R014837,0
R050697,0
R001610,0
R070260,3
R092691,1
R099996,0
R056695,1
R082982,1
R000488,0
R034718,0
R035350,1
R017173,1
R049697,2
R002007,1
R008411,0
R044732,0
R050968,1
R021157,0
R022178,1
R063715,0
R060394,0
R096073,0
R072058,1
R027492,1
R030443,0
R090034,1
R097132,3
R069848,2
R096671,2
R067316,0
R051079,0
R021677,0
R051715,0
R024600,0
R056449,2
R085424,0
R093878,0
R022166,0
R027086,2
R004294,0
R090693,3
R059668,0
R091980,0
R056925,2
R093037,0
R043659,0
R095197,0
R000615,0
R066485,0
R087441,3
R092156,0
R091524,0
R085743,0
R066475,3
R085174,0
R037893,0
R013884,0
R038733,0
R039894,0
R017858,2
R019702,0
R026620,0
R098051,0
R057497,2
R083249,0
R047844,0
R033967,3
R095996,0
R069319,1
R032573,0
R089027,3
R016148,2
R034622,3
R075737,0
R016094,0
R006427,0
R077399,0
R064653,0
R077489,2
R025340,1
R026533,0
R086987,1
R011482,0
R090681,3
R068726,1
R038342,0
R068937,0
R016885,0
R004057,0
R042867,1
R089160,1
R075334,0
R082967,0
R058566,0
R070028,0
R079744,1
R071912,0
R063915,0
R006057,0
R062618,1
R085869,0
R039213,0
R022459,0
R095314,1
R025994,0
R085341,3
R048134,2
R063173,0
R069717,1
R026463,1
R066086,1
R006679,3
R027109,0
R019748,0
R000558,0
R087979,2
R004224,3
R018200,2
R052885,0
R099968,0
R070503,0
R052438,0
R093189,3
R075678,1
R081418,0
R089976,0
R078562,3
R081818,2
R086467,3
R023527,1
R018896,1
R045246,3
R024941,0
R069508,0
R067076,3
R047321,1
R086050,2
R010270,1
R078578,2
R015167,1
R013347,3
R095049,0
R018894,1
R056050,1
R015757,2
R084823,1
R096035,0
R042443,3
R039682,1
R042463,1
R079658,0
R046763,0
R015758,0
R018672,0
R053496,3
R004817,1
R070464,3
R041101,0
R020501,1
R028990,1
R089876,1
R006809,1
R063175,1
R019172,0
R099424,0
R037396,2
R044702,3
R094851,3
R050412,0
R005056,0
R004669,0
R080690,0
R007410,1
R045122,2
R035595,0
R099110,1
R012801,2
R084677,2
R029598,0
R089572,0
R011415,0
R074079,0
R091485,2
R003919,0
R043993,1
R057631,1
R054420,0
R009494,1
R046313,3
R051746,1
R091192,0
R086603,0
R064784,0
R019813,1
R008124,0
R073636,0
R070266,1
R000855,0
R005389,1
R070974,0
R039613,3
R068234,1
R006768,3
R024240,1
R093136,1
R058500,3
R027278,0
R062995,2
R072770,2
R011473,3
R031070,1
R004022,1
R069768,0
R084550,2
R030682,0
R098623,3
R030879,1
R032973,3
R055477,3
R014430,0
R067058,1
R085525,1
R019774,1
R023020,0
R093709,0
R084975,1
R077744,0
R059328,2
R086946,1
R005244,1
R042211,0
R040383,2
R092660,2
R032258,3
R017846,2
R028316,3
R017359,3
R053870,2
R076798,1
R069903,1
R030611,1
R060647,3
R023926,0
R096435,0
R033340,1
R029963,0
R099561,2
R029186,0
R087679,0
R083091,3
R011264,1
R009751,0
R051679,0
R004247,0
R010524,3
R064628,0
R036087,0
R086752,1
R032841,0
R027426,3
R083069,1
R074552,2
R020227,1
R012735,2
R088184,0
R075907,0
R006714,0
R087325,0
R029798,0
R032903,0
R024824,1
R025473,0
R065819,0
R012827,3
R094400,0
R038333,1
R030553,3
R013905,1
R083254,1
R050303,3
R075465,0
R092621,1
R054808,2
R055179,2
R047780,0
R070444,0
R077412,3
R031864,1
R021893,1
R039672,3
R006795,1
R095270,0
R034801,0
R024392,1
R063377,0
R044167,3
R096941,0
R060313,1
R032528,1
R010826,1
R028054,0
R074560,0
R024830,1
R098277,0
R057419,0
R067026,2
R062471,0
R087051,0
R096703,3
R075123,2
R082518,1
R099986,3
R040159,0
R064669,1
R002868,0
R084950,1
R089475,1
R033993,3
R063247,0
R075305,2
R013704,0
R058096,0
R037109,0
R094508,0
R096683,3
R043583,0
R063981,1
R001744,1
R056510,0
R043493,3
R018647,2
R063482,1
R027201,1
R026124,3
R054157,2
R047056,0
R079798,0
R060446,2
R043666,2
R043315,0
R022896,1
R048278,1
R044762,0
R034298,0
R073738,1
R074652,2
R045274,2
R042297,1
R043226,2
R078173,1
R005850,2
R008544,0
R015353,1
R098788,2
R097695,2
R009602,0
R083852,1
R088354,0
R065365,0
R075571,0
R076871,1
R084847,0
R076989,0
R013438,1
R052871,0
R001593,2
R020649,0
R079785,3
R031758,0
R095562,2
R060629,1
R072298,3
R078569,0
R054988,2
R096623,0
R094167,2
R064869,0
R067180,1
R011509,0
R080562,1
R067252,0
R033374,2
R075742,1
R099470,0
R048997,2
R046852,0
R005978,1
R041459,3
R019264,0
R069603,2
R061211,0
R079111,1
R080009,2
R087165,3
R097582,1
R046383,3
R003529,0
R066680,1
R038903,2
R041167,0
R046988,0
R002381,3
R014093,0
R027959,0
R086223,1
R004442,1
R074232,0
R036822,1
R054852,3
R002091,2
R072128,0
R095299,1
R022114,0
R084405,0
R032081,0
R082510,0
R069360,3
R048569,0
R017112,1
R058286,0
R061805,2
R067229,0
R060879,1
R070811,2
R077864,3
R083871,2
R006824,0
R021763,0
R076179,1
R007253,3
R065977,1
R075174,0
R006468,0
R014348,3
R090095,0
R029410,0
R047895,0
R071823,0
R039818,2
R068330,0
R046104,0
R054660,1
R077473,1
R080045,0
R058314,0
R026155,1
R093104,0
R034507,0
R044272,2
R006021,0
R051925,0
R029981,1
R065937,0
R031072,0
R065303,2
R002211,1
R023958,0
R052327,0
R033724,0
R046416,1
R079330,1
R086634,3
R010186,1
R032967,3
R092702,1
R099269,1
R037746,3
R056782,1
R049431,2
R074725,0
R084766,0
R078836,1
R050844,3
R045654,1
R013989,3
R043960,0
R077423,1
R002917,1
R034296,3
R025517,1
R099169,0
R031385,1
R012043,1
R037831,1
R058646,0
R031791,0
R005523,3
R007001,2
R050295,1
R026197,0
R000496,0
R061974,3
R002399,0
R094006,0
R080964,1
R017000,3
R053745,0
R062173,1
R096576,1
R044434,3
R064613,0
R032279,2
R013990,0
R087409,0
R025831,3
R038055,2
R081457,2
R073455,0
R078920,3
R077124,1
R078670,3
R042415,2
R000189,1
R051276,1
R059598,0
R053040,0
R015700,1
R022026,3
R016409,0
R020595,2
R050665,2
R051761,3
R011522,1
R093806,1
R013093,2
R070857,0
R033009,0
R065933,0
R018114,0
R080408,0
R092607,0
R029116,1
R098696,0
R089133,3
R059623,0
R020239,0
R036388,1
R006477,0
R030618,3
R070474,3
R091975,1
R044292,0
R001921,1
R056425,0
R050284,3
R040457,0
R039334,0
R059250,1
R051098,2
R087760,0
R064029,0
R006676,3
R064206,2
R076055,0
R004041,3
R097822,0
R003488,0
R094012,0
R033780,0
R084544,1
R015077,0
R049409,1
R051443,2
R045927,1
R094345,0
R080747,1
R042321,0
R008286,0
R017111,0
R069659,0
R017832,0
R096253,1
R025561,1
R016464,0
R043232,0
R033433,1
R057784,0
R029576,3
R046327,1
R087500,1
R044669,3
R029713,0
R092201,0
R024828,1
R057191,1
R037217,3
R019154,2
R091340,1
R055857,2
R001455,3
R082386,2
R084017,2
R035309,3
R085287,0
R057418,1
R068585,1
R074314,1
R018547,3
R088182,0
R090569,0
R000904,1
R095827,3
R006112,0
R010909,0
R012216,2
R071996,0
R018821,0
R091218,1
R037228,0
R014067,1
R025990,0
R058918,1
R004495,0
R099292,0
R073840,1
R047279,3
R048887,0
R080417,0
R033631,0
R020107,0
R074995,0
R040183,1
R051657,1
R082003,0
R053619,0
R059392,1
R081128,0
R058465,1
R009049,0
R094887,2
R075392,0
R062714,1
R078990,2
R083764,2
R097192,1
R047803,0
R093894,2
R062012,0
R036853,3
R022691,0
R005332,0
R072055,1
R030960,1
R052294,0
R036262,1
R000022,0
R045560,1
R006626,2
R076889,3
R077110,3
R090032,1
R058166,0
R035453,3
R059106,1
R005486,0
R023056,0
R021390,2
R093431,3
R090100,3
R025854,1
R070594,0
R062816,1
R096100,0
R001328,1
R058772,2
R057779,3
R066447,1
R038464,0
R082837,3
R077930,1
R025390,0
R064099,3
R047588,0
R032577,0
R060661,0
R092162,0
R027151,3
R012621,1
R038406,0
R039608,0
R059127,2
R048171,0
R011844,1
R056118,0
R093506,1
R013538,3
R071436,0
R095848,3
R014227,0
R048911,2
R008839,0
R036743,2
R083035,1
R074958,2
R083700,3
R099574,1
R090279,1
R060038,0
R083940,0
R029293,0
R016248,2
R023675,2
R008978,2
R059243,1
R055045,0
R016555,1
R032499,3
R054238,3
R018780,0
R062225,1
R002599,2
R058249,2
R009882,1
R007025,0
R078741,0
R098085,1
R074693,0
R094293,2
R011056,2
R023294,2
R022671,1
R041831,1
R031887,3
R039172,0
R057805,2
R042971,1
R035074,3
R095208,0
R013957,0
R099893,0
R005714,0
R068460,1
R021798,2
R036775,0
R053224,0
R040149,2
R000348,3
R026165,0
R022395,0
R019546,1
R056583,3
R012408,0
R002110,0
R092669,1
R076046,3
R075263,3
R046980,0
R016235,2
R033911,1
R043984,1
R080016,1
R085798,3
R017393,0
R088224,0
R051197,0
R067255,3
R044461,3
R080986,0
R094084,1
R021514,0
R040241,2
R073660,3
R015471,0
R071581,1
R002307,2
R023545,0
R098654,0
R056566,0
R070847,0
R094844,1
R027469,0
R084842,0
R082833,0
R062090,0
R085787,0
R064891,1
R012975,0
R048624,2
R059997,1
R012543,0
R094673,1
R041300,0
R082304,0
R051083,3
R011542,0
R045264,2
R033588,1
R023047,1
R080594,0
R024741,3
R013845,2
R000643,0
R092658,0
R057031,0
R067385,0
R046949,1
R087352,1
R071877,0
R080441,0
R051696,0
R038110,3
R022205,0
R037064,3
R066763,2
R091555,2
R073870,0
R076408,2
R004726,0
R060996,2
R031370,0
R042360,0
R019800,0
R001504,3
R045678,0
R036788,0
R049677,3
R022861,2
R086036,1
R055268,1
R021982,1
R005962,0
R017237,0
R049797,1
R080008,3
R080000,0
R098430,3
R034433,0
R079431,0
R050058,3
R090394,0
R023662,3
R036505,0
R003342,1
R036547,2
R014452,1
R083838,0
R095755,2
R088688,0
R076970,0
R027982,0
R000342,1
R069570,0
R030957,3
R081567,0
R021196,3
R084273,0
R088121,2
R006553,3
R070314,0
R099306,0
R065394,0
R063092,0
R089970,3
R035611,2
R034085,1
R029283,2
R033678,3
R076750,0
R056717,1
R006051,0
R057655,0
R023223,0
R099826,0
R049535,0
R006704,3
R001986,0
R082377,3
R098842,3
R017897,0
R094170,0
R081814,0
R082922,1
R054675,0
R049098,0
R086410,1
R043102,0
R072311,2
R061124,2
R013436,1
R080660,1
R002623,0
R084695,3
R010579,1
R056233,0
R026662,3
R074028,0
R070657,0
R004235,0
R009241,0
R016195,1
R029545,0
R069078,1
R077117,1
R033857,2
R015711,0
R076660,2
R083352,3
R095719,0
R087922,3
R033401,3
R075014,0
R048999,1
R056616,0
R050417,2
R064239,2
R076163,2
R012851,1
R095646,0
R059260,0
R018893,0
R074006,3
R034602,3
R080630,3
R000865,0
R075308,0
R003444,0
R076152,0
R001513,1
R010664,0
R069007,3
R095310,2
R024837,3
R092071,1
R036855,0
R089925,0
R076040,0
R096796,0
R028968,2
R084613,3
R082300,3
R007275,0
R036327,0
R043118,0
R033228,1
R060505,0
R023008,0
R083952,0
R055883,1
R085679,3
R079042,3
R069958,3
R041935,0
R097090,1
R080099,1
R005938,0
R042796,1
R087195,2
R027283,0
R006696,0
R066978,0
R006069,3
R071275,0
R082702,0
R019040,2
R073061,0
R013761,1
R091909,0
R005795,3
R044399,0
R000361,0
R087202,0
R022845,1
R074304,2
R005775,1
R098988,2
R084733,0
R080787,0
R076495,2
R034526,3
R003071,2
R096705,2
R034502,1
R017802,0
R035020,0
R040214,2
R061662,0
R055628,1
R023175,0
R087632,0
R040658,1
R079726,0
R039798,0
R020796,1
R052677,0
R087023,3
R092612,0
R098390,3
R043093,0
R067692,0
R075965,0
R096670,3
R007285,0
R081662,3
R023701,0
R060841,1
R010856,1
R000805,3
R012052,0
R095287,2
R091857,3
R009294,1
R024725,0
R049344,2
R099912,3
R021788,0
R086044,0
R068040,1
R066907,0
R048600,3
R055604,0
R062691,0
R089283,1
R033108,0
R020119,1
R006818,0
R060136,0
R057115,3
R045080,0
R021854,1
R087351,1
R011220,1
R075074,0
R043446,0
R024785,2
R076447,2
R079557,0
R055599,1
R066069,1
R017196,2
R031811,1
R046413,0
R041696,0
R014623,2
R060440,0
R029005,3
R001509,0
R023956,2
R098386,1
R083587,0
R080054,1
R037836,1
R097732,2
R021920,0
R059920,1
R022711,0
R091342,0
R060042,0
R082813,0
R042546,1
R074574,3
R038579,1
R069911,0
R061013,0
R024927,3
R006068,1
R047827,3
R093661,1
R039442,1
R055704,1
R008949,1
R077754,2
R031533,0
R004522,0
R095413,0
R012803,2
R082533,1
R090942,1
R070600,2
R035938,0
R011928,3
R021652,3
R064123,0
R016109,2
R087578,0
R017732,0
R008766,1
R082868,0
R081750,1
R094757,0
R051191,1
R039795,0
R066390,3
R084042,1
R003502,3
R040782,3
R053119,0
R026125,1
R007958,1
R020787,3
R018581,0
R065356,2
R095942,0
R045533,3
R081835,0
R027273,3
R080856,0
R099091,3
R090114,0
R044159,3
R084217,2
R033562,0
R041543,0
R023932,2
R083754,0
R052991,1
R060536,2
R011947,3
R043513,3
R033924,3
R059841,1
R009924,0
R055220,1
R051906,2
R076731,3
R019025,2
R048437,0
R066506,2
R019119,0
R049357,0
R034479,0
R022508,3
R042931,0
R004497,1
R068483,0
R020323,0
R058601,0
R068870,2
R058414,0
R047388,0
R026109,0
R052423,2
R043709,3
R021906,0
R076885,1
R038825,0
R010640,3
R035208,1
R019138,3
R046812,1
R068883,1
R083933,1
R008861,3
R039420,1
R098501,0
R091173,1
R002169,0
R060052,1
R008247,1
R054780,2
R035334,3
R049280,0
R019450,0
R027698,2
R024841,0
R018136,0
R086120,0
R056626,2
R006718,3
R042142,0
R065385,2
R092342,0
R027445,3
R081804,0
R059950,1
R031771,0
R098027,3
R089762,2
R043149,0
R041850,1
R038165,3
R037832,1
R031715,2
R078075,3
R092520,2
R098114,0
R067391,1
R033567,0
R059902,0
R014794,0
R061257,1
R036422,0
R085232,0
R056920,0
R087621,1
R082485,1
R090554,0
R071149,2
R041502,1
R084666,0
R076723,0
R041466,3
R083368,0
R084815,0
R020849,0
R045587,2
R090173,0
R062093,0
R060764,0
R076153,1
R013045,0
R096293,2
R024653,1
R061760,0
R099013,1
R067461,3
R030084,0
R068213,2
R046676,0
R093735,0
R049219,0
R012019,2
R085703,0
R004935,2
R016371,1
R032371,2
R070810,0
R024855,1
R090046,3
R061603,0
R067183,0
R063242,1
R067966,3
R007042,1
R054820,0
R049773,3
R041018,0
R065234,3
R075561,0
R013669,0
R069358,1
R054009,0
R017724,1
R000308,2
R056064,0
R000152,3
R072107,2
R056202,0
R023278,0
R056732,1
R064366,1
R037392,0
R016206,0
R079728,0
R045423,3
R020737,2
R036926,2
R079905,0
R012956,3
R045070,2
R028359,0
R085023,1
R016643,0
R006582,0
R073365,0
R089618,0
R051016,2
R022427,0
R099771,2
R051426,0
R025075,1
R059323,1
R004673,0
R067323,1
R001423,3
R062247,0
R093699,0
R066372,1
R051226,1
R058137,1
R025644,0
R097769,1
R060927,0
R042750,0
R086687,0
R021574,1
R000355,1
R032245,2
R019795,1
R031921,2
R052453,0
R072265,3
R067539,0
R013552,3
R012598,1
R034038,1
R092779,0
R093716,2
R023895,1
R066559,3
R039285,0
R077611,0
R050967,0
R017333,0
R093912,0
R035280,1
R039764,2
R008502,1
R061340,0
R055500,0
R056401,0
R071587,3
R036816,0
R078771,1
R074137,0
R053622,1
R039825,3
R061906,3
R013573,2
R089163,0
R060947,1
R010027,1
R098585,0
R037708,0
R091358,0
R008459,0
R035222,1
R074528,0
R092137,2
R003471,0
R019615,2
R023477,0
R047222,0
R049059,0
R036917,0
R098999,0
R055836,1
R096042,0
R085290,1
R069620,3
R059304,2
R070071,0
R017812,2
R027647,0
R000114,2
R081982,2
R062364,1
R065915,1
R035522,1
R025772,1
R046163,0
R010485,0
R071995,0
R013706,1
R093011,0
R063836,3
R075085,0
R099168,0
R035242,1
R038868,0
R004871,0
R032469,0
R039840,3
R026693,0
R052145,0
R024750,0
R007797,2
R047455,2
R037434,3
R040853,0
R098929,0
R041022,0
R041818,0
R056831,0
R085321,1
R036870,0
R006878,0
R026518,2
R078243,1
R048548,0
R004271,3
R054610,1
R026641,2
R015670,1
R048763,2
R021270,0
R060906,0
R062843,1
R003869,0
R064363,0
R047212,0
R042752,0
R041774,3
R065627,1
R084710,0
R010371,0
R093261,1
R056571,0
R051598,0
R089227,1
R095518,0
R036643,0
R086152,0
R030015,3
R072538,0
R046783,0
R002488,3
R024688,1
R091835,0
R061693,2
R027567,3
R034900,3
R064434,2
R032561,0
R027790,3
R007116,3
R094204,3
R080722,0
R030624,1
R018446,0
R073269,1
R076729,1
R038124,0
R042412,1
R039964,0
R097908,1
R076546,1
R064468,0
R051867,1
R044438,0
R034772,0
R091806,0
R088454,1
R008515,3
R096384,3
R015793,1
R033742,0
R055039,0
R087981,0
R033581,0
R040766,0
R099947,0
R066280,0
R041579,0
R081701,3
R093099,1
R097082,0
R021635,2
R026558,2
R017061,3
R048398,0
R085117,0
R075613,1
R015238,2
R007605,1
R081277,0
R013600,0
R019198,0
R086405,0
R023261,0
R094584,0
R097592,0
R033502,3
R093693,3
R066354,2
R076585,3
R050248,3
R001295,2
R049083,0
R075927,0
R063152,3
R014878,1
R081287,2
R017338,1
R022269,0
R053888,2
R043394,0
R029157,1
R091451,0
R059278,3
R014201,2
R028688,0
R025216,1
R056602,2
R009329,0
R077106,0
R028468,1
R069892,0
R061026,0
R085197,0
R099971,1
R003785,2
R081204,1
R081850,1
R002538,1
R053497,1
R089000,0
R044339,1
R065136,0
R088975,2
R099704,0
R011231,3
R023239,1
R040906,1
R056188,2
R065444,0
R042108,1
R061226,1
R026581,1
R086503,2
R090527,1
R064868,0
R066359,1
R009014,3
R082576,1
R091937,0
R002881,1
R057625,0
R097917,0
R045456,1
R017678,0
R056988,0
R039838,2
R032840,0
R004253,1
R006639,0
R085434,2
R049041,0
R041181,2
R028505,0
R080228,1
R099719,2
R025147,1
R025120,0
R003986,1
R077055,1
R088128,0
R099258,0
R025579,0
R087399,2
R059736,0
R071642,1
R059524,3
R039692,0
R019290,2
R014166,0
R063772,0
R068500,0
R036851,2
R002388,3
R019199,0
R049516,0
R038835,0
R044454,2
R016770,0
R094438,0
R088149,2
R063282,0
R037890,0
R098547,0
R003497,0
R027403,1
R097302,3
R049899,0
R018037,0
R081959,1
R025182,1
R096261,0
R034601,0
R009281,2
R003671,0
R076982,1
R077409,2
R017389,1
R028362,1
R031271,3
R036300,0
R087090,3
R030971,2
R056154,0
R044654,1
R019956,2
R034989,0
R028098,3
R063889,0
R072345,3
R068701,1
R001678,0
R062651,1
R024963,0
R079442,1
R038429,0
R056954,2
R084929,2
R038094,0
R045985,3
R014825,3
R058502,0
R059853,0
R052158,1
R035625,0
R006013,1
R023573,3
R071018,1
R092556,1
R052229,0
R048049,2
R015449,0
R077478,3
R014188,1
R092569,3
R032531,0
R017887,1
R083626,0
R001694,3
R043763,1
R089482,3
R044077,0
R053753,0
R098919,0
R005820,3
R066838,0
R039859,0
R026375,1
R000552,0
R018540,1
R000839,1
R087132,1
R027691,1
R077980,0
R054309,2
R033133,0
R000857,0
R008759,2
R034946,1
R018429,2
R043880,2
R031698,3
R035815,2
R060585,1
R039708,2
R071146,2
R017722,0
R024939,0
R033874,1
R066202,1
R070162,1
R030246,0
R081720,0
R004290,0
R007083,0
R088144,0
R022221,2
R046912,0
R059861,3
R030215,2
R075330,2
R064104,1
R018850,0
R097906,3
R017110,0
R051084,0
R010839,2
R049710,1
R039810,0
R097840,0
R016991,0
R005476,0
R016918,0
R070407,1
R087267,1
R075827,0
R083630,0
R000261,1
R059241,0
R094774,0
R044870,2
R078561,3
R054412,0
R005975,2
R081256,1
R082154,0
R090142,2
R099919,0
R087254,3
R091022,3
R097901,0
R057714,1
R073085,0
R012413,0
R080105,0
R003257,1
R069170,0
R013102,1
R057459,1
R070050,2
R061580,0
R053766,3
R055472,2
R000104,1
R089954,0
R097508,1
R083064,0
R009420,1
R032729,3
R006208,1
R053013,3
R034365,1
R090024,2
R044967,0
R014545,0
R056501,1
R028459,0
R085179,0
R019497,3
R080870,0
R016431,1
R082731,1
R006125,0
R010082,1
R070090,0
R045317,3
R056067,0
R029815,1
R040737,1
R062500,3
R074597,3
R094154,1
R048568,2
R083658,0
R087290,0
R056078,2
R010018,3
R074323,0
R076533,2
R056823,0
R067910,0
R041520,0
R055615,0
R063784,0
R026959,3
R045081,0
R059475,0
R096587,2
R018527,3
R069789,2
R056861,1
R062384,0
R078091,0
R083974,3
R019826,0
R083388,2
R051474,3
R081781,0
R004714,2
R061183,1
R055577,2
R041399,0
R072365,1
R082942,1
R091751,0
R074000,3
R069465,1
R077404,0
R075756,2
R073739,3
R039045,1
R059667,1
R028058,1
R098532,2
R004143,2
R066847,2
R094086,0
R043233,0
R073417,0
R011248,1
R006612,3
R081225,3
R078429,2
R073464,3
R067684,1
R027179,1
R086580,1
R047400,2
R082570,3
R062031,2
R032358,1
R026075,0
R026305,0
R001794,1
R044281,3
R042524,2
R077531,1
R009978,0
R012377,2
R050140,1
R044313,0
R058740,1
R066704,1
R038865,0
R059842,1
R080658,1
R091558,3
R001773,0
R063871,2
R097067,0
R095531,0
R010375,0
R061879,3
R097482,1
R043760,0
R099414,2
R016221,1
R031417,1
R014872,1
R051939,0
R033364,3
R012749,2
R064336,3
R027353,0
R097467,0
R044636,0
R038844,3
R028196,0
R046861,2
R095507,1
R011336,2
R044465,0
R003865,2
R063693,0
R032165,0
R095176,1
R052023,1
R006070,1
R000868,2
R016132,3
R089872,2
R087168,2
R062980,2
R089018,2
R086525,1
R030703,0
R052821,1
R006628,0
R022477,0
R071863,0
R052668,1
R086322,3
R096645,1
R045879,0
R044192,2
R062059,2
R012523,3
R031847,2
R074639,0
R094693,1
R057236,0
R031188,1
R044318,1
R068172,1
R043259,1
R037170,3
R026425,2
R012587,3
R007873,2
R012203,2
R031011,1
R016293,0
R019653,3
R089260,3
R074587,2
R083603,1
R034824,0
R068787,0
R057032,2
R080887,3
R020626,0
R001700,3
R016892,0
R029348,1
R018104,0
R015215,0
R003014,0
R085333,2
R009091,0
R064393,1
R058782,1
R047008,3
R034060,1
R010976,0
R035969,0
R053325,2
R050009,0
R045890,1
R048509,0
R088760,0
R010093,3
R046628,0
R005084,3
R001077,3
R075573,0
R000712,1
R081800,0
R078607,1
R013931,1
R094384,0
R078571,2
R039293,0
R051121,0
R013652,0
R007613,3
R038917,0
R047010,2
R060341,0
R095752,2
R089323,2
R034067,2
R047216,0
R077983,1
R059812,1
R005522,1
R040096,2
R026283,1
R027870,0
R005830,0
R011856,1
R014655,1
R020435,1
R080123,0
R074392,1
R035211,0
R058847,2
R009824,2
R091078,2
R015115,0
R031595,0
R054562,1
R016373,0
R087560,3
R023544,3
R036077,1
R081846,1
R021099,3
R010150,0
R015723,3
R093334,2
R042002,0
R080060,1
R084993,0
R063322,0
R069244,2
R076141,2
R074341,1
R007313,0
R070911,0
R080737,3
R074192,1
R047132,2
R081387,0
R039238,0
R016348,1
R079360,0
R060047,0
R098379,1
R080196,1
R094555,0
R073645,0
R082421,2
R096382,3
R028274,2
R030685,2
R030629,1
R041238,2
R046218,0
R064402,2
R031611,3
R030434,1
R091911,0
R063467,1
R078305,0
R041977,1
R043156,0
R035003,2
R007954,0
R001639,0
R093866,1
R048182,2
R032850,0
R038420,0
R098630,3
R060330,0
R045828,3
R028431,2
R039356,0
R094150,0
R077061,1
R012154,1
R099367,0
R020419,0
R073155,1
R061762,2
R052568,0
R038265,0
R078391,0
R052720,1
R068792,0
R015293,0
R081360,3
R092753,1
R043533,0
R006523,1
R065222,3
R004233,3
R044025,0
R042855,3
R029019,2
R080769,0
R015807,0
R071903,0
R084876,2
R001931,1
R081081,0
R055816,0
R055928,3
R018455,0
R037653,0
R058472,0
R088728,0
R056779,1
R049339,1
R012594,2
R097685,0
R033565,2
R009949,0
R014938,1
R012800,3
R000226,1
R049142,3
R055029,0
R038749,2
R074909,0
R097990,0
R089999,2
R065941,2
R089167,0
R015256,0
R056128,0
R033853,1
R021560,2
R068718,1
R045393,1
R029677,3
R029721,0
R034716,2
R039491,0
R097829,1
R097393,3
R069298,0
R094803,1
R047964,2
R085082,0
R090175,3
R015207,0
R085528,1
R003662,2
R050345,0
R097625,2
R067934,0
R011162,1
R055276,3
R095833,0
R024470,3
R009094,1
R067413,0
R097315,2
R046433,2
R092333,1
R042188,1
R075917,1
R069823,1
R053982,3
R078500,1
R067668,0
R024156,2
R012579,0
R084094,1
R003850,2
R009095,0
R092086,0
R029203,0
R030045,1
R095962,0
R031703,0
R089985,2
R096033,2
R039772,1
R064509,0
R051243,0
R010964,1
R050895,1
R081423,2
R068108,2
R032044,0
R079595,3
R087656,0
R097605,0
R055160,3
R037089,0
R041849,1
R067272,0
R009120,0
R047464,0
R080529,1
R044177,0
R055063,1
R018073,0
R053475,0
R053956,0
R016272,0
R069513,3
R099271,0
R012988,0
R088961,0
R092567,0
R006763,2
R021409,3
R036194,1
R035820,1
R085867,0
R050836,0
R098413,2
R047006,0
R056664,0
R045870,0
R038211,0
R049202,0
R088259,1
R034627,1
R004388,0
R024204,1
R070970,0
R015467,3
R053631,3
R022401,0
R068187,0
R020246,2
R042838,2
R008845,2
R039452,0
R076842,0
R011511,2
R085447,0
R003526,0
R006336,2
R025827,0
R025431,0
R072280,0
R022617,0
R063938,1
R035250,0
R014062,2
R059389,1
R080536,3
R047638,0
R050834,0
R024675,0
R046850,1
R001985,3
R014990,1
R011891,0
R023918,0
R024783,0
R011012,2
R048339,1
R081895,0
R019862,2
R046526,3
R048975,2
R013670,3
R082040,3
R019476,0
R083516,2
R098795,0
R059917,2
R048524,0
R081771,2
R017672,1
R046195,1
R011265,0
R069491,2
R072852,1
R072268,0
R079320,1
R048468,1
R023781,0
R024943,0
R033888,3
R097468,0
R006955,0
R071608,3
R062683,0
R010929,2
R095693,0
R032970,1
R001488,3
R090188,1
R041217,2
R036486,0
R063607,3
R087469,0
R037717,0
R060418,2
R007393,2
R004729,1
R045485,2
R099056,1
R094733,0
R052849,0
R001705,0
R069395,0
R029216,1
R032029,3
R027861,0
R021176,0
R015331,0
R096327,3
R090989,0
R053504,3
R006508,2
R025611,0
R014549,3
R069952,1
R079599,0
R027372,0
R010510,1
R013341,3
R073202,0
R054810,2
R091411,0
R037251,2
R068392,0
R046439,0
R011461,0
R002556,1
R063449,1
R036069,0
R096878,0
R026572,3
R049824,1
R031805,0
R024510,0
R035198,2
R066891,2
R013077,2
R034644,1
R067042,1
R043588,0
R089503,2
R029606,3
R019806,0
R057058,0
R059307,1
R055699,3
R051140,2
R042233,0
R041163,0
R085148,1
R018965,2
R058151,2
R049473,0
R075664,1
R032745,1
R068186,1
R032111,3
R018808,1
R085944,0
R004074,0
R022803,0
R042234,2
R049467,3
R049139,3
R090211,3
R057961,1
R009247,3
R004097,0
R009308,1
R095258,3
R063672,0
R074980,0
R091731,2
R047526,1
R024332,0
R019848,0
R021950,0
R069748,0
R072242,2
R045305,3
R068926,0
R070644,1
R021519,1
R080200,0
R069253,0
R079482,1
R029075,3
R056953,0
R010079,0
R046183,0
R004659,0
R013474,0
R059428,0
R075692,1
R085507,1
R013451,0
R097610,0
R027531,2
R060058,1
R044792,1
R069736,2
R076935,2
R022306,0
R081352,3
R075752,2
R057372,1
R047472,1
R087944,1
R099661,3
R009032,1
R063491,0
R095711,0
R002689,2
R068807,2
R007493,0
R058007,1
R099998,0
R002624,1
R043748,3
R039564,0
R081191,0
R031665,0
R053422,3
R091687,0
R064671,1
R075607,0
R022950,3
R009929,0
R083734,1
R051025,1
R059888,2
R088236,2
R074370,1
R064709,1
R055727,0
R009226,0
R035767,1
R083859,3
R084492,0
R009596,0
R029479,2
R074810,1
R045926,0
R056135,1
R077010,0
R010916,1
R078710,2
R055703,0
R071161,0
R029527,1
R084302,0
R006056,2
R020206,0
R073617,0
R087601,1
R030974,0
R098355,1
R081142,0
R005751,0
R032307,0
R013763,3
R063435,0
R009127,0
R035822,3
R076800,3
R035601,1
R080125,1
R056457,0
R086029,1
R011359,2
R072317,3
R095309,0
R067754,2
R015707,3
R014234,1
R012788,3
R067204,1
R045499,1
R021355,0
R067989,0
R004072,3
R072042,3
R071679,2
R087659,3
R081929,0
R002259,2
R079249,1
R033739,0
R008319,0
R002508,0
R009682,3
R063893,0
R057629,0
R096937,0
R075166,0
R011762,3
R085727,0
R095793,1
R021836,2
R086348,3
R081714,1
R074158,0
R013900,3
R012148,1
R057350,3
R003741,1
R032073,0
R086469,0
R095758,0
R003215,2
R085534,3
R039127,0
R065889,0
R032187,1
R040032,0
R046654,0
R035012,3
R035381,1
R033728,0
R047777,2
R029970,0
R099522,1
R040535,0
R063100,3
R084762,1
R074610,3
R020975,2
R051132,3
R087248,1
R057523,0
R081302,3
R028750,1
R065288,0
R038079,0
R099551,3
R014458,0
R021842,1
R049924,0
R042383,2
R038485,0
R074596,0
R025454,3
R074561,3
R079928,1
R063629,0
R077060,2
R093504,2
R091859,0
R032620,0
R048154,3
R000976,1
R011570,1
R029841,0
R042900,0
R044235,0
R003905,1
R006471,3
R068222,3
R067425,2
R040690,0
R052350,3
R062731,3
R045260,3
R014139,0
R089461,0
R086564,0
R060667,2
R061811,0
R034993,1
R050574,1
R000889,0
R098550,2
R042330,2
R009501,0
R058246,2
R088333,1
R002776,0
R060209,0
R069417,0
R072382,3
R051567,0
R067559,0
R093585,0
R089868,1
R043843,1
R087424,2
R068289,0
R000562,0
R099739,3
R014261,0
R077291,2
R006909,1
R094845,0
R037859,0
R013879,0
R018247,0
R097027,0
R069023,0
R082419,0
R035409,1
R038887,1
R030706,2
R020642,0
R095568,3
R094188,0
R008549,1
R028949,0
R029151,0
R064585,1
R085741,1
R070983,0
R086970,0
R037501,1
R068257,0
R072118,0
R004676,0
R038283,3
R045532,2
R017010,0
R067757,0
R090424,1
R075251,0
R044751,2
R000614,1
R087746,1
R002342,2
R092178,0
R082998,1
R078991,0
R097268,0
R006865,0
R049100,0
R012495,0
R034657,0
R041227,3
R079507,0
R005179,1
R084602,0
R047633,0
R005429,0
R079240,1
R023698,0
R072348,1
R022641,1
R042475,3
R094872,1
R083560,3
R008780,0
R057177,1
R061955,3
R087779,0
R010714,3
R080833,2
R075636,3
R010047,1
R056703,0
R073522,2
R059663,2
R049185,3
R038549,0
R000421,0
R008632,2
R064238,0
R048827,0
R042577,1
R064941,0
R003784,0
R058425,3
R000391,1
R002203,3
R018216,0
R036171,0
R077609,3
R087463,0
R085646,1
R042561,0
R087605,1
R089688,0
R052691,2
R067145,0
R090857,2
R073736,2
R096614,0
R023121,0
R021734,0
R002647,0
R067863,1
R011502,2
R094075,0
R006176,1
R087709,0
R021802,0
R099205,2
R085129,0
R057993,3
R061901,1
R094217,0
R043845,1
R014720,0
R051285,0
R073097,3
R058959,1
R045454,2
R062109,2
R062996,0
R057183,0
R099587,3
R000398,0
R002022,1
R057964,0
R097923,3
R051924,1
R049138,1
R062293,3
R068882,0
R026021,0
R050526,0
R057970,3
R006341,1
R070186,2
R077244,1
R097333,2
R040349,0
R071536,2
R005930,2
R048964,0
R071223,2
R016721,1
R086943,2
R005678,0
R006892,0
R036697,2
R055308,3
R002458,0
R005482,0
R016610,2
R032612,2
R064480,3
R046058,1
R004903,1
R050980,3
R078414,2
R058666,0
R097697,1
R052499,0
R025424,2
R027192,0
R044784,0
R056761,1
R007394,1
R013750,1
R047071,0
R006400,3
R015541,0
R011206,1
R085964,0
R009486,1
R086718,0
R014148,1
R088647,3
R050051,3
R043832,0
R012901,3
R051405,0
R015183,0
R046680,3
R041477,0
R047350,2
R081296,0
R062535,1
R096824,3
R005737,1
R078415,2
R068564,2
R023642,1
R068920,0
R052100,0
R008479,0
R064006,3
R064419,3
R073042,0
R027803,1
R027272,1
R042740,0
R081110,3
R025458,0
R051889,3
R078628,0
R081343,1
R009841,0
R063643,2
R014352,2
R046677,0
R083345,0
R060917,0
R025163,3
R044365,0
R001750,1
R093881,0
R003206,0
R008948,2
R067719,0
R075446,1
R038312,1
R019696,1
R069504,3
R002066,2
R072522,3
R086792,3
R044835,0
R022065,0
R059272,1
R080998,0
R060014,3
R001840,0
R071933,1
R065628,0
R097033,2
R098298,3
R052473,0
R013134,0
R016667,0
R042138,0
R038028,0
R009378,0
R025601,1
R013248,1
R071585,1
R023138,3
R062150,2
R037678,2
R015736,3
R014190,3
R081219,0
R058290,0
R090140,0
R053369,3
R093560,3
R029945,0
R022664,1
R069206,3
R073113,1
R029220,0
R038099,0
R093412,0
R017790,3
R086758,3
R037728,0
R082111,1
R059174,3
R031393,2
R095356,3
R077408,0
R021156,1
R094350,0
R050449,1
R084464,1
R041767,1
R063071,0
R056511,1
R062372,1
R073602,1
R040453,2
R013641,0
R028917,3
R002329,0
R059225,3
R024595,0
R038606,0
R089713,1
R035379,0
R091598,3
R094479,0
R077239,0
R063180,0
R066477,1
R096809,2
R078204,0
R029952,2
R044882,3
R041324,1
R038971,2
R003605,0
R094446,0
R046510,3
R023683,1
R057991,0
R062802,0
R000777,1
R021129,2
R021889,3
R005928,1
R082436,1
R011043,1
R082398,0
R077793,0
R062259,0
R007356,0
R082906,2
R038580,0
R030299,3
R062008,3
R096363,1
R007709,3
R020129,0
R030301,2
R086504,1
R000957,1
R038309,0
R098229,1
R066054,0
R064507,0
R014747,0
R042426,0
R049220,2
R045943,0
R073702,1
R006681,0
R030856,1
R084844,0
R088703,3
R017215,0
R088132,2
R050451,1
R053011,0
R071005,1
R063590,2
R000667,0
R066949,0
R094599,0
R013737,0
R035308,0
R089563,2
R055095,1
R075533,2
R071989,3
R072739,1
R059200,0
R000107,1
R001905,3
R073653,3
R067003,1
R047482,2
R060261,1
R059108,0
R061538,0
R004314,2
R011620,0
R049762,0
R063010,0
R034301,0
R032323,0
R041039,0
R048374,2
R067704,0
R039599,1
R009431,1
R040614,0
R000673,1
R076699,1
R014709,2
R031868,1
R028782,0
R031303,0
R088340,2
R060535,0
R047202,0
R008295,0
R012304,0
R076796,2
R080469,2
R086337,0
R045480,3
R057034,0
R014739,1
R090779,2
R079616,0
R020932,0
R033956,0
R042881,0
R036518,0
R072495,0
R084894,0
R046777,0
R015539,1
R075367,0
R069194,2
R046893,3
R035240,0
R013871,3
R078887,2
R037405,1
R065636,2
R074216,0
R000547,1
R052179,1
R005317,3
R044295,1
R018696,0
R094133,2
R073119,2
R075231,0
R069990,0
R043495,0
R096668,2
R021531,1
R020217,0
R017641,0
R040416,2
R046030,2
R065615,0
R012733,1
R056171,2
R055185,1
R054538,1
R091608,1
R027994,0
R052121,3
R039011,3
R051775,0
R027022,0
R011780,3
R000958,1
R057624,2
R043526,1
R063039,0
R073218,1
R077175,0
R075393,0
R014199,2
R006152,1
R058299,0
R001284,0
R082781,0
R012794,0
R006287,1
R000632,0
R031547,1
R048918,1
R052906,2
R073056,0
R050093,2
R058869,3
R053183,0
R066213,0
R014241,0
R047579,1
R080895,1
R011077,0
R091199,1
R084973,1
R028929,0
R071350,0
R006719,1
R050294,0
R009608,3
R084925,3
R024702,0
R025427,1
R021718,1
R016730,0
R032941,0
R075140,1
R038587,0
R087514,2
R006926,0
R012146,0
R080511,1
R030497,1
R022417,0
R072423,0
R031076,1
R043378,3
R075257,0
R096202,0
R024549,0
R094980,0
R033129,0
R014547,0
R051001,0
R058207,3
R030265,3
R092228,1
R021991,3
R024982,0
R053736,2
R093921,1
R061229,0
R070333,2
R081979,1
R079767,0
R023470,0
R046728,0
R079109,0
R020012,1
R098029,3
R021861,0
R002500,2
R082267,0
R017501,1
R084772,0
R060164,1
R030359,3
R020687,0
R067967,0
R046051,0
R040426,0
R032555,1
R027081,0
R062863,1
R035366,3
R094250,0
R076196,2
R050928,0
R022987,0
R073302,2
R050953,0
R057138,3
R001469,0
R084678,2
R044519,3
R051495,0
R046820,1
R066633,0
R071268,1
R088576,0
R083991,0
R078791,2
R060744,0
R051527,0
R066761,0
R083284,3
R015741,0
R085600,0
R075214,3
R066855,1
R078443,0
R017806,1
R057770,2
R033285,0
R013139,0
R003183,3
R009317,2
R070246,0
R015575,1
R034811,1
R092054,3
R070049,3
R084466,1
R004941,3
R057411,2
R009273,1
R005337,0
R061921,0
R016327,2
R080872,0
R028258,0
R089292,0
R016727,1
R033291,0
R080535,1
R039685,0
R048276,1
R007623,2
R068263,0
R086377,0
R092241,0
R022665,1
R052376,0
R073825,0
R047629,0
R080639,2
R002690,0
R032921,0
R083618,2
R056900,2
R092933,1
R082977,1
R028489,2
R086764,0
R046304,0
R008944,1
R015949,0
R091639,1
R063487,1
R025392,0
R042204,1
R026263,2
R008111,1
R097810,0
R083969,1
R079898,0
R028680,0
R050347,1
R038686,2
R008946,0
R019075,2
R033184,1
R011577,0
R073943,0
R071200,2
R060872,1
R085293,2
R064383,0
R052231,0
R066590,0
R049034,3
R002305,0
R034126,3
R036407,1
R048666,0
R041768,1
R052470,2
R077294,0
R081963,0
R029940,1
R091273,0
R062159,0
R008296,0
R014163,1
R069574,0
R028103,0
R007849,2
R061520,3
R046836,2
R023067,1
R006743,0
R086250,1
R020559,3
R076927,0
R090268,2
R023736,0
R052242,0
R083451,0
R007977,0
R024269,1
R013166,1
R070886,1
R044709,1
R092186,2
R017771,1
R028424,1
R039688,2
R095548,1
R050728,0
R088790,2
R041747,1
R006157,2
R029254,0
R093870,0
R048202,1
R024944,3
R067197,0
R062544,0
R066203,3
R030250,3
R003294,0
R037560,1
R010928,0
R069831,0
R009542,3
R087162,3
R033045,1
R017972,0
R077888,3
R065338,1
R095069,0
R058545,0
R025718,3
R000363,0
R086850,1
R036718,0
R069599,0
R007308,0
R055761,0
R094548,3
R089697,2
R060978,0
R047645,0
R052409,1
R002511,0
R021160,1
R031732,1
R001745,1
R056476,3
R003350,0
R072995,3
R051922,0
R071631,0
R099253,1
R081442,2
R097106,0
R076827,3
R046955,1
R014264,1
R097105,2
R058482,1
R052995,0
R043199,0
R009174,2
R003204,3
R031014,0
R007551,1
R035113,3
R056415,1
R095096,1
R053357,1
R053429,1
R016613,2
R006350,3
R087462,3
R042960,0
R089490,1
R056951,0
R062909,3
R057285,0
R090781,1
R077347,1
R026457,1
R046492,1
R083057,0
R085488,1
R035693,3
R059954,0
R067889,1
R070086,0
R062611,0
R018225,1
R002124,1
R075429,0
R099865,1
R070692,0
R007176,0
R059248,0
R082594,2
R067970,0
R039515,1
R045840,3
R038596,2
R070435,2
R001588,2
R056113,3
R005116,0
R027885,2
R082147,1
R002202,2
R052608,3
R029227,1
R071373,1
R004427,1
R005307,1
R074018,0
R017330,0
R081084,3
R058649,0
R058798,0
R073340,0
R087729,0
R085704,1
R070062,0
R009936,3
R025569,0
R019066,1
R096355,3
R017467,0
R063043,1
R039602,0
R078723,3
R052014,1
R081099,2
R087050,1
R064978,2
R049926,3
R050676,0
R002440,3
R086209,0
R032481,1
R041095,1
R024635,3
R027681,3
R035556,1
R014491,0
R099307,2
R038245,0
R097832,1
R070744,0
R047590,2
R040811,3
R004813,1
R015567,3
R086034,3
R065734,2
R080866,0
R028083,3
R017707,3
R003035,3
R036947,0
R060326,1
R085231,0
R061665,0
R072468,0
R026430,0
R047775,3
R011094,1
R080149,0
R055261,3
R014224,0
R045252,1
R009511,0
R008992,0
R013557,2
R036530,1
R001884,0
R090538,3
R067020,3
R030212,2
R061851,1
R010243,3
R079783,1
R052167,2
R003447,2
R094237,3
R063062,1
R077346,0
R051168,1
R013396,0
R006615,0
R091768,0
R018153,0
R050196,0
R012139,1
R061707,1
R039077,3
R084121,0
R039047,1
R017439,3
R006321,0
R003892,0
R071747,3
R084024,3
R065112,0
R068476,1
R075892,1
R062855,2
R048410,0
R036696,2
R098289,1
R078273,3
R000095,3
R096247,0
R071408,1
R035234,3
R058722,0
R051398,2
R001936,0
R016157,3
R064508,1
R062777,3
R033154,0
R055325,2
R019058,2
R004915,2
R077249,1
R004177,1
R045945,2
R045589,0
R033061,2
R075547,2
R070072,3
R013899,0
R017624,1
R006169,3
R007635,1
R071637,0
R066512,0
R087316,0
R099848,0
R091182,2
R023734,0
R056158,0
R089019,1
R075167,0
R054409,1
R057966,0
R000530,3
R083141,0
R066553,2
R071816,1
R048012,2
R086601,3
R072437,1
R043266,0
R091805,0
R099138,0
R008254,0
R067282,0
R016799,1
R018819,0
R074615,1
R069153,2
R027937,2
R012390,3
R008484,1
R048943,3
R030965,0
R026839,1
R093576,3
R057253,1
R043476,0
R098576,0
R099086,0
R030464,0
R027462,0
R050398,1
R035011,2
R016085,0
R045065,1
R013060,0
R032518,3
R095860,0
R044291,1
R063362,1
R037133,0
R019337,0
R042266,1
R012245,0
R024931,1
R097537,0
R042287,1
R059956,0
R015671,0
R074426,2
R051072,3
R007625,0
R038242,1
R080118,0
R083466,3
R093082,0
R006901,0
R008924,0
R033112,0
R083525,0
R065186,0
R084150,0
R061841,0
R037738,1
R064821,2
R002396,0
R071895,1
R083621,1
R078230,2
R056040,2
R076868,0
R038263,0
R092602,3
R019055,3
R049906,2
R011195,0
R010480,1
R023348,2
R012534,0
R011409,2
R090766,1
R035518,0
R095608,3
R064551,2
R037346,1
R079857,0
R067116,0
R031974,0
R085066,0
R038191,3
R067542,0
R080603,2
R036698,1
R062399,2
R078408,2
R099441,0
R086149,0
R015121,2
R049472,0
R004835,0
R055821,1
R053112,0
R075401,0
R098388,0
R083469,3
R086429,3
R033339,3
R082480,2
R058712,0
R052717,1
R015747,2
R069561,3
R078871,1
R031721,3
R042658,2
R042726,0
R018841,3
R027585,2
R096805,3
R060143,1
R084909,3
R011115,0
R050913,0
R073019,2
R002273,0
R076503,2
R053612,0
R014484,3
R019515,1
R003117,1
R047174,0
R072901,1
R037002,2
R092015,3
R088447,1
R008611,0
R099176,1
R058244,0
R037725,2
R027015,3
R096287,0
R059526,1
R046932,1
R035356,0
R045005,3
R044455,0
R095487,0
R084587,2
R066108,0
R098064,2
R090400,0
R026451,0
R034044,2
R077655,0
R079674,3
R074872,1
R029604,3
R003481,2
R085897,0
R017840,1
R084665,0
R097153,0
R014391,0
R034786,0
R093683,3
R009648,0
R014754,2
R040701,2
R021379,0
R078407,0
R069873,1
R019313,2
R083788,0
R065019,2
R094380,2
R094132,0
R078514,0
R069679,2
R047155,1
R030660,2
R084934,1
R062578,2
R083175,0
R065509,0
R047020,1
R072758,2
R007218,0
R095678,3
R093839,3
R088955,2
R049881,3
R026267,0
R023971,2
R027346,1
R045435,1
R054523,1
R002972,0
R080763,0
R000568,1
R066360,0
R084828,3
R028498,0
R097671,3
R098339,1
R082999,0
R059019,2
R016326,0
R047416,0
R096855,3
R055804,1
R068751,3
R002608,2
R047573,1
R036733,2
R023216,1
R047179,0
R088614,1
R079904,2
R072820,3
R041564,0
R064753,0
R031653,0
R096888,2
R071930,1
R024562,2
R013815,0
R020051,0
R045933,0
R050267,0
R059575,3
R016278,1
R020998,2
R059131,2
R016781,1
R083696,0
R029121,1
R073081,2
R001378,0
R050393,0
R037830,0
R085694,0
R027091,3
R073485,0
R016517,2
R016198,0
R043633,0
R049462,2
R006662,2
R059233,2
R027864,0
R093153,0
R021472,1
R010834,2
R038047,1
R003207,0
R095358,2
R051927,0
R075755,0
R054883,1
R095129,0
R077195,1
R016396,3
R030410,0
R019715,0
R071916,2
R041582,2
R012127,0
R061559,1
R018077,3
R061914,1
R097116,0
R013407,3
R086488,0
R029042,0
R005711,1
R088409,3
R077108,2
R046214,0
R026515,0
R030814,1
R087407,0
R058595,0
R043472,2
R050390,0
R092606,0
R063430,0
R031980,0
R057691,2
R000978,1
R056549,3
R022408,3
R040076,1
R051610,3
R031171,1
R052641,3
R002163,2
R047518,1
R051680,0
R086936,0
R045716,0
R095841,3
R020859,0
R050766,0
R031410,0
R025950,0
R033353,3
R057535,1
R018767,3
R089497,0
R030411,0
R047401,1
R073862,1
R094330,1
R078544,2
R047547,0
R061746,1
R064488,1
R019176,0
R043165,0
R063988,0
R015648,3
R018638,3
R090765,2
R076853,0
R062539,3
R025939,0
R058462,0
R009108,1
R091649,0
R050914,1
R011349,2
R089065,3
R073516,0
R007197,2
R040051,0
R053264,0
R051151,1
R022147,0
R009760,1
R048514,1
R001567,3
R073869,0
R064368,0
R098478,0
R027708,1
R034882,0
R003935,0
R098187,0
R080064,2
R010471,0
R034709,1
R065290,2
R012021,0
R082523,1
R081763,1
R004531,0
R060097,0
R039957,2
R069030,1
R023488,1
R098231,2
R032278,0
R046627,2
R099435,0
R061382,2
R024354,0
R067911,0
R011488,2
R008972,2
R006245,0
R032068,0
R028831,0
R084146,0
R012515,0
R035243,0
R000654,1
R002813,2
R063708,1
R062687,2
R039230,1
R080115,2
R072728,0
R089740,1
R050202,3
R067462,3
R024639,1
R005462,3
R024503,1
R008368,1
R020412,0
R021169,1
R083032,0
R088297,0
R013155,3
R083964,1
R060332,1
R039114,1
R026422,2
R094398,0
R070697,0
R013216,0
R091214,0
R069729,0
R069945,3
R061898,1
R099853,2
R001654,0
R048077,2
R018714,1
R090611,0
R026330,0
R029083,0
R052218,1
R037999,0
R084009,3
R000741,2
R075433,2
R051053,0
R061878,1
R096464,0
R062684,0
R041487,0
R041682,2
R096956,1
R012836,0
R000705,3
R026363,0
R095054,0
R071014,0
R067168,1
R070822,0
R007477,1
R088613,1
R089381,2
R008146,2
R060670,1
R015118,3
R079151,3
R068127,2
R072017,0
R061114,2
R014167,2
R038578,3
R041606,0
R056952,0
R071743,2
R093750,0
R005278,0
R013850,1
R024197,0
R015277,0
R033619,0
R041019,0
R040584,0
R037919,0
R064522,2
R040760,0
R012152,2
R087858,0
R085043,1
R042281,0
R094174,1
R081710,1
R030567,0
R045735,3
R057174,0
R063074,1
R023707,0
R008075,0
R000689,2
R021195,0
R014209,1
R078277,1
R008928,1
R066537,0
R039841,0
R038589,3
R090839,0
R047430,0
R011958,0
R097573,2
R056438,0
R075654,2
R081538,2
R038049,0
R002191,1
R053354,0
R067158,0
R069224,3
R011854,0
R052976,1
R077197,0
R040801,1
R021024,1
R023375,2
R069934,0
R051343,1
R038372,1
R017962,1
R076780,2
R035077,0
R050268,0
R042438,0
R012314,1
R073359,1
R066017,2
R003813,1
R042248,1
R083250,0
R053875,0
R031053,0
R097062,3
R063351,2
R087953,3
R060191,0
R079022,2
R006076,0
R042245,2
R055948,1
R066338,0
R048857,0
R020332,2
R084703,0
R025715,0
R061094,0
R034892,0
R088021,1
R020627,0
R051904,1
R085845,3
R020170,3
R097124,1
R057605,2
R094158,1
R056958,2
R076295,3
R037664,2
R047537,0
R060678,0
R043912,0
R027613,0
R076370,1
R065500,3
R080295,0
R070902,1
R081652,1
R012178,1
R083742,0
R003894,0
R036358,0
R098984,1
R028711,1
R096204,0
R076848,0
R049700,3
R099511,0
R069335,0
R053399,0
R073791,1
R061637,0
R082989,1
R024344,0
R025195,0
R086632,1
R021249,0
R066083,0
R064442,0
R099523,1
R020889,1
R056544,0
R065425,2
R080455,1
R038559,0
R075730,0
R092924,1
R064051,1
R028662,0
R057754,3
R006445,0
R078524,2
R018966,0
R075191,2
R010266,0
R032318,2
R083475,2
R024936,0
R006244,0
R059092,1
R086378,1
R032553,0
R014548,0
R074384,0
R065909,1
R099112,0
R002333,0
R078317,1
R072843,0
R069905,2
R036377,2
R070540,0
R046947,3
R062823,2
R073123,0
R037773,3
R003896,3
R066812,0
R021006,0
R059165,0
R042927,0
R022620,0
R023952,0
R078024,0
R031602,1
R030578,1
R065671,3
R057206,1
R079092,0
R098126,0
R009233,1
R028859,0
R057642,0
R069654,2
R045420,0
R020201,3
R059083,0
R045782,0
R046098,0
R010025,3
R025538,0
R017425,1
R036146,1
R047353,0
R032666,0
R011939,0
R070310,0
R099562,0
R097070,0
R082472,1
R011477,3
R055321,0
R051368,2
R055376,1
R022747,0
R011468,2
R012302,1
R008826,2
R049994,2
R090134,0
R054885,2
R018656,0
R070481,0
R078883,0
R039935,0
R018488,3
R051709,0
R042137,0
R029352,0
R010237,1
R038814,1
R030031,3
R071041,2
R056098,1
R073681,0
R082931,0
R011778,0
R039792,3
R092874,0
R018772,0
R035762,1
R001675,2
R050044,1
R045556,1
R024704,2
R040865,1
R056665,1
R060842,2
R037645,3
R037304,2
R073668,0
R002843,1
R055147,0
R085396,2
R027747,3
R083098,0
R062480,0
R065987,0
R057851,0
R085652,0
R085736,0
R038208,0
R031617,2
R022433,2
R067037,3
R026462,1
R078536,2
R053941,0
R001633,0
R080641,1
R066037,0
R082053,0
R081785,0
R007543,1
R069925,3
R037569,2
R090670,0
R041072,2
R000440,2
R056848,0
R050215,0
R025097,0
R004034,1
R077176,0
R032771,0
R038954,0
R069128,0
R031696,2
R080720,0
R023352,0
R044488,0
R058738,0
R061266,3
R074443,0
R025293,0
R091472,0
R026275,0
R000607,0
R043012,0
R066432,2
R058468,0
R042077,0
R085700,0
R092703,3
R068276,0
R046965,1
R092242,1
R075057,0
R022447,0
R083173,1
R094271,1
R039950,2
R035496,0
R088256,1
R046788,3
R062058,0
R018175,2
R035018,2
R089849,0
R053288,1
R057472,1
R093777,1
R084784,1
R009125,1
R041081,0
R097576,0
R065104,2
R019491,3
R059352,0
R023014,3
R008966,1
R003740,1
R084880,1
R024757,0
R000546,2
R086379,3
R080056,1
R022770,3
R025595,0
R025951,0
R040196,2
R026650,0
R075365,1
R006742,1
R028765,0
R011551,0
R020685,2
R053410,1
R062279,2
R063373,0
R095106,1
R059643,0
R092893,1
R070211,2
R068297,1
R058039,0
R008144,2
R014647,0
R022251,1
R005396,0
R046990,0
R090189,0
R015187,0
R074275,2
R089560,0
R073448,1
R099219,0
R088531,2
R070476,3
R094478,2
R012045,0
R081058,0
R038210,0
R071485,0
R020228,0
R023048,0
R030167,1
R018164,1
R028348,0
R073385,3
R068031,1
R038821,0
R065011,1
R062060,3
R083290,3
R083777,0
R075471,0
R094126,0
R040641,3
R068046,0
R077292,0
R041649,0
R037140,0
R036423,1
R095036,3
R014011,1
R087532,3
R075684,3
R097294,0
R038638,2
R070317,0
R050742,0
R082788,0
R025005,1
R091367,1
R076352,0
R083480,0
R026790,0
R056614,3
R058010,0
R022923,0
R063532,1
R002806,0
R058521,2
R025987,2
R021833,0
R087300,0
R017979,0
R014387,0
R076742,1
R031010,1
R064412,3
R066322,1
R060888,2
R002949,0
R043274,0
R019875,1
R078993,3
R088594,1
R067638,0
R013427,0
R019373,0
R050779,0
R022639,1
R030115,1
R086669,0
R015689,3
R067848,1
R058760,1
R036373,1
R081601,0
R060466,3
R012719,0
R007885,0
R013595,0
R080271,0
R051969,2
R051417,3
R027655,1
R041661,2
R073163,2
R054027,0
R074915,1
R020049,2
R006002,0
R054056,1
R067813,0
R081310,0
R089184,1
R085466,0
R000946,3
R079937,3
R043811,2
R000443,2
R082789,0
R066688,2
R059691,0
R011209,1
R089747,2
R087144,1
R033024,0
R025227,0
R054386,3
R007459,0
R016070,0
R072835,2
R096392,0
R013728,3
R045048,0
R050232,0
R073802,2
R079075,1
R046981,3
R019435,3
R036535,0
R063949,1
R097751,0
R008517,0
R044117,3
R059393,3
R065710,2
R095105,0
R005302,2
R017587,3
R043823,0
R085416,2
R049858,2
R081389,1
R064677,0
R059952,2
R056285,0
R012560,1
R020165,1
R020204,3
R057270,0
R013448,0
R078782,1
R021890,0
R059743,3
R022130,1
R042113,3
R083743,1
R048852,0
R026618,3
R007072,0
R008699,0
R064232,0
R033995,1
R034592,0
R012166,3
R011362,1
R056299,3
R005661,1
R095076,0
R055020,1
R091275,2
R015745,3
R023929,0
R009228,0
R077450,2
R071737,1
R067537,3
R009252,2
R028174,0
R019217,0
R067809,0
R016381,1
R025964,0
R034083,2
R011075,3
R017734,2
R017270,0
R006501,1
R084819,1
R061680,3
R052268,1
R039951,3
R077138,1
R020092,2
R056570,0
R010402,1
R019013,3
R009362,1
R012600,0
R067083,2
R010017,0
R066861,3
R085415,0
R059049,1
R018149,1
R084232,2
R001641,1
R005438,0
R009005,1
R061269,1
R045537,1
R099792,3
R071471,3
R043073,1
R066573,0
R033706,2
R040473,1
R086290,2
R058321,2
R007316,0
R041744,2
R072056,1
R013858,2
R097566,0
R086432,0
R022060,1
R075154,0
R016784,0
R009043,0
R097801,0
R010899,0
R003229,2
R003536,1
R077165,1
R045238,3
R077209,2
R025335,1
R005043,1
R024897,0
R045961,1
R067130,1
R039784,0
R036798,0
R071871,2
R035415,0
R050186,0
R076257,0
R091414,0
R083786,0
R046873,0
R025347,3
R038019,3
R065592,0
R043648,0
R093485,3
R071551,0
R014186,0
R011434,2
R041701,2
R087148,2
R056189,1
R039372,0
R056948,0
R071907,2
R031621,1
R066160,1
R067858,1
R032806,0
R075254,1
R028920,2
R005159,1
R063588,1
R021844,0
R092006,1
R038577,0
R015769,0
R068407,0
R045242,1
R058971,3
R060204,0
R056797,1
R001410,0
R077077,0
R088652,0
R086615,1
R068202,0
R030587,2
R027737,1
R060709,0
R029214,0
R018015,2
R097758,1
R060393,0
R042842,1
R055975,2
R028433,1
R021362,3
R099841,0
R010758,0
R009847,0
R093988,2
R084821,1
R090523,2
R079409,3
R025154,0
R058446,2
R030775,0
R083257,0
R046760,0
R017456,1
R031549,0
R066710,1
R037521,1
R031823,3
R089593,1
R070932,0
R077691,2
R068305,0
R091686,1
R024848,2
R033480,1
R054840,3
R013047,3
R009472,0
R005957,1
R030778,0
R065226,1
R039005,0
R067573,3
R074204,2
R021912,3
R067120,3
R062632,2
R075536,0
R057267,0
R008622,1
R095183,2
R037727,1
R093674,2
R026751,0
R055432,0
R084771,1
R030484,2
R001834,1
R051801,0
R037632,0
R015916,1
R009916,0
R058810,0
R088997,0
R038046,0
R062130,0
R086133,0
R038740,0
R079329,3
R017141,1
R003939,0
R099479,0
R047196,1
R098643,0
R041446,0
R013767,0
R012084,0
R029916,0
R076404,0
R039408,2
R076624,0
R031973,0
R037626,1
R037230,3
R072569,0
R066169,0
R008889,1
R007372,2
R069683,3
R010611,1
R050698,2
R082736,3
R087671,2
R043885,0
R023690,1
R043652,2
R044754,1
R066402,0
R020339,0
R040764,0
R000172,0
R032708,3
R012092,1
R024904,2
R072862,3
R034885,0
R040571,2
R054482,1
R011307,0
R075669,1
R080424,0
R094833,2
R021113,0
R012131,1
R056408,0
R089861,0
R011305,1
R018154,0
R093525,0
R040000,1
R085387,0
R059002,3
R095716,0
R025394,2
R092453,0
R033610,2
R093633,3
R010516,2
R019558,0
R038119,3
R073955,0
R031504,3
R007471,2
R097522,0
R057033,3
R021288,1
R077779,0
R057423,2
R085330,0
R085818,1
R039994,0
R037586,0
R078382,0
R043395,2
R022543,1
R084845,0
R035378,0
R023249,3
R011510,1
R066749,1
R081609,0
R035169,2
R062194,3
R095820,3
R072668,0
R011216,0
R015714,0
R013752,0
R001757,1
R004058,1
R040327,2
R081218,2
R018357,2
R009668,2
R013021,0
R087609,2
R064590,0
R095891,0
R000566,0
R043863,0
R005905,0
R082537,1
R018597,0
R007296,0
R011600,0
R041295,0
R021654,3
R031259,3
R094696,1
R045451,0
R073937,0
R093135,1
R055607,0
R075406,0
R021151,0
R020363,0
R031012,3
R017902,0
R062891,1
R058198,3
R067800,0
R076261,0
R047288,0
R001774,1
R096847,0
R012784,0
R069936,0
R019901,0
R021087,0
R063281,0
R090216,1
R021058,3
R048166,0
R033252,1
R055201,3
R018728,0
R076633,3
R066353,3
R039144,2
R044131,3
R076321,1
R013849,1
R066607,0
R071978,3
R000375,0
R024563,1
R065412,0
R096445,1
R040660,2
R045261,3
R045020,0
R008331,1
R015553,0
R043413,0
R065814,2
R061102,0
R067152,3
R059882,1
R046584,1
R023579,3
R070256,2
R025651,3
R093754,0
R012779,0
R072124,1
R083280,0
R082896,0
R076241,0
R059624,1
R021308,1
R077192,1
R007669,2
R081281,0
R020513,0
R075409,2
R040411,1
R069375,0
R058665,0
R084108,1
R039521,0
R005535,1
R077237,0
R052700,3
R017508,0
R096746,3
R046935,0
R098682,2
R060379,0
R067332,1
R053327,2
R036900,3
R017100,0
R010725,0
R080432,0
R019458,1
R091760,0
R018870,3
R099041,0
R020698,0
R000573,1
R034494,0
R051174,1
R077481,1
R082213,1
R096803,1
R014358,2
R072013,1
R051333,0
R068890,2
R010847,3
R012116,1
R038851,2
R014881,0
R051358,2
R083389,1
R089606,0
R015033,2
R014597,0
R052021,1
R079310,0
R071517,0
R046858,1
R009956,0
R092848,0
R017287,1
R044846,0
R047414,0
R005247,0
R042157,0
R007378,2
R031960,0
R015507,1
R013361,1
R089151,2
R024769,3
R033341,1
R096460,3
R026414,0
R048608,0
R023356,3
R048680,0
R031087,1
R096938,2
R074095,2
R022866,3
R021226,3
R048373,1
R087398,0
R019914,0
R046002,0
R083127,0
R057475,1
R048599,0
R097379,3
R006309,0
R067521,2
R031541,0
R080736,0
R027760,3
R076177,0
R033085,0
R026238,3
R043077,3
R082564,1
R016936,0
R079824,1
R080312,2
R041630,1
R080505,0
R060486,1
R078484,2
R066579,3
R013338,0
R085228,3
R058057,0
R082601,2
R066152,1
R012588,1
R086747,0
R088859,0
R099456,2
R031975,2
R094261,1
R050513,2
R026671,2
R043003,0
R019539,2
R056932,0
R022663,0
R097913,1
R045593,2
R063223,0
R035934,3
R085168,0
R049504,2
R036544,1
R007473,3
R060685,0
R097546,1
R093115,2
R004225,1
R071231,0
R003728,0
R011361,3
R034446,0
R057506,0
R054148,1
R065743,0
R017623,0
R078458,3
R031604,0
R061253,1
R040774,0
R086817,0
R035401,3
R043170,2
R066386,1
R050797,0
R080592,2
R057087,0
R099482,3
R077612,0
R084389,3
R033702,0
R010988,2
R034839,0
R074961,2
R012229,2
R065312,1
R030008,2
R033557,1
R018096,3
R081285,0
R067471,2
R084731,0
R080844,1
R088596,0
R098152,2
R001632,3
R065429,1
R080905,2
R087615,0
R000252,0
R016257,0
R015624,1
R083886,2
R068425,1
R060157,3
R098195,2
R007561,3
R028043,0
R052074,0
R097034,0
R008694,3
R086874,0
R096385,1
R066597,0
R044302,0
R012745,1
R046608,3
R048069,0
R098242,0
R076665,0
R020388,0
R014050,3
R076824,2
R008640,1
R057972,0
R040134,0
R094899,0
R089539,3
R065189,2
R006785,1
R099360,1
R058087,0
R018326,0
R038071,0
R026599,1
R044073,3
R036551,0
R011430,2
R029062,0
R088659,1
R093536,1
R016328,2
R070520,0
R000044,0
R037834,1
R073293,0
R046793,0
R046168,2
R047483,0
R070477,3
R012102,0
R072710,1
R046053,1
R028559,3
R084153,0
R053747,0
R060395,1
R095454,0
R024254,1
R059528,2
R098763,0
R041611,3
R085076,0
R058444,2
R088875,1
R012318,0
R042491,3
R044256,0
R054143,0
R093989,0
R088232,0
R028417,3
R077557,1
R017410,2
R034001,0
R010875,0
R072806,2
R086742,2
R050438,1
R076779,2
R037968,0
R076384,2
R091375,2
R054181,1
R060776,0
R073771,0
R012541,2
R059116,2
R067874,3
R076119,0
R098757,0
R068756,1
R078504,0
R050188,2
R017757,1
R000876,1
R058724,1
R001762,0
R060033,1
R089411,1
R038554,0
R078684,2
R025892,0
R096183,3
R092329,1
R027117,0
R026180,0
R001984,0
R034937,0
R033287,1
R028785,3
R053813,0
R048983,0
R038107,0
R072946,3
R025893,0
R061422,1
R066329,3
R029182,0
R043203,0
R033244,2
R070634,1
R062659,1
R012282,3
R062116,1
R017779,1
R041983,2
R091136,0
R021643,2
R069436,2
R018091,0
R083147,0
R083956,0
R055687,0
R039625,0
R025593,0
R014214,1
R060457,1
R066400,0
R002296,1
R008696,0
R004349,2
R025255,0
R094863,0
R066606,2
R048470,2
R082898,0
R048289,1
R045714,2
R087456,3
R004566,1
R064143,3
R030165,2
R055209,3
R089908,0
R008093,1
R045550,0
R029058,1
R083646,0
R053829,1
R058612,3
R017781,0
R070547,1
R047981,0
R029301,1
R057014,1
R097229,0
R027660,0
R031420,2
R082084,0
R000157,0
R032167,2
R080241,1
R008364,0
R011044,1
R045585,0
R025442,2
R076173,3
R019803,2
R042982,0
R083595,1
R055931,1
R089001,1
R017915,3
R039294,0
R095223,0
R021510,3
R088201,0
R068657,0
R049334,0
R044747,0
R026762,2
R099471,0
R077186,3
R057828,3
R099896,3
R035633,0
R045422,1
R031403,1
R082163,1
R010489,0
R040388,0
R087044,1
R013839,3
R052627,2
R039896,0
R056145,0
R071378,1
R044730,0
R002682,0
R029399,3
R059379,3
R002725,0
R048891,1
R020973,0
R092190,3
R030233,1
R093437,3
R028393,1
R048942,0
R009624,0
R072146,1
R063028,1
R004541,3
R052188,1
R016231,0
R070306,0
R079715,0
R070685,0
R055905,0
R044966,0
R057140,0
R088655,2
R084946,2
R034676,3
R092300,0
R041932,0
R056288,0
R032935,0
R098007,0
R016418,0
R019733,0
R084793,0
R007652,2
R035935,0
R046503,0
R060450,0
R069835,1
R048101,3
R011785,0
R008431,3
R073111,0
R089821,0
R063125,1
R027268,3
R044323,0
R058914,2
R099239,3
R080378,0
R098267,2
R022407,0
R094824,1
R074493,3
R020863,2
R089730,0
R015928,2
R049538,3
R049414,0
R015110,0
R009253,0
R070118,0
R060300,1
R093567,0
R053041,0
R072572,1
R050875,2
R011686,2
R080406,1
R058013,0
R068542,0
R074609,0
R098209,0
R096859,2
R002844,0
R076259,3
R093196,0
R026361,0
R090529,3
R035009,3
R071297,0
R035150,1
R071468,1
R022841,1
R000005,0
R050881,2
R012118,2
R003764,0
R026789,0
R089153,0
R046103,1
R097499,2
R074171,2
R021910,0
R098544,0
R064870,1
R013580,3
R010278,2
R024910,1
R047985,0
R091882,2
R010389,1
R074955,0
R059798,1
R037110,1
R088222,1
R038879,0
R082681,0
R007701,0
R030189,1
R013725,1
R060979,1
R022390,1
R000681,0
R080919,3
R090630,0
R035856,0
R011887,1
R053146,2
R030581,3
R029187,2
R022989,0
R022297,0
R082907,1
R002293,1
R026349,3
R083287,0
R033828,0
R008979,1
R082110,3
R092159,3
R095741,3
R092839,1
R016872,2
R088836,0
R063736,0
R039583,0
R064179,1
R003727,3
R058742,0
R070104,1
R076388,3
R071919,1
R075439,0
R052420,3
R006456,3
R036188,1
R012553,0
R076622,3
R010331,2
R067436,3
R003570,3
R044685,3
R014177,1
R041570,0
R045889,1
R011729,1
R035200,0
R084779,0
R068170,0
R017433,3
R055375,0
R046221,0
R005920,0
R073839,0
R012463,3
R039526,0
R076568,0
R039027,0
R013245,3
R076559,3
R043219,3
R081938,1
R027244,0
R093626,0
R056307,0
R014397,3
R061715,0
R010987,0
R009974,0
R062992,0
R068557,0
R078824,2
R065148,0
R012772,0
R064947,0
R028556,2
R089409,0
R001625,0
R088973,1
R084069,2
R076216,1
R013229,3
R043318,1
R000020,3
R060110,2
R028368,2
R094630,1
R054344,1
R081409,0
R072432,1
R044275,0
R072308,2
R064632,3
R091849,1
R022101,2
R081505,1
R051020,0
R059377,0
R005603,3
R017481,0
R013685,0
R094309,1
R068470,2
R066550,0
R018121,2
R099405,0
R054750,0
R080415,0
R089311,1
R011747,0
R038402,1
R058695,0
R071970,0
R044608,1
R045401,1
R008285,0
R016482,0
R041631,0
R078610,2
R046979,0
R036907,1
R008460,0
R094950,2
R050029,1
R072909,0
R020497,0
R078221,0
R085465,0
R073994,0
R058035,1
R084453,1
R097601,0
R027682,0
R051383,0
R031618,0
R071542,1
R072254,0
R098075,3
R020309,3
R073295,0
R051903,1
R084482,0
R000167,2
R071673,0
R044390,0
R006369,0
R077225,0
R060728,3
R074001,0
R097595,0
R073279,1
R039684,2
R060962,1
R065000,0
R042074,1
R014100,0
R075830,1
R044621,0
R016714,0
R013291,0
R004197,1
R089761,2
R047678,1
R013480,0
R020835,0
R035886,0
R041392,0
R009836,1
R024831,0
R059172,1
R008973,0
R046880,0
R078413,0
R034854,3
R064550,2
R056420,1
R011459,1
R053659,0
R046059,1
R078027,0
R095530,1
R085791,3
R036008,0
R041456,2
R013418,3
R017160,2
R019949,1
R014065,0
R034062,2
R078696,0
R076507,0
R086822,3
R026144,0
R062205,0
R043176,0
R066274,0
R077200,1
R067953,2
R063675,2
R013678,0
R039295,2
R058962,3
R012194,0
R014472,1
R011257,2
R074094,0
R062565,3
R001802,3
R091462,0
R043936,2
R000580,0
R021439,2
R078159,0
R095688,3
R004861,0
R035896,3
R097098,1
R090466,2
R076273,0
R053267,3
R019952,1
R071620,0
R091852,1
R046465,2
R031512,1
R069405,0
R006353,0
R007565,0
R078865,1
R065559,1
R053482,3
R022874,0
R008853,1
R081874,0
R098315,1
R095398,0
R080850,0
R076930,2
R020154,0
R057849,2
R034991,0
R005918,0
R050931,0
R038060,2
R040418,0
R034471,0
R033128,1
R088081,2
R099533,3
R038146,0
R026081,0
R015440,1
R023289,3
R016211,2
R046561,2
R074042,0
R089041,0
R021331,0
R094124,0
R024571,2
R048919,0
R002740,2
R071236,2
R014122,0
R020343,0
R032192,0
R055417,3
R078362,0
R022203,1
R026509,1
R052790,3
R064967,0
R063359,0
R059408,0
R049825,3
R087991,1
R088088,2
R022472,1
R019824,0
R085461,1
R094971,1
R016883,1
R096278,1
R032550,1
R035061,0
R085395,0
R062960,0
R048263,0
R064309,2
R041693,0
R017035,0
R087874,2
R048725,1
R042382,1
R040612,1
R094665,3
R018584,1
R036519,0
R066876,0
R096206,3
R027756,2
R021016,2
R093904,0
R090644,0
R003615,2
R062070,3
R086347,3
R042152,2
R011445,2
R066154,1
R016793,0
R036716,0
R061130,0
R024407,0
R033201,3
R046184,0
R066959,1
R049063,1
R083285,2
R047886,1
R025130,0
R027475,0
R056670,3
R007612,0
R028939,0
R067432,0
R078371,1
R076082,0
R000776,1
R095002,1
R063298,2
R047912,0
R098081,0
R079019,3
R080445,0
R089909,2
R070438,0
R014025,1
R053516,0
R030204,1
R044353,0
R060674,0
R063579,2
R061325,2
R090494,1
R072135,0
R017860,0
R001860,0
R014130,3
R012684,1
R058670,0
R000458,2
R049984,2
R084671,1
R036976,2
R020443,0
R049661,0
R037983,0
R052969,0
R053501,1
R049402,2
R020138,2
R005879,2
R049416,0
R055133,1
R071428,0
R084004,3
R011011,3
R082251,1
R077354,1
R070859,2
R053109,1
R077616,1
R060333,1
R065974,2
R050737,0
R000260,2
R008259,2
R038894,0
R004715,0
R087496,0
R028534,0
R083901,0
R090520,3
R061560,2
R096179,1
R071461,0
R022487,3
R098921,0
R041665,0
R005053,3
R097868,0
R064167,0
R096169,0
R037498,1
R070449,0
R052182,1
R055359,1
R091654,3
R086055,0
R012439,0
R049610,2
R056542,2
R096377,2
R000803,0
R042619,0
R003678,3
R024033,0
R090666,2
R025814,0
R005650,0
R071385,1
R036020,0
R070173,1
R017810,3
R052373,1
R001040,1
R046611,0
R073591,0
R095823,2
R018920,0
R048385,1
R037515,2
R094592,1
R095998,0
R002132,2
R024899,2
R075683,0
R099021,1
R010056,3
R034217,0
R084134,3
R065551,0
R032078,0
R057973,1
R037358,0
R059565,1
R011653,0
R076032,1
R093401,2
R038656,3
R033988,3
R067880,3
R080716,1
R060334,1
R092433,0
R001797,0
R066817,0
R077802,1
R013961,1
R065833,2
R076112,2
R053777,0
R081600,1
R037590,0
R008969,0
R035184,2
R081170,2
R099107,3
R097544,2
R071165,0
R033692,0
R042028,0
R029738,1
R062240,2
R044121,0
R063013,2
R039156,2
R022571,2
R091703,0
R083921,1
R093423,0
R024034,0
R054245,3
R083034,2
R073215,2
R019099,1
R031282,1
R041123,2
R037508,1
R000745,0
R046019,0
R080558,0
R023992,0
R073500,1
R026209,0
R011935,1
R069655,3
R007882,0
R089514,0
R002369,0
R077472,0
R011211,0
R053156,0
R017822,3
R066104,0
R088212,0
R076614,0
R072561,2
R008991,2
R040655,0
R088370,0
R070108,2
R049495,0
R074865,2
R013949,0
R008391,2
R079580,1
R015774,1
R077911,0
R016117,2
R063571,3
R037509,0
R004796,3
R027688,0
R040936,1
R071262,2
R035138,0
R075043,1
R060920,2
R037294,0
R083848,0
R022887,3
R005741,0
R019016,0
R046609,1
R040370,0
R052873,1
R066421,0
R097854,0
R032599,0
R099497,1
R077333,1
R094891,0
R056207,2
R033505,3
R052999,0
R094727,3
R058727,3
R056045,1
R041308,1
R041806,1
R077736,0
R034894,0
R032399,3
R079643,2
R078093,3
R084330,0
R077636,1
R005995,2
R055885,0
R006716,0
R071858,3
R096690,3
R097411,0
R006318,0
R099378,0
R083195,2
R007588,0
R051819,0
R099698,3
R042418,0
R059286,0
R018618,1
R090098,0
R067198,0
R026830,3
R004912,1
R074879,0
R002195,1
R059042,1
R010456,3
R049695,0
R045680,0
R002375,0
R026872,3
R092049,3
R094068,2
R024599,0
R047290,2
R084515,1
R054021,0
R085139,0
R007986,0
R068299,0
R087884,0
R063139,0
R011818,1
R056895,0
R090180,0
R027209,0
R016052,0
R061309,0
R062780,0
R033020,2
R036139,1
R000910,0
R041572,3
R051165,3
R001564,0
R084939,1
R053880,0
R064096,2
R010620,3
R085049,0
R001082,3
R072156,2
R049689,0
R072619,1
R016813,1
R037916,3
R085589,1
R032552,0
R099047,0
R091009,1
R057086,1
R055116,1
R006570,0
R051880,3
R001393,1
R093556,2
R021614,2
R090882,0
R038816,3
R098789,0
R012722,0
R050121,0
R015397,3
R010750,1
R044051,1
R089548,2
R076917,2
R054989,0
R079220,0
R065840,3
R052705,0
R040130,2
R033357,3
R089139,2
R029068,0
R019233,3
R070928,2
R023752,0
R008114,0
R066626,1
R086909,0
R006558,0
R097361,3
R000328,0
R006967,0
R062856,0
R090606,0
R059741,0
R019477,0
R009270,3
R013716,0
R045755,3
R098926,0
R001317,1
R074588,1
R053971,3
R016400,2
R090209,0
R023806,0
R016378,3
R097208,0
R023179,1
R084705,0
R022615,3
R093381,1
R024572,0
R088880,0
R098541,1
R055256,2
R057437,2
R084461,2
R020508,0
R052136,1
R007086,3
R004385,2
R029413,3
R002610,3
R077885,0
R069808,0
R007707,1
R063287,1
R029232,0
R086934,0
R018226,0
R075947,0
R004012,1
R050019,2
R078582,0
R055006,1
R044340,2
R017749,0
R076020,1
R030639,0
R026077,0
R033576,0
R038345,0
R068754,2
R007104,0
R066675,0
R077321,1
R060698,3
R073025,0
R087977,1
R004199,0
R076433,0
R021175,0
R094567,1
R067507,2
R062208,0
R026702,1
R036789,0
R085614,0
R012240,0
R084915,1
R025658,0
R092961,0
R080168,0
R011042,1
R014496,0
R074423,1
R049789,0
R010711,1
R065712,0
R060663,3
R066785,0
R003414,3
R000332,0
R069636,0
R091395,1
R006269,1
R079676,2
R061264,3
R074193,0
R055995,1
R078257,1
R027444,3
R056003,0
R080506,0
R013104,1
R036854,0
R094852,1
R059637,2
R018065,2
R055701,2
R074548,3
R086923,0
R080340,0
R076117,0
R094677,2
R056198,3
R078846,2
R097327,0
R083973,3
R057745,1
R086472,0
R035344,0
R094992,1
R077759,1
R096734,1
R035826,1
R078579,2
R078065,1
R063094,1
R097489,2
R095772,1
R050257,1
R081807,1
R017460,0
R020673,0
R093219,1
R034490,3
R083971,0
R064851,1
R078978,0
R083515,0
R043319,3
R034837,0
R008793,0
R000457,3
R094356,0
R023865,0
R094527,0
R074618,0
R020180,1
R042651,3
R082123,0
R045148,3
R097347,0
R052859,2
R014732,1
R065090,3
R014399,0
R095086,3
R053428,0
R093178,0
R094778,0
R040082,2
R072588,2
R082309,1
R077649,1
R014200,2
R059242,1
R094755,0
R076193,2
R056731,2
R027357,3
R007401,0
R036121,0
R005718,3
R008337,3
R058825,3
R051839,0
R049316,2
R012402,2
R033016,0
R004418,0
R096946,3
R088474,0
R073273,0
R058605,1
R004485,2
R022553,0
R015255,2
R006403,0
R013847,0
R071742,0
R074150,2
R018372,0
R094633,0
R072262,0
R074504,0
R004017,0
R095644,0
R099556,1
R074207,0
R035450,0
R069376,0
R043081,1
R040967,3
R024003,0
R057536,3
R016001,0
R007858,2
R033327,3
R085258,1
R089144,2
R003706,1
R051646,2
R087794,1
R044986,2
R069749,1
R045468,0
R017940,0
R089026,0
R095108,0
R017434,0
R028842,1
R032732,2
R026775,0
R060390,3
R000807,0
R083725,2
R071557,1
R072669,3
R069089,3
R092581,1
R077226,0
R084935,1
R008840,0
R070303,0
R067767,2
R028215,2
R008220,2
R095787,0
R019262,0
R093817,2
R061833,3
R067066,3
R011836,2
R019584,0
R028515,1
R039430,1
R014789,1
R076389,3
R027631,1
R061213,2
R081543,0
R013279,0
R061602,1
R004906,2
R007047,0
R069450,1
R069250,1
R038248,2
R059489,1
R050775,2
R079926,1
R011054,1
R049889,0
R018875,3
R014533,3
R071278,3
R007744,1
R040254,3
R044219,0
R013284,3
R092211,1
R031521,1
R076140,0
R037903,1
R012609,3
R064528,2
R099777,0
R029802,1
R098470,0
R082083,2
R035273,0
R076595,2
R006910,3
R052872,2
R055496,2
R090784,0
R019443,0
R031299,1
R083385,2
R084679,2
R019060,0
R055343,3
R006866,2
R079370,2
R014829,0
R074818,2
R064282,3
R021103,0
R088197,3
R097593,1
R056833,0
R081755,3
R059751,0
R077307,0
R070218,0
R060637,2
R055349,0
R096147,0
R095013,0
R050859,0
R081251,0
R014989,2
R053769,1
R040957,3
R062619,0
R042091,0
R040890,3
R049422,0
R091926,0
R038416,2
R071265,1
R053098,0
R002547,3
R084194,0
R040137,0
R055860,0
R005802,0
R037124,0
R064531,2
R030955,2
R009313,1
R048556,1
R005062,0
R048281,0
R072527,1
R077743,3
R015491,2
R013319,0
R030040,2
R056962,0
R066722,0
R073023,3
R019212,0
R062666,0
R061908,2
R030829,1
R056066,2
R025356,3
R090128,3
R066548,2
R065334,0
R059120,1
R041475,0
R007759,2
R013012,0
R014417,3
R057734,0
R011606,1
R061174,0
R005474,1
R058969,0
R093287,0
R011676,1
R085911,1
R048724,1
R066361,2
R095953,3
R023848,1
R057709,0
R080865,0
R023776,2
R045586,2
R062284,1
R099096,0
R043161,0
R015138,1
R091668,0
R062346,0
R005292,0
R014918,0
R043690,0
R084470,3
R002974,0
R089988,2
R028952,0
R097406,0
R004876,0
R088225,2
R080419,2
R091013,2
R019149,3
R088087,2
R033328,3
R097664,2
R063713,2
R030005,1
R098583,1
R046585,0
R093230,2
R004198,3
R072226,0
R070787,0
R027253,2
R099604,0
R000966,3
R005573,0
R010133,1
R052002,1
R017121,0
R037443,0
R043917,0
R094975,0
R023019,0
R002069,0
R087448,2
R001330,0
R027473,0
R016732,2
R057487,0
R045339,2
R029174,1
R069532,3
R067627,1
R017297,3
R099618,0
R082244,1
R014271,1
R000732,0
R073606,2
R082690,1
R083946,0
R032227,0
R012095,0
R056369,1
R027345,1
R058957,1
R087763,0
R016022,0
R069572,2
R015884,1
R011895,1
R084856,1
R014460,3
R069079,0
R098351,0
R046817,0
R042361,2
R022225,1
R058053,0
R018640,0
R032622,1
R025926,1
R031910,0
R071115,2
R075588,2
R078679,3
R075117,3
R048053,1
R081827,3
R080169,0
R090047,0
R095462,2
R078973,1
R083036,2
R000783,0
R093173,1
R065795,0
R082612,3
R074519,3
R068449,3
R084438,3
R011974,2
R031879,1
R079070,3
R055725,0
R011562,0
R053814,3
R035768,1
R099033,0
R084742,0
R081286,3
R008467,0
R051418,0
R011499,0
R082985,1
R074291,2
R023334,1
R046784,0
R033384,0
R021873,0
R045982,2
R009336,1
R046437,0
R073496,0
R078851,1
R037321,0
R044322,0
R005540,0
R041893,3
R065939,0
R006717,0
R011318,0
R035664,1
R052702,0
R099149,2
R054693,1
R095864,1
R096380,1
R044549,0
R009066,2
R017688,0
R064696,3
R030150,0
R033097,1
R067988,0
R054658,2
R019124,3
R041567,0
R066521,3
R041166,1
R001529,0
R029811,1
R097842,3
R024011,2
R018239,3
R028059,1
R099681,0
R027589,1
R098811,0
R030932,0
R079527,3
R054218,0
R071416,2
R091553,0
R009756,0
R061983,1
R080330,1
R052550,0
R001946,1
R057203,2
R059572,0
R011972,1
R084689,0
R015898,1
R032664,1
R048363,1
R010597,3
R030800,0
R079126,1
R011596,3
R025642,1
R055463,1
R035014,0
R078563,3
R048924,3
R091138,0
R063303,1
R075207,0
R099442,0
R073827,0
R061125,2
R006684,1
R001608,2
R090065,1
R037449,0
R023072,1
R009583,0
R041738,1
R001296,1
R091327,1
R055549,3
R051794,0
R059539,0
R088631,2
R053348,2
R070722,0
R046441,1
R029991,0
R000502,0
R052444,1
R026922,2
R096438,1
R098356,2
R012001,0
R054539,1
R020679,0
R091422,0
R083557,0
R029666,0
R064990,0
R020315,0
R029580,0
R034205,0
R011249,1
R075481,0
R060301,0
R088972,1
R019280,0
R051261,0
R020935,2
R017987,0
R028358,0
R084226,2
R017027,1
R030863,0
R081526,3
R072674,0
R055446,1
R009576,0
R017689,0
R053857,1
R065472,0
R006665,0
R093852,0
R067555,1
R080812,0
R083524,3
R074595,0
R082102,2
R049087,2
R065195,2
R013956,0
R044304,1
R034152,0
R082283,0
R066217,0
R031603,2
R044359,2
R042086,0
R051357,0
R031987,2
R029695,0
R039507,1
R094157,0
R054006,2
R011424,0
R095907,2
R066078,0
R043002,0
R018544,3
R097040,2
R027034,3
R012149,0
R041203,0
R071648,0
R008280,0
R098686,2
R042594,2
R080509,0
R073879,2
R098612,0
R074200,2
R000145,1
R009227,1
R084566,1
R086104,1
R088665,0
R077775,0
R050986,3
R072205,0
R077081,3
R078474,2
R017468,1
R048148,0
R091150,2
R025447,0
R071762,2
R046047,0
R070863,0
R042031,2
R029535,2
R079404,3
R048822,2
R095774,2
R003754,0
R049465,0
R082236,0
R066668,2
R050530,2
R033382,2
R018824,0
R062000,1
R024649,0
R014113,1
R060719,1
R096528,0
R035417,1
R081090,2
R087517,0
R038240,0
R055041,0
R074373,2
R093248,0
R080847,1
R045290,2
R099012,2
R076597,0
R007110,3
R064823,3
R008599,2
R018759,0
R082215,0
R059479,1
R072115,2
R059247,2
R007782,1
R063477,0
R070121,0
R026376,0
R036586,0
R037668,0
R071349,2
R068815,2
R089945,0
R093933,1
R025813,0
R077363,1
R038236,2
R008395,0
R034547,0
R051019,3
R044990,0
R073583,2
R064751,1
R048914,3
R043878,1
R030175,2
R027452,0
R070798,2
R039138,1
R000809,1
R000497,1
R011103,0
R099485,3
R074133,1
R008625,0
R039654,0
R066894,2
R021225,2
R085153,1
R088353,0
R035808,2
R021309,0
R063065,1
R038895,0
R025183,3
R012322,0
R052801,0
R097511,2
R095871,1
R072584,0
R041050,0
R021960,2
R084494,1
R064236,0
R011356,1
R046673,0
R097398,0
R087570,0
R081476,3
R068036,1
R023947,0
R076541,0
R082519,1
R047868,0
R004850,1
R021300,0
R040053,0
R079969,0
R045215,2
R067224,1
R094866,0
R035311,0
R014431,1
R009886,1
R089766,0
R074294,1
R096749,0
R096593,3
R030535,0
R014682,3
R076234,0
R079757,0
R081689,0
R088690,3
R070577,2
R086414,2
R029444,1
R094813,1
R088577,0
R093241,0
R072506,1
R042341,1
R003509,2
R013963,1
R076215,1
R008283,0
R057424,0
R084656,1
R076262,1
R053686,1
R064165,0
R085757,0
R079838,0
R022888,3
R072746,2
R013531,3
R008251,1
R055131,1
R078195,0
R044909,2
R075045,1
R023323,2
R054717,0
R020233,0
R012403,2
R060594,1
R045510,0
R035735,0
R020328,1
R066658,0
R044568,0
R089648,3
R045399,0
R054183,3
R090678,0
R046739,0
R072066,0
R016977,3
R030314,0
R049338,1
R083698,2
R093807,1
R057431,1
R047801,3
R035294,0
R083498,3
R048356,0
R067186,1
R056215,2
R036413,0
R052532,0
R012360,1
R037920,1
R089933,0
R061389,0
R019708,0
R026098,1
R035581,0
R065241,1
R005871,2
R050823,0
R012535,0
R075966,0
R038238,2
R045547,0
R017022,1
R071997,2
R095459,3
R043724,0
R066065,1
R011862,0
R039056,1
R064661,2
R090445,1
R023533,1
R068479,0
R027806,0
R077461,2
R048544,0
R095636,2
R089662,0
R037179,1
R074656,0
R092509,2
R009058,3
R043778,1
R000959,0
R015425,3
R031457,0
R008744,0
R022379,0
R095513,0
R061891,0
R076615,0
R001007,0
R012642,0
R008405,2
R002863,0
R086119,3
R093131,0
R007523,0
R056444,2
R053133,0
R037184,3
R034796,1
R000242,0
R043512,0
R016014,2
R041010,1
R086945,0
R090447,2
R076012,1
R057601,0
R095873,0
R054994,2
R010109,3
R053492,2
R098965,2
R025761,1
R015647,3
R025058,0
R049482,0
R016139,1
R054553,2
R044684,0
R039335,2
R008426,1
R068989,0
R078333,1
R058247,0
R012697,0
R080050,3
R094698,2
R016927,0
R075726,2
R056393,1
R014341,1
R075301,3
R034135,0
R002364,0
R033247,1
R003298,1
R009969,1
R035774,0
R034373,1
R058875,0
R057329,3
R025965,0
R058293,1
R008129,3
R083617,3
R040656,0
R069407,1
R039993,1
R085015,2
R071719,1
R093006,0
R037809,0
R035716,0
R031245,2
R017512,1
R059546,1
R061008,1
R027397,0
R069573,0
R098411,1
R006184,0
R049648,0
R085550,0
R070456,2
R048730,1
R038262,1
R082631,3
R072399,3
R052329,3
R095817,0
R091295,1
R065996,1
R085477,2
R029063,3
R085863,0
R065416,2
R033534,0
R008912,3
R002834,1
R084055,3
R032191,2
R063176,3
R011866,2
R011578,3
R072237,3
R044314,0
R014518,0
R051158,3
R098717,0
R073639,0
R096267,1
R042084,2
R009635,0
R036747,1
R016258,0
R034947,0
R054670,3
R097750,0
R061475,0
R053058,0
R033665,2
R040629,3
R068808,3
R098555,0
R084408,0
R067548,0
R078152,1
R000014,1
R017608,2
R005914,3
R054960,0
R058926,2
R062943,3
R003876,0
R048689,1
R093708,0
R088588,0
R011014,0
R075169,0
R073135,0
R020310,0
R009688,1
R003227,3
R094518,0
R033525,0
R065718,3
R052237,1
R003829,1
R021122,1
R013360,0
R091740,0
R048697,1
R003019,3
R011169,3
R088498,0
R063513,2
R046250,1
R002784,3
R096971,2
R009574,0
R007335,0
R074592,0
R032058,2
R040814,0
R042618,2
R004610,0
R094938,2
R053816,2
R094101,0
R059305,3
R069888,3
R096597,3
R069070,1
R090783,1
R006647,0
R098509,2
R028647,3
R008494,1
R093200,0
R049137,3
R042609,3
R010832,3
R028886,0
R000711,0
R008137,0
R012400,3
R087199,0
R009382,0
R055990,0
R083780,0
R018087,0
R033193,0
R021218,0
R046341,3
R078693,3
R016315,1
R036508,0
R043387,1
R009224,1
R025879,2
R000372,3
R041244,0
R093398,1
R023310,2
R042674,0
R040273,0
R002518,2
R081640,0
R089088,3
R018180,0
R054382,0
R011038,0
R062494,0
R060021,1
R068844,0
R007232,0
R068161,3
R059050,0
R019542,0
R090679,0
R001511,1
R048743,0
R079991,3
R069923,0
R093800,2
R048275,0
R083301,0
R034867,3
R002453,0
R029020,1
R068473,1
R059699,0
R013387,0
R013023,0
R024710,0
R021994,0
R036287,1
R082412,3
R087881,0
R051077,1
R092449,0
R005082,3
R000769,1
R034132,3
R007532,0
R084955,3
R020654,3
R049491,0
R055671,0
R022582,3
R029112,0
R049570,0
R017480,0
R007671,0
R011176,1
R045355,0
R024959,1
R073138,1
R066163,1
R081426,0
R070040,0
R035793,2
R067523,2
R081707,2
R001565,1
R051874,0
R064723,1
R042858,2
R083535,2
R068570,1
R007778,0
R060574,1
R094382,0
R013876,0
R093404,0
R074683,2
R093356,3
R011157,2
R099720,3
R065025,1
R006730,1
R015284,1
R045042,3
R093415,0
R094837,0
R041642,0
R074209,0
R001818,2
R063106,0
R012323,0
R055696,0
R059013,0
R040471,0
R069821,2
R007895,1
R068577,1
R023344,3
R089155,3
R049251,3
R014986,3
R034367,3
R008848,1
R044618,0
R031214,0
R012940,1
R039412,0
R058023,0
R059820,0
R045989,1
R084171,2
R091304,0
R094171,1
R022656,2
R069975,2
R062386,3
R098557,0
R000275,2
R019661,3
R040718,2
R096719,0
R093483,2
R033652,0
R075180,3
R063326,1
R076812,2
R011670,3
R091684,2
R026586,0
R001656,3
R009196,1
R024031,0
R088010,3
R036781,1
R079505,1
R092984,3
R096710,2
R030039,0
R027432,0
R032739,1
R051653,2
R084447,0
R021075,0
R058508,0
R012771,0
R042068,1
R060622,2
R067333,0
R078450,1
R080141,0
R022723,2
R084080,2
R030020,2
R099224,1
R083169,0
R079752,0
R048838,1
R006059,2
R021274,2
R050395,1
R019610,1
R044620,0
R009754,0
R080399,3
R018659,2
R036924,3
R060062,0
R033846,1
R041225,3
R042693,2
R074555,1
R048090,3
R086157,0
R083440,2
R022233,0
R057338,0
R032396,0
R014724,1
R024158,0
R023347,0
R084807,3
R007661,1
R017950,0
R038162,3
R098857,1
R076947,0
R036987,0
R006648,0
R055233,2
R036721,1
R039943,0
R047301,1
R047211,1
R019481,2
R074486,0
R055879,0
R050253,0
R070234,3
R095526,1
R021795,0
R014540,2
R031684,1
R012653,1
R063759,1
R048946,1
R050848,0
R074046,3
R045175,1
R047233,3
R025397,2
R074299,1
R031135,0
R035714,0
R019363,2
R000279,1
R083853,0
R039494,0
R054807,3
R061092,0
R093687,0
R008659,0
R014803,2
R032482,1
R025145,1
R078683,3
R062902,0
R029370,0
R038185,2
R055249,2
R065886,1
R015129,0
R046415,0
R003790,3
R070855,2
R003875,0
R026466,3
R002346,0
R027929,1
R091571,1
R078708,2
R055586,0
R022521,2
R086680,1
R020574,3
R070952,0
R034752,1
R074753,3
R029282,0
R003483,0
R013386,0
R011327,1
R077133,0
R011745,1
R074896,1
R055919,3
R087135,3
R051631,0
R056149,1
R042134,0
R078412,2
R080544,1
R005874,1
R040049,0
R016807,1
R020846,3
R095839,0
R012350,0
R051990,0
R039854,1
R084118,1
R077387,0
R016588,0
R062966,0
R079350,0
R078799,2
R043040,0
R029119,3
R078494,3
R077494,2
R086948,0
R057169,3
R015887,3
R059678,0
R061327,0
R097749,0
R057357,2
R023006,1
R048893,0
R099907,0
R032889,3
R015269,3
R021134,1
R093179,2
R043926,1
R078348,3
R016575,0
R068698,2
R033669,2
R047285,1
R046974,0
R034261,1
R063755,3
R013864,0
R001102,2
R092553,3
R040775,3
R033785,0
R053027,2
R028544,1
R036249,3
R040831,2
R005037,0
R003846,3
R046176,2
R019409,2
R078389,0
R026459,0
R055686,1
R043971,0
R061797,1
R026431,2
R063740,2
R080745,1
R039621,2
R056820,3
R089855,1
R035067,3
R062195,1
R039756,3
R021444,0
R049728,2
R032929,0
R096706,1
R014630,2
R096844,2
R068408,0
R027765,3
R061299,1
R036132,1
R017244,0
R083622,3
R071106,3
R080329,0
R028042,0
R092198,3
R043327,0
R087574,3
R077405,3
R021070,0
R096115,0
R052772,1
R086980,1
R054722,3
R039387,1
R040277,0
R005821,1
R093168,1
R049273,1
R077136,1
R067362,0
R044959,0
R038134,0
R082909,1
R078709,0
R068840,3
R065235,1
R078996,0
R062981,0
R009097,2
R099682,3
R069149,1
R009291,1
R006764,0
R054370,2
R060969,0
R056481,3
R068853,2
R098034,0
R098165,1
R077804,2
R024614,1
R071751,0
R021133,0
R099969,1
R004920,1
R014749,0
R079592,1
R022601,3
R095564,3
R007833,2
R012412,3
R000126,0
R014875,3
R094689,3
R085730,0
R032619,1
R090782,3
R002999,3
R001867,2
R027378,0
R051416,2
R034817,3
R037117,1
R096047,1
R085681,0
R051208,0
R061855,0
R041775,2
R082311,1
R015433,0
R083216,2
R000144,1
R015903,0
R037157,3
R024991,0
R030762,3
R084951,0
R093645,0
R072213,0
R097781,0
R071896,0
R068466,0
R067492,2
R055360,0
R028450,2
R007142,0
R083086,2
R063251,1
R028637,0
R022891,1
R078798,3
R087568,0
R051594,2
R056730,0
R027480,0
R052258,1
R007416,0
R002880,0
R047995,1
R066492,1
R044908,0
R079639,0
R011298,2
R001479,0
R016230,2
R054182,1
R043109,1
R046385,0
R091536,0
R093675,2
R068306,0
R068833,1
R093296,2
R064398,0
R000753,1
R011082,3
R041079,3
R088355,2
R029484,2
R033443,1
R071838,2
R064762,3
R003556,0
R098295,3
R077852,2
R032014,2
R060845,1
R058370,1
R005729,0
R078530,1
R035584,2
R076091,0
R075937,0
R059180,0
R078403,0
R050060,1
R005004,0
R020124,1
R046597,1
R037576,0
R085063,3
R065656,2
R054269,0
R061126,0
R057860,0
R030926,1
R003343,0
R012089,1
R088981,0
R058066,0
R071560,1
R048230,1
R065894,1
R057224,0
R008791,1
R005468,0
R038534,3
R004175,3
R067640,1
R054744,1
R049673,1
R042968,0
R077410,0
R067811,0
R040442,2
R022169,1
R025091,0
R070555,2
R052605,1
R052031,3
R099766,2
R077434,1
R026519,3
R023890,1
R042132,0
R047341,0
R096521,0
R042552,0
R053606,0
R079853,0
R076346,0
R089086,1
R090734,2
R048246,0
R063707,0
R015759,0
R014310,0
R024475,3
R005655,3
R050100,3
R008828,0
R092754,2
R059236,3
R074465,1
R037923,1
R008819,1
R080348,1
R070598,0
R069268,3
R099067,3
R092817,0
R061322,3
R082708,1
R089321,0
R048660,1
R090008,2
R060738,1
R059900,2
R066614,1
R068878,0
R045896,1
R049839,2
R090491,0
R023045,0
R064311,3
R098835,0
R069716,1
R016592,1
R059793,0
R077071,3
R093791,1
R058717,2
R057028,0
R097570,3
R001979,3
R089568,1
R088870,2
R082367,3
R042305,2
R005899,1
R060316,1
R035204,0
R023114,1
R041440,3
R031272,2
R034922,0
R018797,1
R031227,1
R060474,0
R059929,1
R031571,0
R024976,1
R082838,0
R098416,3
R017652,0
R089006,0
R060876,1
R047365,1
R037046,2
R025317,2
R017025,0
R012752,1
R010566,2
R075228,3
R076787,3
R012348,2
R058964,3
R079104,2
R021825,0
R009165,2
R013980,0
R075825,1
R000648,0
R044381,0
R006319,3
R053809,3
R083243,3
R023103,2
R087883,0
R094827,0
R028953,0
R044154,1
R036814,3
R050714,0
R083942,3
R034668,2
R028207,0
R079301,1
R073565,1
R000211,1
R099534,0
R037356,1
R069204,0
R064543,3
R008419,1
R077919,0
R071860,0
R020579,2
R045231,1
R038679,0
R007604,0
R037607,1
R057701,0
R062181,0
R060761,2
R016783,1
R003811,0
R000043,2
R042088,3
R034051,3
R080396,0
R086328,0
R017778,0
R010912,0
R094483,3
R073006,1
R085335,0
R007702,1
R086215,3
R026813,2
R008143,2
R004279,0
R086509,0
R080634,2
R073082,0
R045936,0
R028928,0
R037221,0
R010127,2
R044394,0
R080806,0
R029490,1
R051793,1
R032077,1
R021905,0
R038410,0
R022275,3
R064533,1
R033507,2
R022337,2
R045380,1
R099355,3
R070081,2
R028524,3
R004594,3
R051957,3
R000781,0
R038597,2
R087862,0
R016151,1
R009722,0
R084459,0
R060154,2
R088799,2
R016383,0
R044468,0
R010784,0
R096245,1
R012608,0
R051931,2
R084730,0
R016429,0
R076900,0
R041468,1
R020725,2
R029003,0
R082063,3
R083053,0
R013315,0
R053713,0
R027696,2
R052173,0
R047268,0
R021430,0
R052746,2
R042830,3
R038174,0
R050543,1
R027942,3
R028954,3
R012474,2
R072751,0
R029882,2
R054092,0
R045254,1
R053343,0
R085742,1
R086613,0
R041037,2
R082872,0
R043146,3
R001788,3
R068165,1
R007942,3
R028694,1
R060774,0
R090104,1
R021606,0
R047746,1
R012070,0
R003449,3
R062420,1
R037180,0
R034568,0
R098785,0
R022731,0
R023269,1
R071593,0
R087747,3
R091572,0
R064386,0
R063211,2
R046255,0
R008038,1
R016899,0
R096830,3
R031004,0
R030157,0
R083157,0
R068114,0
R049914,0
R052462,2
R070042,0
R019597,3
R059144,2
R040255,1
R027591,2
R099675,0
R045696,0
R026049,1
R062234,1
R072050,3
R023589,1
R080640,2
R085357,1
R044551,0
R047367,0
R005350,0
R045746,0
R079499,1
R096032,0
R028378,0
R070392,1
R082591,3
R027702,2
R044939,1
R096325,0
R096371,0
R022430,1
R032188,3
R026179,3
R006199,0
R044889,1
R041823,0
R027626,1
R069533,2
R087043,0
R094025,1
R048900,2
R015612,1
R000522,1
R028091,0
R021662,1
R066632,0
R098593,3
R063240,2
R035740,0
R065923,0
R021173,0
R080815,1
R084281,1
R068335,0
R093848,0
R000606,0
R058548,1
R089550,1
R016090,0
R034410,1
R094391,0
R070093,0
R062373,0
R093733,1
R004019,1
R010633,2
R092346,3
R006806,2
R055739,1
R026961,0
R067717,1
R044236,1
R052638,3
R084072,3
R040606,1
R005878,1
R070163,2
R049663,0
R094392,1
R075640,1
R075709,1
R055773,3
R090440,0
R003803,3
R077684,1
R028808,0
R012789,0
R029166,2
R061270,2
R028950,0
R028030,0
R002270,0
R080984,3
R090077,1
R056201,1
R020355,2
R014223,1
R044803,0
R024198,0
R000259,2
R084694,0
R087297,2
R059478,0
R069893,0
R024856,2
R076245,2
R090327,0
R041250,0
R075652,0
R016009,0
R096370,2
R087677,0
R071493,0
R069178,0
R039374,2
R071187,0
R078335,0
R064185,1
R097381,2
R086426,3
R044932,0
R049330,1
R092675,0
R051673,2
R029295,1
R017214,2
R018729,0
R089576,0
R034876,0
R002818,2
R039128,1
R051340,3
R060815,0
R042734,1
R017030,1
R054564,1
R031931,3
R075840,1
R050840,0
R047250,1
R077157,0
R084008,2
R061045,1
R046063,0
R004204,2
R057825,1
R062982,2
R004080,0
R017584,3
R036549,2
R087555,0
R045869,1
R005032,1
R029742,0
R037845,0
R064897,2
R087658,0
R042326,0
R099602,1
R033248,0
R085631,1
R040495,1
R038772,0
R043850,0
R090684,0
R023227,0
R067339,0
R022992,2
R072656,1
R088486,1
R035285,3
R067553,2
R030274,0
R014757,1
R062678,1
R022854,1
R049186,0
R096298,0
R028741,0
R084985,0
R040794,1
R035885,3
R079754,2
R096450,1
R001886,1
R069650,3
R084686,0
R049006,1
R017041,1
R084195,1
R061218,0
R085238,3
R043036,0
R001038,0
R010470,0
R010511,3
R098215,3
R033667,1
R048877,0
R016767,1
R019257,2
R033431,2
R075366,3
R078825,3
R058741,0
R071124,2
R083415,0
R011727,3
R083241,0
R095505,1
R094165,3
R045652,0
R057458,2
R069953,0
R036986,1
R012197,2
R064121,2
R083317,0
R096756,1
R088489,1
R078946,0
R080636,3
R039939,3
R057577,1
R086202,2
R085489,1
R084174,0
R046403,0
R063017,2
R020072,1
R050585,0
R000754,0
R090322,0
R068798,1
R037557,0
R018897,2
R078599,0
R093378,0
R033165,2
R089890,2
R044074,1
R022482,3
R098225,0
R080386,1
R014034,2
R017142,2
R036478,3
R009835,0
R098093,3
R055259,3
R026589,1
R065391,0
R032094,2
R050396,2
R087731,2
R053017,1
R050355,3
R056329,2
R055453,1
R039280,2
R078392,1
R044857,1
R049256,3
R068119,1
R059963,2
R012556,2
R045043,0
R064549,1
R093986,2
R095659,2
R035531,0
R056814,0
R002604,2
R020144,0
R029057,2
R085630,0
R008583,0
R071131,0
R033740,3
R010538,3
R065275,0
R093359,1
R071669,2
R086258,3
R050863,0
R092455,1
R074701,3
R010258,3
R001668,0
R063134,2
R088430,0
R033521,3
R043337,0
R026868,1
R024060,0
R040496,1
R034186,3
R093801,0
R051224,0
R096056,0
R011593,1
R034879,0
R073115,0
R067508,1
R005399,1
R009254,3
R048340,1
R051210,1
R073423,0
R050528,2
R032311,1
R031832,2
R063781,2
R003833,0
R090843,1
R077752,0
R034594,2
R025552,0
R030897,1
R038685,3
R051649,0
R022380,1
R051275,0
R057396,3
R043348,3
R049335,0
R092465,0
R017001,1
R092968,3
R053191,0
R054264,2
R005456,1
R027822,3
R047637,3
R069987,0
R045395,3
R098849,0
R007054,3
R020867,3
R049847,2
R020731,1
R027007,1
R037306,1
R000618,0
R072831,1
R044973,3
R063670,2
R048760,2
R085042,0
R066813,2
R072908,0
R086968,1
R016776,1
R018145,1
R055695,0
R036252,0
R028189,0
R099787,1
R035980,0
R037711,1
R085381,1
R093441,0
R043654,0
R069274,0
R022466,0
R096837,0
R025630,0
R054621,1
R063448,1
R038766,0
R047189,0
R040700,2
R069626,0
R008642,0
R091191,0
R087641,1
R029592,0
R017865,0
R069619,1
R035082,1
R015426,0
R061079,3
R013967,0
R027417,0
R008756,0
R054853,1
R026772,0
R022836,1
R034324,2
R043766,3
R010436,0
R084223,2
R057320,0
R027524,0
R015533,3
R082943,0
R091052,1
R060689,1
R085012,0
R090868,2
R014717,1
R049790,1
R074591,2
R071675,1
R006148,1
R021404,0
R095380,3
R077571,0
R099040,1
R049336,1
R012659,3
R079591,0
R069520,0
R092922,1
R076523,3
R054694,0
R033647,2
R013265,1
R099392,3
R032101,0
R013966,1
R055552,0
R039781,3
R039219,1
R074052,0
R076603,2
R089422,2
R063948,0
R032809,0
R023681,2
R080333,0
R095155,0
R071367,0
R033809,1
R070494,0
R007990,0
R044183,1
R052692,2
R056987,0
R048935,0
R062620,2
R092232,1
R088178,0
R031323,0
R083790,3
R033625,2
R089355,0
R024711,1
R067454,0
R017551,3
R065307,1
R060884,0
R058032,3
R005496,0
R008559,2
R041546,0
R052101,1
R043651,0
R032854,1
R001048,2
R006088,1
R052282,1
R032182,1
R008148,0
R011840,1
R044163,2
R095234,1
R085371,0
R096862,1
R090613,1
R059202,2
R085386,3
R091907,0
R015490,3
R088562,3
R094877,1
R040063,2
R054751,3
R076185,2
R089826,1
R001339,0
R061184,1
R003763,1
R037497,2
R039501,0
R018033,2
R059850,1
R041314,2
R010346,0
R061463,2
R046886,3
R008217,0
R063090,0
R003482,1
R047813,3
R060337,0
R058120,0
R035849,0
R093479,0
R034281,1
R003283,0
R029853,0
R073952,0
R083457,0
R083723,2
R068010,3
R016890,2
R055176,0
R019533,0
R006484,0
R013851,0
R066921,3
R079789,2
R053364,0
R036018,0
R052415,1
R048557,2
R017152,0
R051021,1
R041303,2
R065898,1
R047800,1
R060564,0
R063516,1
R085875,3
R052304,0
R021846,0
R006361,0
R052784,3
R037662,3
R036895,0
R003687,0
R062339,0
R080303,1
R088916,3
R015746,0
R072319,0
R042499,1
R062515,3
R014686,2
R012249,2
R076641,0
R011244,0
R051830,2
R026555,0
R076997,0
R036912,1
R077168,0
R022092,1
R051497,2
R036954,2
R037765,0
R093063,0
R097552,0
R047261,0
R087439,1
R011084,0
R078365,0
R075039,3
R030759,0
R033312,0
R025768,0
R029204,2
R086000,0
R060125,0
R063958,3
R043120,0
R014486,3
R085734,2
R004084,3
R031158,3
R098517,2
R029997,3
R053610,3
R020286,3
R082724,1
R061821,0
R052759,1
R069371,2
R005098,2
R046024,2
R019296,1
R099710,3
R056306,0
R081473,0
R025381,1
R005498,0
R001191,3
R081842,2
R024766,2
R027683,2
R026304,1
R064621,0
R054926,0
R063046,0
R090829,0
R009474,1
R067721,2
R061391,1
R066262,0
R039627,0
R076024,1
R080978,0
R030634,3
R009465,1
R017289,0
R041408,0
R088572,0
R046581,0
R022094,1
R079403,1
R089291,2
R085161,2
R015056,0
R022647,0
R016774,1
R051660,2
R005694,1
R023521,3
R084704,2
R045398,3
R028387,1
R082429,2
R018007,0
R060526,1
R022070,0
R072829,1
R041012,2
R024857,2
R054841,2
R037457,3
R016572,1
R034864,0
R027572,0
R040423,0
R055748,1
R055226,2
R028276,0
R000096,1
R043114,1
R037965,0
R047420,3
R084487,1
R027549,0
R070330,1
R087761,0
R046593,0
R073237,0
R025200,0
R097322,0
R076875,1
R096123,2
R039431,2
R011930,0
R073703,1
R028579,0
R033014,1
R008492,1
R097669,3
R086586,0
R057085,1
R017032,0
R013917,3
R030978,1
R047911,2
R047712,0
R084268,0
R078666,2
R011396,0
R098641,3
R070731,1
R073421,0
R095595,1
R025775,0
R037300,0
R065494,0
R057159,2
R043258,0
R059423,0
R030185,2
R076554,0
R044085,2
R072810,0
R011832,3
R026535,0
R001695,1
R060707,0
R064396,1
R064965,0
R056322,1
R039433,1
R062485,0
R088226,1
R013468,1
R062318,0
R006080,3
R036589,3
R067318,2
R045799,3
R057288,0
R099810,2
R081619,2
R064581,0
R001201,0
R088141,1
R032683,0
R002817,3
R063731,3
R052217,3
R081074,0
R043888,2
R044631,2
R049992,2
R002595,3
R051199,1
R016914,0
R055909,0
R064820,2
R030521,2
R092802,0
R075503,0
R085832,0
R023728,1
R047596,0
R082957,1
R072951,1
R012811,1
R003243,1
R082302,0
R059567,0
R099589,3
R098362,0
R060495,2
R004647,1
R044614,3
R027915,1
R058856,0
R010179,2
R017515,0
R012122,1
R054938,3
R039614,0
R021278,0
R090269,0
R083130,3
R082732,0
R075788,2
R086109,2
R038202,1
R005555,1
R040725,0
R042999,3
R038430,0
R087102,0
R094635,3
R041962,1
R062362,0
R006405,0
R023659,0
R057223,0
R015026,2
R000052,0
R068093,3
R030270,2
R045635,2
R079913,2
R090785,3
R091098,3
R018730,2
R072818,0
R026765,2
R008380,1
R086568,2
R010514,0
R020418,3
R063424,1
R050038,0
R067280,3
R084855,2
R066844,1
R073357,0
R048769,1
R035372,0
R078923,3
R091910,0
R032387,1
R029801,0
R067138,1
R068891,1
R094663,0
R003272,0
R053773,0
R025835,2
R085180,2
R048598,0
R053223,2
R021706,2
R096259,3
R000992,1
R050783,3
R024734,1
R004145,0
R020383,1
R077394,0
R030826,3
R018156,3
R066328,1
R019386,3
R071001,0
R042174,0
R047971,0
R040249,2
R020739,2
R040234,0
R034139,2
R026182,0
R047587,0
R048688,0
R001926,0
R078828,2
R026850,1
R092084,0
R015652,3
R095307,3
R079412,1
R074118,1
R067334,0
R096818,0
R065790,0
R048630,0
R064867,0
R069565,1
R060306,0
R096563,1
R019333,3
R084103,0
R014255,0
R087673,3
R026285,1
R093671,1
R054825,1
R000905,1
R020818,1
R001368,0
R093206,3
R099738,0
R019506,0
R057727,2
R064625,0
R000143,0
R017225,0
R072897,2
R006674,1
R058827,1
R029706,0
R075949,3
R085572,0
R070963,0
R074397,2
R005614,0
R088160,0
R022187,2
R005457,0
R085041,0
R013244,0
R023080,2
R071984,2
R042400,2
R057448,3
R082181,0
R093139,1
R020708,1
R023511,1
R060763,2
R090871,3
R033876,0
R086321,0
R002732,1
R099002,0
R073553,0
R061887,1
R096308,2
R073816,3
R018362,1
R030765,1
R009189,0
R077970,0
R011688,0
R049771,1
R076424,1
R016435,1
R085441,0
R078191,1
R028367,0
R010676,2
R096799,1
R028672,3
R062351,1
R013592,1
R011966,1
R024866,0
R012843,0
R078794,3
R062973,1
R084722,0
R090415,0
R009763,2
R069038,2
R080926,0
R036865,0
R079603,2
R042124,0
R068875,1
R010335,2
R054273,2
R086158,0
R019418,0
R021947,0
R073208,2
R063117,0
R086226,0
R068284,0
R037337,0
R027798,2
R025799,1
R004341,3
R024575,2
R045611,3
R074500,1
R039131,0
R094651,1
R083932,0
R036634,1
R070840,2
R060937,1
R003941,0
R025920,1
R002347,3
R085247,1
R028797,1
R058078,3
R026464,0
R017895,3
R013679,0
R048504,0
R097733,0
R091766,3
R048455,0
R009408,3
R060570,0
R099650,1
R021084,0
R012628,0
R054177,1
R076281,2
R078448,0
R045079,0
R026402,0
R067543,2
R089261,0
R024901,0
R015013,0
R049136,0
R055258,2
R085251,1
R011262,0
R021785,0
R041699,3
R059367,0
R029564,3
R046142,0
R084294,3
R083559,3
R028915,0
R064981,0
R008200,0
R015036,0
R072393,1
R039146,1
R042380,0
R097236,0
R004794,0
R045951,0
R022361,2
R079186,3
R012839,2
R079041,0
R006503,2
R079080,0
R021649,0
R045546,2
R023204,1
R043100,0
R089359,1
R049140,3
R022029,1
R007946,0
R076911,0
R054108,0
R021786,1
R023199,0
R043990,0
R081420,1
R011883,1
R040676,2
R007785,1
R046859,0
R073200,1
R086754,2
R043408,0
R075069,1
R072854,2
R002404,2
R092457,2
R079309,3
R043313,1
R029800,2
R014340,0
R089038,1
R062503,0
R067682,0
R002632,0
R086702,1
R009180,0
R016850,0
R052318,3
R013532,2
R048965,1
R020944,3
R009413,0
R055609,0
R072025,0
R031402,0
R096797,3
R001168,1
R077681,1
R049305,0
R068582,3
R043866,0
R064408,0
R018926,0
R015209,0
R032744,1
R004248,1
R010960,3
R069330,1
R073562,0
R091964,1
R060458,0
R086753,2
R046521,0
R022560,1
R072535,0
R034895,2
R036639,3
R033420,0
R024594,3
R045038,0
R053355,0
R066516,0
R079423,0
R058054,0
R087104,1
R092531,0
R085406,1
R084446,1
R014914,1
R092502,0
R083977,2
R020965,1
R033514,2
R082001,1
R072260,1
R090792,2
R098256,2
R085297,1
R096982,2
R032873,2
R081612,0
R065822,2
R098182,2
R017054,0
R034436,0
R032186,0
R067914,3
R018382,0
R040439,1
R097937,2
R089811,0
R043889,0
R072372,1
R074785,0
R066244,0
R019150,2
R042173,3
R052956,0
R034880,3
R002550,2
R043273,0
R099915,0
R036749,0
R015542,0
R045861,2
R078086,1
R015376,1
R021585,0
R065979,0
R034048,0
R007188,0
R073416,3
R000945,2
R018123,1
R061395,2
R029419,1
R062799,3
R036127,1
R096153,1
R006447,0
R014854,3
R081147,0
R073868,3
R020562,0
R094652,1
R024154,1
R098451,0
R042767,2
R064152,0
R067533,1
R056669,2
R050214,0
R032983,1
R031241,0
R051310,0
R084728,3
R097651,0
R081928,3
R053728,1
R039058,3
R096039,3
R032942,2
R084864,3
R022494,1
R066973,1
R049470,1
R096404,1
R043057,1
R032828,0
R088365,3
R064077,0
R087280,2
R002485,1
R055852,0
R058537,0
R021014,2
R046025,0
R012969,2
R029581,1
R076429,0
R069738,0
R063502,1
R089768,0
R015783,0
R011954,2
R096833,1
R084524,2
R040012,0
R085374,0
R018423,2
R023693,3
R028523,1
R059320,1
R058133,1
R038521,1
R027371,0
R001609,0
R089060,1
R016609,2
R094200,0
R078013,1
R041076,2
R015605,0
R045634,3
R094564,3
R035457,0
R063733,0
R073362,1
R094631,0
R031430,0
R080999,3
R061720,2
R042620,0
R045772,0
R065168,0
R002811,3
R023777,2
R042820,0
R074241,3
R002223,3
R089984,3
R037948,0
R013272,3
R001039,3
R099711,0
R056121,0
R078214,1
R029939,0
R032626,3
R024393,1
R043539,1
R016377,1
R052861,2
R032456,1
R065555,3
R071992,0
R021047,0
R050598,3
R041501,0
R042390,2
R038398,1
R022900,1
R052917,2
R000755,2
R061591,0
R055254,1
R088041,0
R055173,0
R086271,1
R033568,0
R002037,0
R088185,0
R014245,0
R037990,3
R017157,0
R095626,0
R003034,0
R036879,3
R078714,1
R068835,0
R035085,1
R099299,0
R020728,0
R051255,0
R000878,2
R064928,0
R024740,3
R058164,2
R022276,2
R022137,1
R095154,1
R024751,1
R032454,0
R017883,3
R020490,1
R059681,0
R050680,0
R015222,0
R026905,1
R064222,1
R091982,0
R003086,1
R075743,0
R081917,0
R098828,3
R005515,1
R011590,3
R085692,1
R009637,3
R008586,3
R051316,0
R086775,0
R011724,0
R086204,2
R016247,1
R012462,0
R042454,0
R039223,0
R050415,0
R063974,1
R058165,1
R059182,1
R098877,0
R051555,2
R087684,1
R068355,0
R021168,3
R045811,0
R026418,0
R096596,1
R022514,0
R054574,1
R081356,3
R084079,3
R075645,2
R086235,0
R070275,1
R094109,3
R085119,0
R081410,2
R056947,0
R086893,0
R084361,0
R063602,1
R026956,2
R022779,0
R070849,0
R020054,1
R084760,0
R089427,0
R026549,1
R083303,3
R087033,1
R014096,3
R065038,0
R011457,2
R007734,0
R013996,3
R037459,0
R038571,3
R096193,3
R092027,1
R003023,0
R071969,3
R038048,1
R072133,0
R087519,1
R088257,3
R038970,0
R092161,3
R068075,1
R091520,1
R044439,0
R098874,1
R020110,1
R057569,1
R065055,1
R042397,1
R048086,2
R019017,3
R060230,1
R076341,1
R008732,2
R098754,2
R050067,3
R009999,2
R002287,0
R057518,3
R015991,1
R071062,0
R082767,3
R070332,0
R085553,1
R069985,0
R024677,2
R069216,0
R031820,3
R062547,1
R082653,0
R003174,2
R061787,1
R023504,3
R005869,1
R087235,0
R064936,2
R015375,1
R073718,1
R044688,0
R094457,0
R084860,0
R088086,0
R048225,2
R002750,0
R047267,1
R045021,3
R023078,0
R078410,3
R093486,0
R009070,1
R096467,0
R025567,3
R047118,0
R048047,2
R049113,0
R007846,0
R063807,2
R068420,2
R084296,0
R001427,3
R008471,0
R077293,2
R090965,1
R011902,1
R002571,1
R005915,2
R070514,0
R075171,1
R021702,2
R025483,0
R083074,3
R015208,2
R053198,1
R053755,2
R068179,0
R077075,0
R069918,2
R096221,0
R031729,0
R009816,0
R031865,0
R040401,0
R077512,0
R037698,3
R016300,0
R024297,0
R042840,3
R064320,2
R082458,2
R017964,1
R026309,0
R090501,0
R049433,2
R098545,1
R087252,2
R034027,1
R076640,2
R035629,0
R023821,0
R031985,2
R070191,1
R067438,0
R031256,0
R016968,1
R041763,1
R095298,0
R007914,1
R063844,3
R050851,0
R006108,0
R076512,0
R050506,1
R036940,1
R047749,0
R093834,1
R046197,2
R075332,2
R085675,2
R033432,0
R042698,0
R009236,3
R014280,1
R038359,0
R067938,3
R046171,0
R008968,0
R077284,1
R048022,3
R039060,2
R085160,2
R096379,1
R003249,0
R035959,3
R079388,0
R039670,2
R002245,0
R056538,0
R010608,1
R049633,1
R023556,2
R075748,1
R054445,1
R007063,3
R037030,0
R078918,2
R027541,0
R064369,1
R016225,0
R043551,0
R030962,0
R004026,3
R047112,1
R021332,0
R057850,0
R060825,0
R072889,0
R028561,1
R093897,0
R089755,3
R007360,1
R042073,0
R023202,2
R031573,0
R094222,0
R042021,3
R088478,3
R076984,1
R051674,2
R057688,0
R036100,2
R023161,0
R064970,1
R004373,0
R032054,0
R032222,1
R039860,3
R048156,0
R085010,0
R050886,2
R076746,2
R013781,3
R066643,0
R003787,1
R046490,0
R005269,0
R047133,2
R035971,0
R012638,3
R025481,2
R026041,0
R019177,3
R030515,1
R001799,1
R074724,0
R099348,0
R089687,0
R074416,0
R033039,1
R052968,0
R038839,2
R082743,0
R079842,0
R042988,2
R087348,0
R090190,0
R033345,1
R065876,0
R036526,0
R042180,2
R044769,0
R091070,1
R064640,3
R025039,0
R053443,0
R031475,3
R078181,2
R044724,3
R085776,0
R042580,0
R026723,3
R081586,3
R086431,2
R065291,0
R045569,0
R049091,1
R056686,2
R031759,1
R048291,1
R038002,3
R039962,0
R021714,3
R025599,0
R005361,3
R008691,0
R009589,0
R032002,2
R044398,2
R004621,1
R061072,1
R063541,0
R071340,0
R099579,1
R069983,0
R051878,1
R007239,0
R094565,0
R037137,1
R058245,0
R079684,3
R065449,2
R013968,2
R077207,2
R002991,0
R018098,2
R096599,3
R031357,0
R058767,1
R041258,0
R006194,1
R046808,0
R076758,1
R076631,3
R017028,0
R000923,0
R001377,1
R043481,0
R008618,0
R080974,3
R012926,2
R074687,2
R092380,0
R092969,2
R054739,1
R035056,0
R039891,1
R011964,3
R079964,0
R001998,0
R034179,2
R092766,3
R087293,1
R099018,0
R070519,1
R017862,3
R055933,3
R017068,1
R040648,2
R069951,3
R049580,2
R006429,2
R094053,0
R084659,2
R020264,2
R030993,3
R074215,2
R097011,1
R036941,2
R085670,0
R004089,1
R087080,2
R061817,0
R004147,2
R084324,2
R087736,0
R085439,1
R022703,0
R034862,3
R040302,0
R078328,0
R058726,3
R076260,1
R095423,0
R074722,1
R054738,0
R045014,2
R026669,1
R035216,0
R020244,1
R007109,1
R019998,1
R018563,2
R021130,0
R049967,1
R028724,0
R083589,0
R091220,0
R023945,0
R045196,0
R094700,0
R007644,0
R035044,3
R050966,0
R039425,2
R092557,0
R010692,1
R025773,0
R028536,0
R054849,0
R044555,1
R071153,2
R003617,1
R080732,0
R069029,0
R093278,3
R052553,0
R081528,2
R008770,0
R084684,1
R058318,3
R038327,3
R025202,3
R067000,0
R057292,0
R032887,1
R097813,0
R065373,3
R041924,0
R047059,1
R052278,2
R008888,3
R008906,3
R091436,0
R090618,1
R049267,0
R060128,2
R029041,1
R086494,2
R049898,1
R023783,0
R034362,0
R084775,2
R031253,0
R082602,0
R008519,3
R096955,0
R049291,3
R039303,1
R068292,2
R095369,0
R052558,1
R083038,1
R049764,2
R097848,0
R007685,0
R081745,2
R012160,2
R090368,2
R017279,1
R080307,2
R068344,0
R047765,0
R016337,2
R089012,1
R095857,1
R007758,2
R073866,2
R074450,1
R009548,0
R093182,3
R087149,0
R060861,0
R035434,1
R059998,2
R047695,3
R097963,3
R090253,3
R009435,0
R088420,0
R065206,1
R025251,3
R056774,0
R038990,1
R063317,0
R073714,0
R095709,0
R067595,1
R072340,0
R016699,0
R078121,0
R036527,1
R076467,3
R050893,2
R042317,0
R021203,1
R099543,1
R023824,0
R079844,1
R076918,0
R048355,1
R067534,0
R073597,0
R074623,0
R077644,1
R058033,2
R069202,1
R099376,3
R079818,1
R034488,0
R004502,3
R073239,2
R068391,0
R045759,3
R020166,1
R079695,0
R078922,1
R039831,0
R026441,2
R043016,3
R051895,0
R020255,2
R060165,3
R001457,1
R026670,1
R095938,2
R081053,2
R032750,0
R026143,0
R072419,1
R095763,1
R077592,0
R083737,0
R018472,2
R033696,2
R006122,0
R037195,0
R013970,1
R090471,1
R029453,2
R023513,0
R077369,0
R016479,1
R099760,3
R056060,2
R096761,3
R043228,2
R037484,1
R015136,2
R054578,1
R022490,0
R014482,3
R042923,0
R014849,2
R030041,0
R065451,2
R011310,0
R047150,3
R080405,0
R052665,1
R025785,1
R002581,0
R080446,1
R059438,0
R005232,3
R034810,0
R012226,2
R015879,0
R098685,3
R074613,0
R039366,1
R035371,1
R015483,2
R007724,3
R010145,0
R020847,0
R007768,1
R072113,0
R025724,3
R058196,1
R057319,0
R088852,0
R055994,2
R001558,1
R067525,0
R048682,0
R001785,0
R072122,0
R077662,1
R095286,0
R030119,0
R031156,1
R070151,2
R024616,0
R091747,0
R012383,2
R032125,0
R088509,0
R088249,0
R010519,0
R031057,2
R091711,0
R064886,0
R058763,1
R009795,0
R064854,3
R009470,1
R064389,0
R074398,0
R041330,0
R057117,1
R068096,0
R002706,0
R091203,0
R007423,0
R040889,0
R008465,2
R088198,2
R015516,0
R002973,0
R065123,0
R068721,0
R089059,2
R051898,1
R076279,1
R089663,2
R039624,1
R002646,0
R002343,2
R005696,0
R052400,1
R061872,3
R032718,1
R003778,3
R075677,2
R054318,0
R025441,0
R024309,2
R057525,1
R063821,0
R006899,1
R003004,1
R092309,3
R023767,2
R010886,0
R048445,0
R017576,0
R031518,0
R035160,2
R061010,2
R092098,1
R015607,2
R072939,2
R010742,1
R094609,3
R095240,0
R065207,2
R017095,1
R022762,3
R091869,0
R048258,3
R065138,0
R003102,1
R007013,1
R059445,1
R095481,0
R071870,2
R024336,0
R001493,0
R048118,3
R014956,0
R098739,1
R053092,2
R040934,1
R043919,1
R089990,1
R096989,1
R010902,3
R056627,0
R089524,0
R045009,2
R016809,3
R011346,0
R065839,3
R004130,1
R032390,3
R031088,1
R038631,2
R072542,0
R045467,0
R050792,0
R049640,0
R067009,0
R031482,2
R087093,3
R084057,0
R042067,0
R013795,0
R041948,3
R079902,0
R055763,2
R080077,2
R020247,2
R029976,1
R052196,3
R084580,3
R043805,0
R012270,0
R071010,0
R094406,0
R090537,3
R004748,0
R067753,1
R031842,0
R079851,2
R001702,3
R042711,1
R011773,3
R095930,2
R072031,3
R092950,3
R065648,2
R074826,3
R083398,0
R087993,0
R093391,1
R019140,0
R079517,1
R020594,0
R023336,2
R034530,0
R049960,3
R076048,1
R090296,2
R049205,0
R045624,0
R003783,2
R098553,3
R004499,0
R032042,0
R054976,1
R036290,1
R004533,1
R056522,1
R020557,2
R056577,0
R025492,1
R004192,0
R034043,1
R019218,2
R081403,1
R017808,3
R095550,3
R040048,2
R074603,1
R009249,0
R012668,0
R034209,0
R036892,0
R017712,0
R039398,2
R028301,1
R017459,0
R017403,1
R046391,0
R013406,0
R051137,1
R048753,0
R087209,0
R078200,3
R056847,0
R091952,0
R052748,0
R045114,1
R097543,0
R042684,1
R025033,1
R094618,1
R060152,0
R001967,3
R061452,1
R032458,2
R035549,3
R012432,0
R084366,0
R024787,3
R060423,2
R054139,3
R033477,0
R069563,0
R017144,2
R070046,3
R026824,1
R095020,0
R073154,3
R036415,3
R071692,0
R010166,0
R075861,3
R027888,0
R039457,3
R075335,0
R046238,1
R006786,1
R072972,3
R082568,0
R008159,0
R099371,0
R067202,3
R072045,1
R052749,3
R073674,3
R067796,3
R091812,3
R016578,0
R042824,0
R091923,2
R095762,0
R012091,1
R025417,0
R039828,3
R063890,2
R073789,2
R058868,1
R042976,0
R004044,1
R067032,1
R092448,1
R016306,3
R018126,1
R060057,2
R085851,1
R076802,1
R071590,0
R082414,1
R015859,0
R086360,3
R067802,3
R012847,2
R010391,2
R089806,0
R070254,3
R097871,0
R040014,0
R018807,2
R098069,1
R051355,0
R033554,0
R091236,2
R043173,3
R032123,1
R097789,3
R015868,0
R020429,2
R014388,3
R009222,1
R023380,3
R036590,1
R011914,2
R023025,2
R012039,3
R044630,0
R051154,1
R057774,3
R059113,3
R051676,1
R042449,1
R091678,0
R030381,0
R089288,2
R086981,0
R052245,1
R091025,0
R055119,0
R038810,0
R074327,0
R071329,1
R034794,3
R068825,1
R075921,3
R012159,2
R046712,0
R063581,1
R085350,2
R035002,0
R018042,3
R059412,2
R030353,3
R064296,1
R051552,1
R038020,3
R050571,1
R082130,2
R034242,3
R019424,0
R044143,0
R014448,0
R042780,2
R080188,0
R016576,1
R054054,2
R087674,0
R045698,0
R019053,0
R013654,2
R062498,1
R093864,0
R099593,1
R005371,1
R005355,3
R045518,2
R077550,0
R074487,0
R056104,1
R070005,0
R011602,2
R075066,3
R046704,3
R060213,1
R054898,0
R014000,2
R053970,0
R095075,0
R010204,0
R098917,1
R020621,0
R067868,0
R042525,0
R055230,0
R095552,0
R089692,2
R016262,2
R062623,2
R059420,2
R032496,0
R040643,0
R021391,3
R016602,0
R062036,0
R011738,0
R095268,1
R088756,1
R073078,0
R050907,3
R098698,0
R041869,3
R032817,3
R026989,0
R044045,0
R013409,1
R036211,1
R079975,1
R077933,0
R043719,0
R002222,1
R029428,0
R037804,3
R075116,0
R078387,1
R030007,3
R090434,2
R042789,1
R092664,2
R089146,2
R071718,0
R003428,0
R036737,0
R041537,2
R081129,3
R058550,1
R045657,3
R071994,1
R042625,0
R057496,0
R023797,0
R089554,1
R024071,0
R093979,3
R058333,3
R018235,1
R018365,0
R009243,0
R051893,0
R024095,1
R061111,1
R005780,0
R083566,3
R030334,3
R033192,0
R072980,1
R091424,1
R015642,0
R057353,3
R093544,1
R052191,3
R092964,0
R016144,1
R068321,1
R039014,0
R073841,0
R090894,1
R016030,0
R061193,0
R056588,2
R094460,0
R067669,2
R088547,0
R053046,0
R022192,0
R092921,0
R048785,0
R008637,3
R098621,0
R069157,3
R084152,3
R072627,0
R038390,0
R064856,3
R016952,0
R083005,3
R041641,1
R020400,3
R029809,0
R077496,0
R067311,0
R002477,1
R012053,1
R045497,0
R062162,0
R080265,2
R011201,3
R065380,0
R011428,3
R066023,0
R007127,0
R018766,2
R019426,0
R031132,2
R045313,3
R059645,3
R072611,2
R022955,1
R025862,0
R095215,0
R038448,3
R068944,0
R089564,1
R044851,0
R094106,2
R016618,1
R071686,1
R095645,0
R027782,0
R060060,1
R023000,3
R023432,1
R084568,1
R004877,0
R071502,0
R093557,1
R000778,2
R057955,1
R076342,1
R073980,1
R022650,0
R094018,3
R078779,1
R070006,0
R065071,2
R027076,2
R057726,1
R064588,0
R051438,0
R078461,0
R042938,3
R042876,1
R034455,1
R007575,0
R006706,0
R038190,0
R097635,0
R048835,1
R053850,1
R036700,0
R072592,3
R014781,1
R067582,2
R087418,3
R014633,1
R028804,3
R068642,2
R002005,1
R063668,2
R055805,0
R080762,0
R098001,0
R012004,0
R067744,0
R064739,0
R001645,3
R043780,3
R001386,0
R084852,0
R082725,2
R013198,0
R069193,1
R042610,1
R008650,0
R040630,2
R093466,0
R011691,0
R092388,2
R076971,0
R077464,2
R044174,1
R081795,3
R094162,0
R053592,2
R069072,0
R005665,0
R077303,0
R012094,1
R083949,1
R013171,0
R004270,0
R060743,1
R037631,0
R074767,0
R023076,2
R022126,0
R063476,1
R001259,0
R025370,0
R025095,1
R035919,2
R073243,0
R007028,0
R097665,0
R018282,0
R087904,0
R079357,1
R030350,1
R032533,0
R013487,3
R036362,1
R052417,1
R083050,0
R007897,3
R033181,0
R074525,3
R005172,0
R050320,3
R019582,0
R000359,2
R040772,0
R096080,0
R093643,1
R070534,1
R060106,0
R053768,3
R087310,0
R016548,1
R085008,0
R010606,3
R036840,1
R047041,0
R054091,0
R074236,1
R018302,2
R042484,0
R028077,2
R089050,0
R023908,0
R031286,1
R008084,1
R014802,3
R083702,3
R047779,3
R009368,3
R072715,3
R036440,1
R049423,0
R072935,1
R012364,2
R097387,1
R028896,0
R046436,0
R080239,2
R023591,0
R010818,0
R020799,0
R010129,0
R056840,3
R026684,0
R097888,3
R047991,3
R019234,0
R081801,1
R038271,1
R082199,1
R087773,2
R034545,0
R026346,2
R095850,0
R012567,0
R023700,2
R062533,0
R018392,0
R043667,0
R072452,3
R083266,0
R071695,1
R050329,0
R041290,0
R079362,0
R045082,0
R070083,1
R089034,1
R063500,0
R047091,2
R020495,0
R039245,0
R009670,1
R026356,0
R062700,1
R024893,0
R032491,3
R066592,0
R068934,0
R059867,3
R087263,3
R069258,2
R085777,1
R011110,0
R060346,1
R071164,2
R059020,2
R096315,0
R038293,0
R060831,2
R050307,0
R001283,1
R089158,1
R043020,0
R074131,0
R090267,0
R006978,0
R074887,1
R007597,0
R038885,0
R015682,0
R079970,0
R020370,2
R074690,2
R091069,0
R079892,1
R079084,2
R080037,2
R002208,0
R016115,3
R020135,0
R052471,2
R090341,0
R040384,0
R058994,0
R071579,0
R069590,0
R083944,0
R094418,1
R028118,0
R067193,3
R034297,0
R075801,0
R051623,0
R039384,2
R036272,0
R043370,1
R094802,1
R002801,2
R044753,1
R026421,1
R008439,1
R010210,0
R014146,0
R013878,1
R027979,0
R055925,0
R075789,0
R016627,0
R051604,0
R004122,1
R086984,1
R005690,0
R048872,0
R047169,2
R070501,2
R037623,3
R007173,3
R049429,1
R063258,0
R023037,1
R036727,1
R027724,0
R086420,3
R061956,0
R043437,2
R044837,2
R035772,1
R002011,2
R037823,0
R013806,2
R054501,1
R081941,1
R057430,0
R091311,1
R063459,0
R083719,1
R013658,0
R033578,0
R002159,3
R072160,1
R039385,3
R083128,0
R056663,0
R056002,2
R055480,2
R089939,0
R028223,0
R096691,2
R091908,1
R071987,1
R030935,0
R053937,3
R020295,2
R008904,0
R067326,2
R033196,1
R021503,0
R036548,0
R018274,0
R091965,1
R081038,0
R004261,2
R056956,1
R028887,3
R063940,1
R028514,1
R095225,3
R062865,1
R078704,3
R012844,3
R067902,0
R047528,1
R084533,1
R076910,2
R073768,2
R073594,0
R027753,1
R035249,1
R038178,0
R063985,3
R053989,1
R090124,0
R033932,1
R026627,1
R044977,1
R054135,0
R072364,0
R032884,1
R002143,1
R033655,2
R040023,0
R005012,3
R062513,3
R040430,3
R016296,1
R039407,0
R066352,0
R077171,2
R078329,0
R022296,0
R098236,0
R059830,1
R047198,0
R062904,1
R071793,2
R033212,1
R016999,1
R087790,0
R071792,2
R056637,2
R007118,1
R071915,0
R052451,1
R075201,0
R064754,0
R078971,1
R046849,3
R093350,0
R041585,0
R038207,3
R002310,0
R023241,1
R092865,0
R045742,1
R063181,3
R043027,3
R081635,2
R049210,0
R084791,2
R024839,1
R080025,0
R062752,1
R006206,1
R061233,0
R047277,3
R056199,0
R016574,2
R019742,2
R010931,0
R090223,1
R038927,0
R017960,3
R047067,0
R024812,2
R064885,0
R004272,0
R067480,3
R015697,1
R056114,0
R092956,3
R008594,1
R053371,3
R031897,2
R069057,3
R084415,0
R042501,1
R037774,1
R002444,3
R042579,0
R001101,0
R047898,1
R048539,0
R011245,0
R062622,3
R059005,1
R076921,1
R071689,2
R090396,0
R068458,0
R072479,2
R019063,0
R040869,0
R073978,0
R062037,1
R029133,2
R099030,0
R098671,0
R035388,3
R095058,3
R025729,1
R069782,3
R033541,3
R007062,0
R092431,0
R091683,0
R019398,3
R021813,0
R057132,3
R015139,3
R018529,1
R081195,2
R000009,0
R025277,0
R075960,0
R091163,0
R061927,0
R037169,0
R024140,1
R077386,0
R021732,3
R027893,1
R016703,1
R021655,1
R069314,2
R064606,0
R048376,0
R026040,1
R079845,3
R087992,3
R010176,0
R098986,1
R064451,0
R029270,2
R008634,1
R098609,3
R012487,0
R007740,0
R080645,0
R045880,1
R090949,1
R022223,0
R051293,2
R096872,0
R013841,1
R079629,2
R011126,0
R025372,0
R085833,3
R021552,3
R077950,0
R041554,3
R073582,0
R046719,0
R091867,1
R011798,0
R012626,0
R019569,0
R060202,3
R038831,0
R063783,3
R074057,2
R081545,0
R069326,0
R090285,0
R002167,3
R098879,3
R051601,1
R091313,3
R094680,3
R009211,1
R011429,3
R011997,0
R093554,0
R046064,3
R097293,2
R016712,3
R082946,0
R064092,2
R051823,1
R007570,0
R057022,1
R087634,2
R071130,3
R055337,2
R047231,0
R010347,0
R080537,1
R060606,0
R072768,0
R055820,3
R030236,1
R088181,2
R059931,1
R055884,0
R050312,2
R005465,2
R023467,0
R036149,0
R000830,3
R017463,3
R033466,1
R094644,1
R056049,1
R018822,1
R063700,0
R027144,1
R011900,1
R016948,0
R072231,1
R045400,1
R082410,0
R090973,1
R008381,0
R098809,2
R087619,0
R031409,1
R001186,0
R061465,1
R014968,3
R090680,1
R055198,0
R014716,0
R030511,1
R070596,2
R000344,1
R081754,3
R088413,0
R082668,2
R019034,0
R058030,0
R056267,2
R063056,0
R093291,0
R067821,0
R093402,0
R055379,0
R042309,0
R085361,0
R080743,3
R090001,0
R073633,1
R038440,2
R044591,0
R049706,0
R014339,0
R017308,1
R067683,3
R054534,0
R067084,3
R091049,0
R084499,0
R055126,1
R096397,0
R061108,1
R012736,0
R064652,0
R096893,3
R026637,3
R003478,0
R022034,2
R000960,1
R042349,0
R047641,2
R051580,1
R004076,2
R083079,0
R044957,0
R007754,1
R073330,0
R036007,1
R012090,0
R052251,0
R046645,0
R028294,1
R047470,1
R056683,0
R092165,1
R062951,3
R024998,3
R060139,0
R058797,0
R040188,0
R032674,1
R059027,1
R068716,2
R002861,0
R036744,1
R020300,0
R045250,2
R000181,3
R098214,0
R060419,3
R066577,2
R030628,1
R078621,3
R004311,0
R081521,0
R034357,0
R074775,0
R081598,0
R026333,2
R003315,1
R075168,0
R017615,0
R090072,0
R059649,2
R006138,0
R099229,2
R091008,3
R054004,0
R099382,0
R054403,1
R059932,0
R085152,0
R051273,0
R009498,2
R056175,0
R018457,1
R076972,1
R059143,0
R008920,1
R088384,1
R022365,1
R042628,0
R066582,2
R021245,0
R058277,1
R029591,0
R067568,0
R060264,2
R040016,1
R083084,2
R018825,3
R021549,2
R085443,1
R033407,2
R080791,1
R006272,1
R094569,3
R062242,0
R041920,0
R065880,0
R081077,0
R024908,0
R081304,0
R023750,3
R099436,2
R040884,3
R039266,1
R019039,0
R090978,0
R003275,0
R016846,0
R088963,0
R055451,1
R000423,0
R073308,1
R009896,2
R090815,1
R060762,2
R063722,1
R033730,1
R053090,3
R072184,3
R007318,3
R095844,2
R024399,1
R083488,0
R026997,1
R049853,0
R059604,3
R076739,1
R009215,0
R019360,1
R041545,0
R054102,1
R071142,0
R070544,0
R067405,3
R080072,0
R051699,2
R036707,3
R086648,0
R073655,0
R040342,2
R057416,0
R081913,0
R055853,3
R028800,3
R099775,2
R039662,0
R003539,1
R057772,0
R057196,2
R020061,0
R027944,3
R068729,1
R097959,0
R019067,1
R078596,0
R002016,0
R047846,2
R063528,0
R003140,2
R034684,0
R066052,1
R021796,1
R038096,0
R063555,0
R085564,2
R005491,2
R015947,0
R080930,1
R096700,0
R053020,0
R089108,2
R079636,1
R047718,0
R028128,2
R020963,1
R011825,3
R038043,1
R003932,2
R076483,0
R066318,0
R078057,0
R084573,0
R096092,1
R098408,2
R056607,2
R043486,1
R073447,0
R092369,0
R017053,0
R082454,3
R043152,1
R089229,1
R084214,0
R020691,0
R031106,1
R006587,3
R026302,3
R096336,2
R026126,2
R066479,0
R069429,0
R017607,2
R095779,0
R095497,0
R067740,0
R083329,1
R020609,3
R079670,1
R085468,0
R083604,0
R014499,3
R014244,0
R067361,3
R033035,0
R075538,1
R053534,0
R059733,1
R079593,0
R032173,2
R004887,0
R016516,0
R077051,0
R089704,1
R091951,2
R073246,0
R094737,3
R020827,1
R048007,2
R064410,0
R035978,2
R020437,3
R023184,0
R005607,0
R013605,0
R053356,2
R002327,3
R053102,0
R020469,0
R045802,0
R060560,1
R073662,2
R024390,0
R035940,0
R079375,1
R064374,1
R075424,3
R048631,0
R026080,0
R095447,1
R035550,2
R074744,0
R019936,3
R065885,2
R068851,0
R070478,3
R080664,0
R085002,0
R029346,0
R033448,1
R020464,1
R085379,2
R045233,0
R082521,0
R074499,0
R078201,2
R097989,1
R004635,2
R018533,0
R060432,2
R019648,3
R081252,2
R066927,0
R000766,0
R013032,0
R058474,0
R042937,3
R085771,1
R005724,2
R032476,1
R088977,3
R052407,0
R039525,1
R069336,3
R053201,3
R050722,2
R075451,2
R081907,3
R067327,1
R040098,0
R032166,2
R085096,1
R020966,0
R070586,0
R037776,0
R068623,0
R079219,1
R084933,0
R043905,3
R035244,1
R026601,0
R070230,0
R051139,0
R060161,0
R031483,0
R071109,0
R071217,2
R093282,2
R023862,0
R046241,0
R083517,0
R050606,0
R071623,3
R026682,2
R005492,0
R051804,1
R028960,3
R075008,3
R084631,3
R088234,0
R027815,3
R084358,0
R004266,2
R098191,0
R032586,3
R036240,1
R046623,0
R045846,1
R005749,0
R059234,0
R032381,0
R030916,0
R021456,2
R093424,3
R021599,3
R076157,2
R086060,0
R079170,0
R020506,3
R022262,0
R035575,3
R097453,3
R004455,0
R012358,0
R085740,0
R019000,0
R068589,0
R083282,2
R047872,0
R034125,0
R043359,1
R096883,3
R089097,2
R010332,1
R006591,0
R044528,2
R076721,1
R043106,0
R018588,0
R028723,2
R087335,2
R070767,1
R024261,2
R057451,3
R057369,1
R026651,3
R067390,2
R059544,0
R096028,0
R074716,2
R049862,3
R046315,0
R092571,0
R073222,0
R049260,0
R071152,1
R011186,1
R031829,1
R099573,0
R003931,0
R091408,2
R087344,0
R002093,1
R098594,2
R019634,0
R022310,0
R003592,1
R038328,3
R001686,3
R058900,0
R023363,0
R045554,1
R021170,1
R078008,1
R015650,1
R020031,0
R095919,0
R023023,0
R043842,0
R011953,1
R032548,0
R042845,0
R034052,0
R015724,1
R028828,3
R018198,1
R031804,1
R034029,0
R065156,0
R057271,2
R027036,0
R088374,3
R050496,0
R073777,1
R014183,1
R033800,3
R066926,1
R062486,0
R039448,3
R063234,3
R005042,3
R053690,0
R046876,0
R058288,0
R053844,1
R075440,0
R002356,3
R017798,0
R050048,0
R021597,1
R085385,3
R006848,0
R009339,0
R001845,1
R015075,3
R052025,1
R020561,0
R097126,2
R017172,3
R084065,1
R023560,0
R043402,3
R042773,1
R058744,1
R050102,0
R022257,0
R055323,0
R075462,0
R069318,2
R022148,0
R075328,0
R058155,1
R009765,0
R083906,1
R080429,0
R032639,1
R063547,0
R033004,0
R026242,0
R001405,0
R054424,3
R055831,1
R034740,0
R071050,0
R085718,0
R095522,1
R000533,0
R032128,2
R004274,1
R071973,3
R037069,1
R038530,2
R038093,2
R011775,3
R034137,0
R007502,1
R097080,1
R057272,0
R032050,0
R046771,1
R097380,0
R000819,0
R064853,1
R040321,2
R075500,0
R022163,2
R038340,1
R040400,0
R058021,1
R085928,1
R026185,1
R021347,1
R041024,0
R010314,0
R024265,3
R002242,0
R039423,3
R006925,1
R093023,0
R012250,0
R036271,2
R095213,1
R049628,0
R068621,2
R040733,0
R008164,0
R064956,2
R062438,0
R035992,0
R085969,2
R012964,0
R006150,3
R057365,2
R078772,0
R025811,3
R058274,3
R001074,3
R009808,1
R053115,2
R018678,0
R082657,3
R018863,3
R032697,0
R015041,1
R028778,2
R014864,3
R037147,0
R039906,0
R018816,1
R058324,1
R035256,0
R083821,1
R056418,1
R015547,0
R000334,3
R018052,0
R066159,0
R073914,0
R035143,2
R097961,0
R021620,1
R039246,2
R076052,1
R047567,0
R079214,1
R077447,0
R003188,1
R042665,0
R083888,3
R017925,0
R041357,2
R077411,0
R064547,1
R011611,0
R099646,1
R022962,1
R048269,1
R062930,0
R083377,0
R061066,2
R045728,0
R058854,0
R099381,0
R034267,1
R045747,1
R055993,3
R035891,1
R047753,2
R057212,3
R033342,1
R083313,1
R037256,0
R033043,2
R059477,3
R093879,3
R093312,1
R050648,2
R072244,0
R099327,3
R017398,1
R085755,1
R068741,1
R019354,0
R038863,1
R033871,1
R032247,1
R049225,3
R001856,0
R083795,0
R020999,1
R023765,0
R034151,3
R080626,1
R040376,3
R093376,0
R085807,3
R074869,2
R001369,0
R069352,1
R004108,1
R029828,2
R097574,0
R037385,1
R047788,2
R074282,0
R002631,3
R081248,1
R029911,0
R099403,3
R085722,2
R000250,2
R078691,3
R017541,0
R009801,1
R047327,0
R053772,0
R042376,3
R004772,0
R071882,1
R001895,1
R013164,0
R079977,1
R045599,1
R004005,0
R010090,3
R089148,3
R001824,1
R061860,0
R086294,3
R080564,1
R032966,0
R048580,3
R030058,1
R087142,1
R089993,1
R052213,0
R006504,3
R081104,0
R028972,2
R076881,0
R091921,1
R045971,2
R033582,1
R035465,0
R064944,0
R059943,0
R027830,1
R062765,2
R079962,0
R040308,0
R081908,1
R099359,1
R085880,0
R052825,2
R067540,0
R060868,0
R049118,3
R069306,1
R092923,0
R029028,1
R074417,3
R013098,1
R074016,3
R091532,0
R030657,2
R057687,0
R013228,1
R075064,0
R084051,3
R097939,3
R023461,0
R092739,0
R095468,0
R059276,0
R093275,1
R088425,3
R083166,0
R055035,1
R094666,1
R051511,0
R052372,3
R015589,1
R068464,2
R076033,3
R022912,0
R095450,2
R078051,2
R097527,0
R012944,1
R051370,1
R032241,2
R093955,0
R022027,0
R007021,3
R097445,0
R021783,1
R009311,1
R055150,1
R065575,0
R003559,0
R024560,3
R094741,0
R062177,2
R097932,2
R029486,0
R030145,0
R088223,0
R050187,0
R031446,0
R056578,2
R033063,0
R006478,0
R093632,2
R014174,0
R082818,0
R042597,3
R088414,1
R026645,1
R037076,1
R004589,1
R049618,1
R092234,0
R072698,0
R079769,3
R054977,1
R095878,2
R003933,0
R036504,1
R011695,1
R023632,0
R065221,2
R009938,0
R030733,0
R015346,1
R079125,0
R088143,1
R081810,0
R044242,2
R052202,2
R041205,3
R056977,0
R055608,1
R028476,3
R067921,0
R013388,3
R084235,3
R023595,1
R002952,1
R006963,0
R094638,1
R049876,2
R068527,1
R069998,2
R071193,1
R010870,1
R014438,0
R016805,0
R055818,0
R091924,1
R089183,0
R092085,3
R016413,0
R043933,2
R033168,2
R021874,0
R005300,3
R063870,2
R098331,1
R045900,0
R090665,0
R076923,0
R088941,3
R012182,3
R065574,2
R088302,1
R011532,1
R088958,0
R027605,3
R017727,0
R079720,0
R051175,0
R055603,2
R086638,1
R057171,1
R096782,1
R012206,0
R026947,0
R054017,1
R064934,0
R031650,0
R084488,1
R057276,3
R046489,0
R013941,3
R077056,2
R041016,3
R079664,2
R074284,0
R052983,2
R017720,0
R087512,0
R059647,3
R063585,3
R017741,1
R079439,1
R070571,2
R076441,3
R095158,3
R085914,1
R040761,0
R004421,3
R081659,0
R035157,0
R041799,0
R031379,0
R050065,0
R018784,0
R075318,0
R085972,1
R075281,0
R044052,0
R095514,2
R001928,3
R010811,0
R099515,0
R026602,1
R049577,3
R021644,3
R097529,2
R026439,0
R046196,1
R007403,0
R090176,0
R026218,0
R055459,0
R031859,3
R074672,1
R081632,0
R035545,2
R058043,0
R010835,1
R053607,2
R042659,3
R096118,2
R039055,1
R068312,0
R040516,0
R079266,0
R062385,0
R010163,3
R067777,0
R055653,2
R053225,2
R023572,0
R055898,0
R031496,3
R035781,0
R088306,0
R000761,2
R078261,3
R072764,0
R097953,0
R003583,1
R066551,0
R091041,0
R043571,0
R065553,1
R066027,3
R061336,1
R032740,1
R067678,0
R023561,1
R019786,0
R066461,0
R099124,1
R034753,0
R091587,1
R023927,0
R034161,0
R057910,0
R036491,0
R059335,1
R079061,0
R024395,1
R090076,1
R014513,0
R050664,0
R002294,1
R097449,1
R022011,1
R055074,2
R084070,1
R005386,2
R011648,3
R052314,0
R042811,2
R053453,3
R018908,0
R037979,1
R056170,2
R060751,0
R070123,3
R056809,0
R035704,0
R085539,3
R044392,1
R018846,0
R016747,1
R044722,0
R094458,3
R024429,0
R057490,0
R052526,0
R044449,2
R043354,0
R015150,1
R062873,3
R072063,3
R013758,1
R048993,0
R058887,2
R043496,0
R060374,0
R065717,1
R063086,1
R054393,2
R014554,1
R064036,1
R001643,2
R078334,0
R000134,0
R072713,0
R003707,2
R072210,3
R093821,0
R077224,1
R004376,0
R000543,3
R073620,0
R071443,0
R084984,0
R090688,0
R051633,2
R053945,1
R046215,1
R040293,0
R046081,1
R005856,0
R057426,2
R001806,1
R065245,1
R073472,0
R011064,0
R067894,0
R089953,0
R062604,1
R014014,1
R036659,1
R033509,2
R086417,0
R003915,2
R080824,2
R004343,1
R083010,1
R014693,1
R036832,1
R020836,2
R002520,0
R080695,1
R069992,0
R066888,1
R009806,1
R005335,3
R061386,2
R068383,1
R014184,3
R001041,0
R035439,0
R080883,0
R035824,3
R096738,1
R074480,0
R026163,1
R086887,0
R012257,3
R021638,0
R072387,1
R012379,0
R008936,0
R079960,2
R061557,0
R030812,0
R078369,1
R062555,3
R068809,2
R098994,0
R051768,1
R040357,3
R028092,0
R072074,0
R013383,1
R026369,0
R089015,2
R022150,0
R052122,1
R046224,1
R056466,0
R022385,0
R038500,0
R058632,0
R025168,0
R060788,1
R041426,1
R030764,0
R054447,3
R098020,0
R035500,0
R056636,3
R014820,3
R049783,0
R036103,0
R051078,3
R024715,1
R068201,0
R071613,2
R015830,3
R081721,0
R053139,1
R054146,2
R096843,1
R086164,0
R039724,1
R098776,0
R058848,3
R060873,1
R098936,0
R008410,1
R086176,1
R074737,0
R004114,1
R021293,0
R086705,0
R098247,0
R020809,0
R073110,1
R034084,2
R015740,2
R056442,0
R084003,0
R069228,0
R013410,0
R028689,0
R030691,1
R004784,0
R022305,1
R021727,2
R009257,3
R025265,1
R005968,0
R086690,1
R000048,0
R064695,1
R022139,0
R080341,1
R028985,0
R099948,1
R075262,0
R062847,2
R019624,1
R082797,2
R064035,0
R003059,0
R005558,2
R088287,2
R071087,1
R050555,2
R090687,3
R038829,3
R083657,0
R003472,1
R020974,0
R040943,1
R050740,0
R065227,0
R004793,2
R099230,1
R079133,0
R029287,0
R073909,2
R089274,0
R034506,3
R080827,0
R046138,2
R065675,0
R052405,0
R028945,0
R085696,0
R083645,1
R081004,3
R034100,0
R002227,0
R096917,2
R002324,1
R009912,0
R090218,0
R073488,0
R025781,3
R070223,0
R082152,3
R026201,0
R008945,0
R009876,0
R034263,0
R053479,0
R064604,0
R022431,2
R024800,1
R066028,1
R095042,0
R064919,0
R066703,0
R098812,3
R021097,2
R048981,2
R008268,2
R062196,0
R080207,1
R023972,3
R008646,2
R050075,0
R088362,1
R066602,1
R097956,3
R019820,0
R048805,2
R000872,0
R056786,0
R027011,1
R080628,0
R069356,3
R023004,0
R050696,0
R004066,1
R050163,0
R036974,0
R046248,2
R017759,3
R030400,3
R085546,0
R097892,2
R082913,0
R037445,0
R080699,0
R049169,1
R061828,1
R050489,1
R040805,3
R093917,0
R040060,0
R006065,0
R000360,2
R051040,0
R013693,1
R006099,0
R050286,2
R058268,2
R018688,2
R017868,3
R021055,2
R096842,0
R027969,2
R047177,0
R052518,0
R058372,0
R019357,0
R001854,1
R077500,0
R064430,0
R008970,0
R046296,0
R063268,0
R059329,3
R011300,1
R069774,0
R092726,0
R057737,0
R049653,1
R089178,2
R068402,0
R049886,3
R060507,0
R062371,0
R073540,0
R058538,0
R064093,0
R016941,0
R051684,3
R033959,1
R012265,1
R055638,0
R046984,1
R055779,3
R048528,0
R099842,1
R040148,0
R055397,3
R049583,0
R015096,1
R060473,0
R084652,0
R058426,0
R035232,1
R083897,2
R001049,0
R090430,0
R011938,2
R058199,3
R010673,1
R040353,1
R012353,0
R060768,0
R014320,1
R020632,0
R040554,1
R053907,3
R015754,1
R008004,0
R038445,1
R025600,0
R086401,0
R089575,0
R038133,0
R042952,1
R057160,0
R088803,0
R027331,2
R023948,3
R035474,0
R058637,2
R037661,0
R030545,0
R077470,0
R023157,3
R039134,0
R005473,2
R002003,1
R057007,3
R066862,1
R040186,3
R071375,0
R099130,0
R040097,0
R032963,0
R032866,1
R003103,0
R093730,0
R073451,3
R033715,0
R083016,1
R043997,0
R073045,0
R025890,2
R036886,2
R051394,0
R088153,0
R091793,3
R064688,0
R016466,0
R025745,2
R089859,0
R074629,3
R020361,1
R076233,1
R044122,0
R017102,2
R054136,3
R071803,0
R082360,3
R086016,0
R011524,3
R062721,2
R050830,0
R077310,3
R098675,2
R063309,3
R018992,3
R003356,0
R039042,1
R072887,0
R068073,1
R056796,0
R084091,0
R002987,2
R030425,1
R007325,0
R098367,0
R020771,3
R069852,3
R088194,2
R012739,0
R074175,0
R031821,2
R010300,0
R029040,0
R096924,3
R081978,0
R062488,0
R088012,0
R017638,3
R086402,0
R073053,1
R046922,3
R025565,0
R084788,0
R076836,0
R012717,0
R084242,3
R057363,0
R094195,0
R062332,2
R086725,3
R023917,0
R084974,1
R027377,2
R073118,2
R019755,1
R075070,0
R094682,0
R093128,3
R085716,0
R004770,2
R043754,1
R012337,0
R044417,0
R040896,3
R048787,0
R006419,3
R077641,1
R039447,0
R039908,2
R013602,1
R079287,0
R087787,3
R032169,0
R020278,0
R023732,0
R036320,2
R025341,1
R052767,3
R067460,0
R065590,0
R081416,3
R053050,3
R044324,3
R056266,0
R091722,3
R049417,2
R089161,1
R039318,0
R040119,0
R066820,2
R038015,0
R020764,0
R085292,0
R070387,0
R011414,1
R052715,0
R005986,0
R023170,0
R006751,2
R036841,1
R058568,0
R002268,2
R067661,0
R096246,1
R075376,1
R009411,0
R094806,3
R058347,0
R094521,3
R064602,0
R072459,0
R067331,2
R069019,1
R009955,2
R047281,0
R004910,0
R005439,0
R016539,0
R061215,0
R082505,2
R041896,1
R078810,3
R068489,3
R044530,1
R087036,0
R030172,3
R087688,0
R073140,1
R061400,3
R036452,0
R031411,1
R035680,1
R062470,2
R053778,0
R075022,2
R061866,3
R028779,2
R050172,3
R073523,0
R098619,2
R010008,0
R041242,0
R097672,0
R061310,2
R024224,1
R077341,3
R054908,3
R048663,0
R050463,1
R051981,1
R080599,1
R013760,0
R065284,1
R028420,2
R012946,0
R065251,0
R085304,0
R076810,0
R028355,3
R003996,1
R045195,2
R090948,0
R034368,0
R047654,0
R001975,0
R026800,1
R067915,3
R097999,0
R023088,1
R055004,0
R078731,2
R097666,1
R099535,2
R007503,0
R039251,3
R002142,0
R091833,3
R043939,1
R011045,0
R067930,2
R091927,2
R098466,1
R005460,0
R065568,0
R067713,2
R098316,1
R052404,0
R052697,0
R042884,2
R080539,0
R040025,2
R067906,1
R008554,0
R039650,3
R038135,0
R004692,0
R063685,1
R095064,0
R052706,3
R099567,1
R074876,2
R030606,3
R014479,2
R017664,1
R014894,2
R042163,0
R084646,1
R043538,2
R040140,0
R081072,1
R088350,1
R067337,3
R089479,2
R002782,1
R014892,3
R087987,0
R032106,3
R098440,0
R086999,1
R087665,1
R072283,2
R094790,3
R047172,0
R069788,1
R054757,0
R018185,1
R078740,2
R056196,3
R020316,0
R005608,0
R065165,3
R025652,0
R054039,1
R051743,0
R044922,0
R075388,0
R043739,1
R073581,3
R047434,1
R047519,3
R013612,1
R013868,0
R082334,2
R072637,2
R020619,0
R068370,2
R052042,0
R019292,3
R027881,1
R010318,2
R020289,3
R047208,0
R037585,2
R021289,1
R030807,0
R053653,0
R021847,2
R013207,2
R076330,3
R031598,0
R023089,0
R077282,0
R061049,0
R076706,0
R092635,0
R020824,3
R061146,0
R017968,0
R002809,1
R044300,2
R015451,2
R069969,2
R077657,0
R076953,3
R009212,0
R059497,2
R048405,0
R087644,0
R054839,2
R084484,1
R063334,1
R040017,0
R056805,0
R061843,1
R019760,0
R009153,2
R033139,0
R057484,2
R017699,0
R062113,1
R041879,3
R098968,0
R069098,3
R032505,1
R075133,0
R083355,1
R058469,0
R071602,0
R044473,0
R090301,0
R057580,1
R012134,3
R005770,3
R045866,2
R087222,0
R021294,2
R024037,0
R020234,0
R058369,0
R076494,1
R087432,1
R045102,0
R097203,1
R087358,3
R086049,0
R056519,2
R016573,1
R024007,2
R030908,0
R039368,0
R076511,3
R039017,0
R046675,3
R047215,0
R048095,0
R047806,1
R097280,2
R063120,0
R090199,0
R014551,0
R030324,0
R082281,0
R004727,0
R026517,1
R060988,0
R064989,0
R029159,3
R048151,0
R041486,2
R059397,0
R031831,0
R026902,1
R052574,0
R062276,1
R075911,0
R018732,3
R023384,2
R038427,0
R053116,0
R044963,3
R048245,3
R090156,0
R085095,2
R035110,0
R090521,2
R041808,0
R035323,1
R003189,0
R007609,0
R032289,0
R019948,0
R051863,0
R084192,3
R003916,1
R020819,0
R060600,3
R054152,2
R041929,3
R002391,0
R019453,3
R012236,3
R042677,2
R042153,0
R038142,0
R009707,1
R053466,0
R072647,2
R054577,0
R068474,0
R098117,0
R086319,2
R082428,0
R051561,0
R058844,0
R009418,1
R074269,0
R042500,1
R099617,1
R088390,0
R016365,2
R055567,0
R092218,0
R067446,0
R005348,3
R009471,1
R037295,3
R081253,1
R054861,1
R012849,0
R072147,0
R047854,1
R099653,3
R099908,1
R062987,0
R075969,0
R029251,0
R062266,3
R051314,1
R068027,0
R083412,3
R070400,0
R073323,0
R079877,1
R060696,0
R006360,3
R053593,0
R012305,0
R060100,3
R049851,0
R099905,0
R064064,0
R050732,1
R042582,2
R025980,2
R022087,0
R045941,0
R090092,1
R085305,0
R023904,3
R022710,0
R095472,2
R042748,0
R074022,1
R041116,1
R024024,0
R029263,3
R020485,1
R027236,0
R071794,2
R001019,2
R004979,2
R091024,1
R014187,2
R076428,0
R029909,1
R006180,2
R033834,2
R083252,0
R054508,0
R032842,2
R021291,2
R004399,1
R008799,0
R076661,0
R022032,0
R058819,3
R033254,0
R010603,1
R007344,0
R042000,0
R097014,2
R033399,2
R012467,0
R038150,0
R054554,3
R036942,2
R010461,0
R098032,2
R023459,1
R002548,0
R013741,0
R094572,1
R014110,0
R057660,3
R077875,1
R064289,1
R067986,3
R055781,2
R077869,0
R036281,0
R066450,3
R067133,0
R018109,2
R079762,3
R096154,0
R068230,0
R038891,3
R076155,1
R052962,0
R019646,1
R032100,0
R075200,0
R036552,3
R033091,1
R048681,0
R010815,0
R069827,0
R062028,0
R003717,0
R031902,1
R039812,2
R005765,1
R017057,0
R023831,0
R095975,3
R081828,1
R084872,1
R058432,1
R064706,0
R002988,1
R085514,0
R018435,0
R081737,3
R011268,3
R050629,0
R055169,0
R050903,0
R092494,0
R084023,1
R065184,3
R044671,0
R028153,3
R000930,0
R070841,1
R025260,0
R035582,2
R083445,2
R048783,0
R086807,0
R096554,0
R069917,1
R006467,0
R060817,2
R017101,1
R033896,0
R079968,0
R098667,0
R068452,0
R038145,0
R022499,0
R005309,0
R091259,2
R052745,1
R078873,3
R080659,0
R040185,1
R017944,0
R048241,0
R014153,0
R008727,2
R025945,1
R070374,2
R033960,1
R080921,0
R098347,0
R086066,3
R000007,0
R037146,3
R000116,0
R099886,3
R043085,0
R036310,2
R040947,0
R077866,1
R045234,0
R018119,0
R098778,0
R089820,0
R079472,1
R062403,1
R069986,0
R073695,2
R092870,3
R084803,1
R047096,0
R048058,3
R028701,3
R068829,1
R074451,1
R031673,1
R041190,2
R011699,0
R057552,3
R027990,2
R019656,0
R069420,0
R033925,3
R084019,0
R055672,3
R096256,2
R038848,1
R086096,0
R031911,1
R092638,1
R062188,0
R068120,3
R052110,0
R091491,1
R082430,1
R055913,0
R020499,0
R040578,3
R088950,1
R080698,0
R032352,0
R073860,1
R092786,0
R008050,0
R074934,0
R055255,1
R077900,0
R012248,0
R014290,1
R073369,1
R075427,0
R013354,2
R060355,0
R003176,1
R058136,0
R093160,0
R027690,0
R028411,0
R062609,2
R028297,0
R039154,1
R084603,0
R003595,0
R046133,0
R078354,3
R044104,1
R050915,2
R039361,0
R017256,0
R013084,0
R045836,2
R063819,0
R050030,0
R005142,1
R002197,1
R069059,0
R025435,0
R065459,1
R080656,0
R056692,2
R070013,1
R062869,1
R016041,0
R057197,2
R019406,0
R011080,0
R067963,3
R062033,0
R062778,0
R040189,0
R075487,0
R069816,0
R093235,1
R085384,1
R096156,1
R047907,0
R092419,1
R099038,1
R025932,1
R088444,0
R053056,2
R011537,0
R081503,0
R065818,1
R061717,0
R027202,0
R014308,0
R051826,0
R078163,2
R003956,3
R007646,0
R090487,1
R027902,1
R047609,3
R005547,0
R057142,0
R041202,1
R083059,1
R003870,0
R086668,1
R071892,0
R091251,3
R044321,3
R067174,1
R036863,1
R038156,1
R011768,0
R016194,1
R055364,1
R031774,1
R036546,1
R019897,0
R061342,3
R049930,2
R092787,0
R050365,0
R003535,1
R028853,0
R071701,2
R036503,2
R016241,1
R003053,0
R052489,0
R049116,3
R097872,2
R002918,2
R089674,1
R092430,0
R052590,3
R027191,0
R078090,2
R044726,2
R088073,0
R038280,0
R058950,3
R012665,0
R035797,1
R003107,0
R028937,3
R098659,3
R058419,3
R003470,1
R079326,0
R006083,0
R021155,2
R056584,1
R045523,3
R024926,2
R051965,0
R009798,1
R021725,0
R055026,0
R044850,2
R023613,2
R082807,3
R077828,0
R055052,0
R063390,0
R042231,1
R075084,0
R076656,0
R097048,3
R011809,0
R057051,0
R082483,0
R090547,1
R054315,1
R063725,1
R041236,0
R084802,0
R096536,0
R026326,2
R016197,3
R021830,0
R065582,0
R012793,1
R099023,0
R088330,3
R056841,0
R044965,0
R065842,0
R017094,3
R030209,1
R013945,3
R041417,3
R027193,3
R027653,0
R009258,0
R051677,0
R031103,0
R030055,0
R054770,1
R006943,0
R039873,0
R012049,3
R053086,0
R047655,0
R078649,0
R035191,0
R084178,0
R015919,1
R075574,0
R034181,1
R015428,3
R057911,3
R072540,2
R065343,1
R071651,0
R023716,0
R079029,3
R056543,2
R079035,0
R004226,2
R072687,2
R045045,0
R038033,3
R062761,1
R049347,0
R093625,1
R050880,0
R003214,0
R017748,0
R066058,3
R040944,3
R002004,3
R055798,0
R016029,0
R069519,0
R059471,0
R093118,0
R012887,3
R018328,0
R005592,1
R071565,2
R085917,1
R007907,0
R032497,1
R061913,0
R000785,0
R004424,1
R033359,0
R045472,0
R099753,0
R064217,0
R042590,2
R096429,2
R061895,0
R077348,2
R039096,2
R069239,0
R036729,0
R081746,3
R042191,0
R014301,0
R054290,1
R062652,0
R029310,3
R022404,0
R044761,2
R008523,0
R085227,1
R061445,2
R001374,0
R048290,3
R071554,1
R091807,2
R054281,1
R072983,0
R069779,0
R074461,3
R085283,0
R064031,0
R023087,0
R098725,2
R069516,0
R091458,0
R075457,0
R091083,2
R011651,1
R082443,1
R096255,2
R097207,3
R048313,3
R012853,1
R056226,1
R025874,3
R056711,1
R041401,0
R020271,0
R033973,0
R072664,0
R090689,0
R078082,0
R025763,0
R014215,2
R053164,0
R039160,1
R068051,1
R025045,0
R067013,0
R030104,1
R053210,3
R011129,1
R045141,3
R068765,0
R025414,0
R034192,1
R001052,0
R034035,1
R020715,1
R058638,0
R095604,0
R042343,0
R043460,0
R063179,2
R094789,0
R092260,3
R019517,1
R053303,1
R001516,1
R027150,1
R093387,1
R056016,0
R053651,0
R028370,0
R005755,0
R036275,0
R098723,0
R062910,1
R073399,1
R007284,0
R090417,1
R044222,0
R094344,1
R035883,3
R041911,0
R090300,0
R046816,1
R033850,0
R074352,0
R071460,1
R079808,1
R071935,0
R081122,1
R034669,3
R060513,0
R079734,1
R001562,0
R023576,3
R071206,3
R010202,1
R021373,0
R091656,0
R098234,1
R092583,0
R000965,2
R092879,0
R038875,1
R079923,0
R022976,0
R075442,3
R030458,2
R076324,3
R080871,2
R041374,1
R076623,3
R056832,1
R023490,0
R042460,3
R047767,0
R032038,1
R084642,3
R031959,0
R030643,0
R078488,1
R020700,3
R020285,1
R057567,0
R011843,1
R030943,2
R018129,1
R092895,0
R057553,0
R010996,0
R071959,0
R086004,3
R047113,1
R082188,0
R096407,2
R060083,1
R029158,2
R003251,0
R037216,0
R074202,2
R051638,3
R098381,0
R097805,0
R099904,3
R091499,0
R060477,2
R035657,0
R042703,0
R026446,0
R044719,2
R093691,1
R072020,2
R074866,2
R048400,2
R025812,2
R048091,3
R086795,3
R057618,1
R097330,2
R028002,0
R024699,2
R028818,2
R008022,0
R091349,0
R051877,1
R003925,0
R051872,1
R023405,1
R001634,1
R094771,3
R042613,0
R030659,1
R015583,0
R033245,1
R031916,2
R062254,0
R062285,1
R058390,2
R093967,0
R024171,1
R062062,0
R096744,0
R018535,2
R044930,1
R091031,2
R010643,0
R085882,1
R009585,3
R060804,1
R039598,0
R072962,0
R016182,0
R054249,0
R085973,3
R016763,1
R013220,0
R027286,0
R055729,0
R097770,0
R077656,2
R064177,1
R082623,0
R055742,2
R076356,0
R017715,0
R075731,1
R026478,0
R033295,2
R053812,0
R083471,0
R061863,0
R075749,1
R072320,0
R006844,0
R099995,2
R027886,2
R076488,0
R017227,2
R095037,0
R006938,1
R035066,0
R033113,2
R041311,3
R014797,0
R050716,1
R041485,3
R049553,2
R093518,2
R046392,1
R017500,0
R047731,2
R066369,0
R085885,0
R086975,0
R061644,0
R006945,2
R035719,1
R049314,1
R096664,0
R094519,0
R035385,3
R088157,0
R025752,1
R049395,1
R045166,3
R000578,0
R099235,1
R094481,1
R014173,0
R098979,0
R018306,1
R026607,0
R066237,0
R028805,0
R070299,3
R016002,0
R077820,0
R000981,0
R064668,0
R004982,0
R018401,0
R039234,0
R012825,2
R008176,1
R022958,2
R049976,0
R019675,2
R097535,0
R042009,2
R002831,3
R007969,1
R040191,2
R049270,0
R083660,0
R058757,3
R044918,1
R009333,1
R052078,0
R090596,0
R030748,1
R038668,0
R057239,3
R074041,0
R090486,1
R022979,1
R018043,1
R034897,3
R043851,2
R038602,2
R038074,0
R013064,2
R058570,2
R063792,1
R040510,0
R057233,0
R079039,1
R076142,3
R000244,0
R064599,3
R094253,0
R051194,2
R033736,2
R036695,1
R088136,0
R040461,0
R024442,0
R022014,2
R070649,0
R049213,0
R041006,3
R089251,2
R021989,2
R093007,2
R011870,1
R054250,0
R031268,2
R038155,2
R020476,3
R041730,3
R024298,0
R084896,1
R044437,0
R027732,2
R083728,3
R015257,0
R080279,3
R061491,2
R004375,2
R085723,0
R031846,2
R010617,2
R083015,2
R021275,3
R092459,3
R083486,0
R007352,1
R086704,3
R008657,2
R072278,2
R079959,0
R028361,2
R050403,3
R036256,0
R008187,0
R068525,2
R085325,0
R077374,3
R020815,0
R032426,0
R036163,1
R084385,3
R054265,2
R062639,2
R084144,1
R013762,0
R069379,0
R001822,2
R045165,1
R032147,0
R099900,0
R012574,3
R024111,2
R065661,0
R039520,3
R083899,0
R023680,3
R095302,1
R018323,2
R073503,0
R076355,1
R000713,1
R007440,1
R061932,0
R040070,2
R050794,1
R035424,1
R028870,0
R096279,3
R068497,0
R079587,1
R089884,2
R066128,0
R011865,1
R089695,2
R064929,3
R067430,2
R017704,0
R053370,1
R066940,1
R002503,0
R064594,3
R066167,0
R079488,0
R073807,0
R012874,1
R065748,1
R058084,0
R082365,1
R008040,1
R020542,1
R051481,1
R076407,1
R083321,1
R065210,2
R098536,0
R064326,0
R057594,0
R066768,1
R065122,0
R053362,3
R073477,0
R051506,1
R012441,3
R009347,3
R078375,0
R091744,0
R055622,2
R088432,2
R083929,0
R029255,0
R004653,1
R034671,2
R054940,0
R001949,0
R011755,0
R043672,0
R022969,0
R096992,0
R096383,0
R048662,1
R044451,0
R005380,2
R089376,0
R051353,3
R065768,3
R035270,1
R008357,2
R085898,1
R074340,0
R087099,3
R081241,1
R057896,1
R002654,3
R006839,1
R087552,0
R025974,2
R074489,2
R078669,0
R076813,1
R018686,3
R010211,2
R006082,0
R041176,3
R090058,3
R028790,2
R090582,1
R014108,1
R050926,1
R019986,0
R056337,1
R008294,0
R087624,1
R051551,2
R017123,0
R051999,0
R037342,0
R005837,1
R050717,2
R090147,1
R046961,2
R095139,1
R082558,1
R006708,3
R009998,0
R021523,0
R059435,1
R087581,1
R027094,0
R097091,0
R049333,1
R016161,1
R026749,0
R003647,0
R031787,0
R044017,1
R070122,3
R011739,2
R091131,0
R004989,1
R000110,1
R024836,0
R094190,0
R012640,0
R037027,0
R059822,2
R030583,0
R052582,3
R046619,0
R076379,3
R020113,0
R022792,3
R029936,0
R079545,1
R089974,0
R007291,0
R041196,0
R054464,0
R056018,0
R022907,2
R048793,0
R018882,1
R035492,1
R004470,0
R018570,0
R090262,1
R038758,0
R004104,3
R066014,0
R099247,0
R056278,0
R030023,0
R044337,3
R067329,2
R050805,1
R086962,1
R007632,2
R022768,3
R011095,1
R034258,0
R019505,1
R006286,2
R095470,1
R071135,0
R021832,0
R012813,0
R033941,0
R077841,3
R072988,0
R096104,0
R057391,0
R095674,3
R082884,0
R006096,2
R061869,3
R094764,1
R020706,0
R064700,0
R055336,3
R042930,3
R025817,0
R041529,1
R097252,2
R061018,1
R034375,0
R022195,2
R006881,0
R004857,1
R047152,1
R041437,0
R070373,1
R002855,0
R005392,1
R071774,0
R001739,1
R098474,2
R090108,2
R011366,0
R028010,0
R084555,0
R030713,0
R072948,0
R031528,1
R014520,2
R099563,3
R063355,1
R017754,1
R076317,2
R020470,1
R086535,1
R023697,1
R029767,0
R011702,3
R040231,1
R001149,0
R087876,1
R012066,0
R013751,0
R087916,2
R039936,0
R067951,2
R026780,0
R016897,2
R041882,1
R079719,0
R041445,0
R083766,1
R015620,3
R000896,0
R028624,0
R068624,3
R060250,0
R003890,0
R056381,0
R047667,0
R075492,0
R034704,1
R034010,0
R004135,1
R097457,0
R035906,1
R017694,0
R087495,1
R042218,0
R006161,0
R084048,2
R097020,1
R029380,0
R078646,0
R029455,0
R096835,2
R095740,0
R068115,1
R009758,2
R009871,3
R041321,0
R008339,0
R052614,1
R063003,0
R091003,2
R080236,3
R078138,0
R012611,0
R068750,0
R009178,0
R094924,3
R013091,1
R094443,3
R070311,1
R046736,2
R019839,0
R007982,0
R078496,0
R019767,2
R078029,2
R053097,3
R007141,0
R065297,3
R097862,0
R087893,1
R013368,1
R067479,1
R095382,3
R084237,0
R020433,1
R064803,0
R014019,0
R073638,2
R097376,0
R005598,3
R066556,3
R042246,3
R010861,0
R000136,3
R089046,1
R060827,2
R006572,0
R077438,0
R081883,0
R085244,0
R083192,0
R014992,3
R006132,2
R086280,1
R030668,3
R050845,0
R007583,0
R011937,0
R093510,0
R026758,1
R057010,3
R025328,0
R052947,1
R037528,0
R072447,0
R082319,0
R081468,1
R081831,0
R076158,1
R040731,0
R081246,0
R017378,1
R013768,0
R031643,2
R094371,1
R044176,0
R015151,1
R030891,0
R013516,0
R072151,3
R030483,2
R036345,2
R063592,0
R030387,2
R058583,1
R040269,2
R093116,3
R006574,0
R018387,0
R092115,0
R036137,1
R053673,3
R019181,0
R079308,1
R025914,1
R025838,0
R086395,0
R053034,0
R033462,0
R045512,2
R057689,1
R004003,1
R008402,3
R086733,3
R028531,0
R014522,0
R023288,0
R000767,0
R062577,0
R059815,1
R015683,3
R077228,0
R083882,0
R076527,0
R093814,0
R001001,0
R012306,0
R032583,0
R055069,1
R052495,3
R013435,0
R059985,2
R032738,0
R088301,0
R017673,0
R050544,0
R062359,2
R048451,3
R010151,3
R086228,0
R020459,0
R027705,0
R026972,1
R085164,2
R039122,0
R056238,2
R010388,0
R000975,0
R006579,1
R081407,2
R088873,2
R036936,0
R053333,2
R000086,3
R085888,1
R060860,1
R087717,3
R070750,0
R025368,3
R032120,3
R083794,0
R024299,3
R051708,3
R097464,0
R013948,1
R014936,0
R069120,0
R005423,0
R000733,2
R095642,1
R023268,2
R091861,0
R052483,0
R063114,0
R074720,1
R015805,0
R010918,0
R019271,0
R065317,0
R053262,0
R078217,0
R038161,0
R083947,0
R057895,0
R082990,3
R067189,1
R059937,1
R023059,1
R000010,0
R053240,3
R007874,1
R055235,0
R062064,0
R034164,2
R012855,1
R046382,3
R083110,0
R078882,0
R000223,1
R052698,0
R048799,0
R029284,3
R006870,0
R092404,1
R049685,0
R015524,1
R098673,0
R023827,2
R049323,0
R032257,0
R049582,0
R057657,0
R067671,0
R099285,2
R004863,1
R092831,0
R037996,2
R089224,3
R076635,1
R087332,1
R033927,0
R081459,0
R019171,0
R037398,0
R053662,1
R060973,3
R037862,2
R055861,3
R057449,3
R061648,1
R053211,0
R042408,2
R092074,0
R025029,3
R089587,3
R060298,3
R007777,1
R089699,2
R034003,0
R016689,1
R092761,2
R024103,0
R024201,1
R056328,1
R026232,1
R014821,0
R045490,0
R015356,2
R045725,1
R075881,3
R098240,0
R009104,1
R040894,1
R084774,0
R041899,2
R015148,0
R005980,0
R078344,3
R026779,1
R043657,2
R009392,2
R033962,1
R072075,0
R028034,0
R016671,1
R001938,1
R051039,2
R089469,1
R070858,3
R039523,0
R093121,3
R071900,1
R069799,0
R092720,3
R093932,0
R001310,3
R012026,0
R032549,0
R024016,1
R047011,2
R011009,3
R054919,1
R012496,0
R039965,1
R017043,2
R053681,0
R016859,0
R067051,2
R099340,1
R044071,1
R040136,0
R040261,3
R097446,3
R004195,0
R030393,0
R051766,0
R044985,0
R026862,0
R056416,0
R019912,0
R017466,0
R012566,2
R037235,1
R018903,0
R009581,0
R031020,0
R069792,1
R035096,0
R034685,1
R000209,0
R061818,1
R013802,1
R026609,0
R019564,1
R033422,0
R054405,1
R087031,1
R043793,1
R078703,2
R045413,3
R008315,3
R092464,0
R052081,3
R021818,1
R048167,1
R082819,0
R065273,0
R073622,2
R078555,0
R065738,1
R075687,0
R024358,2
R053679,1
R073185,2
R091080,0
R091387,0
R066504,2
R021325,1
R014286,0
R080514,0
R098904,0
R016678,1
R096925,1
R031361,0
R041065,0
R088617,0
R070565,2
R026822,3
R052516,0
R073648,1
R017836,1
R036245,1
R074100,1
R057037,3
R053798,0
R040619,3
R042755,3
R027135,3
R093395,2
R037458,1
R036417,2
R080472,1
R052572,2
R050675,3
R095211,0
R081560,1
R064375,1
R097244,1
R073341,0
R023279,0
R030894,0
R062251,0
R035848,2
R024519,3
R021733,1
R010396,3
R011438,3
R061142,3
R098010,2
R005485,2
R024432,0
R008215,0
R074124,0
R092699,0
R041020,0
R065095,0
R013188,2
R046573,0
R074781,0
R081615,0
R008807,1
R003062,0
R020811,1
R010084,1
R078674,0
R066343,2
R020284,0
R053790,0
R001701,1
R025824,2
R021335,2
R069316,2
R050758,1
R033852,0
R096235,1
R054396,0
R044764,2
R065740,0
R097259,2
R064689,0
R083733,3
R024170,0
R029575,0
R074679,0
R061973,1
R062833,3
R049557,3
R037616,2
R024814,1
R034775,0
R046814,0
R053417,0
R027717,0
R052402,1
R076914,1
R074802,0
R087657,1
R010170,2
R010953,0
R045763,0
R053276,2
R010298,1
R085037,2
R079774,3
R071481,0
R021988,0
R038157,1
R043065,1
R086039,2
R088298,3
R073074,2
R035161,0
R054689,0
R016417,0
R088487,0
R083279,3
R062724,1
R074019,2
R049554,0
R043756,1
R059683,0
R072073,2
R025968,1
R007231,0
R023374,2
R098885,1
R026096,0
R087001,3
R024833,2
R033140,0
R047686,2
R099782,3
R087826,1
R001460,1
R024195,3
R057694,0
R033686,0
R046634,1
R019021,2
R053291,0
R018636,1
R062635,2
R041069,0
R030173,0
R032985,0
R092811,0
R033955,0
R054244,0
R089940,1
R074122,0
R028550,2
R065943,2
R077597,0
R058668,3
R005121,1
R049514,0
R031672,2
R098680,1
R038424,1
R092634,3
R039683,0
R052533,1
R065515,1
R028267,3
R034520,0
R063704,0
R000369,1
R007557,3
R060126,0
R046432,1
R091797,0
R008375,2
R041971,1
R098420,0
R066841,1
R013120,1
R029569,0
R015068,0
R076413,2
R090310,2
R070472,1
R036932,1
R044115,0
R036299,1
R083779,1
R019336,0
R080413,1
R033732,2
R075217,0
R080683,3
R067814,1
R026508,1
R005586,0
R063128,2
R072573,1
R028238,0
R000329,0
R023109,0
R032655,0
R050247,0
R098513,1
R004181,1
R070614,2
R069610,0
R084938,1
R089102,1
R084992,0
R011049,0
R059513,3
R065848,0
R096021,0
R001585,3
R097300,1
R031051,0
R042801,0
R078580,2
R082831,0
R027734,1
R069602,1
R026708,3
R018257,1
R033225,0
R078062,0
R080970,0
R088868,2
R050094,3
R060210,0
R019151,0
R091502,1
R078982,0
R092818,2
R004154,2
R024177,0
R068772,3
R090763,1
R074880,0
R013731,1
R032300,1
R047885,0
R005340,1
R071702,1
R096711,2
R092784,0
R043559,3
R087886,0
R098705,1
R043314,3
R065776,1
R001160,0
R026084,2
R025504,1
R060412,3
R040963,2
R024005,1
R044116,0
R046740,3
R038627,0
R042585,0
R003413,0
R093920,2
R069576,0
R099220,1
R067703,0
R044385,2
R089840,2
R020743,2
R060297,0
R094304,2
R094030,0
R078131,0
R020063,2
R008269,0
R065635,0
R069096,1
R030938,0
R055212,0
R009374,1
R047851,0
R001778,3
R067046,2
R092827,0
R047833,0
R072266,2
R035789,3
R001252,0
R073561,0
R054459,0
R020393,2
R068620,1
R089025,1
R069595,1
R004756,1
R043244,0
R016447,2
R077666,1
R082565,1
R061752,2
R006928,3
R093298,0
R071939,3
R026458,1
R031769,2
R068393,2
R080479,0
R017838,2
R072997,0
R021524,0
R059253,0
R099647,2
R082965,0
R030395,3
R090181,3
R072629,1
R019817,0
R008789,3
R087589,0
R017106,2
R053680,1
R019501,1
R018146,0
R032375,3
R063895,1
R062391,0
R062294,0
R077879,0
R094982,0
R086771,2
R026635,1
R060655,2
R048618,1
R023213,0
R042998,0
R068283,1
R048591,0
R069639,2
R099020,2
R031485,0
R063745,2
R091091,3
R085254,2
R020221,3
R077035,1
R020387,1
R018148,0
R000639,0
R084006,1
R042328,0
R014056,1
R026875,1
R013100,1
R068068,1
R015135,1
R090638,3
R079063,2
R070837,0
R028979,2
R051460,0
R042906,0
R020519,0
R054736,0
R010323,0
R013726,1
R061999,1
R032378,1
R007838,1
R045477,0
R064489,2
R098318,0
R095127,0
R098767,1
R078207,0
R007830,2
R064425,0
R042874,0
R041326,0
R091165,1
R072324,0
R004213,0
R042643,3
R026713,0
R039276,1
R069273,1
R025371,1
R022443,0
R016356,3
R017132,0
R083869,2
R090122,0
R035111,0
R050418,1
R074878,0
R025936,0
R082134,3
R052703,0
R093753,0
R000592,1
R067949,1
R071372,0
R034353,0
R056612,1
R086623,1
R026050,0
R064837,1
R067493,0
R058480,0
R033189,0
R095437,2
R070068,0
R081192,3
R000486,1
R032391,3
R005047,0
R019159,0
R001476,3
R080467,0
R076018,3
R096440,1
R030227,0
R034231,0
R048906,0
R052058,2
R010989,1
R018314,0
R087127,0
R001257,1
R094969,1
R089831,0
R024295,0
R084491,0
R096728,3
R098335,1
R092298,3
R023238,3
R075859,0
R000093,3
R045986,0
R032361,1
R066358,1
R077593,2
R063522,0
R059843,2
R000907,3
R016196,1
R061766,0
R089905,0
R045748,0
R064091,3
R094082,0
R018013,0
R048520,0
R058215,3
R096064,2
R006600,0
R049854,3
R033778,0
R033379,0
R075831,0
R041280,1
R088990,0
R069781,2
R002755,3
R064569,0
R047570,0
R094199,0
R043976,1
R057313,1
R097375,2
R086903,0
R039630,0
R034265,1
R056802,0
R097402,0
R013497,0
R014606,2
R065248,0
R041133,0
R005620,2
R027603,2
R017274,3
R038639,0
R042148,1
R086343,0
R098072,1
R025199,0
R028726,0
R044042,1
R050010,0
R003663,0
R002295,0
R044336,2
R088514,2
R025213,2
R073415,0
R031009,1
R057420,1
R048337,3
R095874,0
R001892,0
R011979,0
R033018,3
R080826,0
R061474,1
R034832,0
R040278,1
R087772,0
R049051,3
R002709,0
R041863,2
R030034,0
R016650,0
R063280,0
R092305,2
R092167,3
R062519,0
R014260,2
R096178,3
R067387,1
R026343,0
R073847,1
R040396,0
R066306,0
R070778,0
R035354,1
R062787,0
R003658,0
R006373,0
R038032,0
R027619,3
R086585,1
R028567,3
R060859,1
R022725,1
R008206,0
R057842,0
R057570,3
R001208,0
R026710,2
R093697,1
R077300,2
R055819,0
R077757,1
R029439,0
R098458,0
R044406,0
R009505,0
R098743,3
R053694,2
R085436,0
R031584,3
R043768,1
R022741,1
R073849,3
R038360,0
R014636,3
R089421,0
R097981,3
R052084,2
R008571,1
R000794,3
R061638,1
R046708,0
R096225,2
R069723,2
R032400,0
R011016,2
R092803,3
R082768,2
R045777,0
R064213,0
R086069,2
R042515,1
R004984,3
R073981,0
R081844,1
R081799,0
R054036,1
R085196,1
R076724,1
R074281,2
R064873,2
R084578,1
R033520,2
R091352,1
R064347,2
R088276,1
R014835,0
R002616,0
R064783,2
R061426,2
R043574,0
R046773,2
R088772,1
R015606,1
R017322,3
R036049,0
R078850,0
R027746,1
R044807,0
R065183,0
R024188,0
R059387,3
R002054,3
R060331,3
R015874,1
R020577,2
R097504,1
R000548,0
R029587,0
R026690,0
R004303,1
R041310,0
R022557,0
R085313,1
R050690,3
R048802,1
R002098,1
R024961,0
R019601,0
R048811,0
R054428,1
R089520,1
R040262,1
R099797,3
R006302,0
R092663,0
R045618,0
R013708,2
R083433,1
R019311,1
R018315,0
R008566,0
R092692,2
R088056,3
R009023,0
R090433,3
R082085,2
R096294,2
R039675,1
R089972,0
R072214,0
R043580,0
R067111,2
R070146,0
R001011,1
R080220,0
R036648,3
R043148,1
R024302,0
R047730,0
R006629,3
R002659,0
R070740,3
R059391,3
R061849,2
R036487,0
R061450,0
R061980,0
R083138,2
R039490,0
R062491,2
R054665,1
R050144,0
R034434,0
R002717,0
R017875,0
R065927,1
R095467,2
R079993,0
R094352,2
R010772,2
R096180,1
R058682,0
R066350,0
R077221,0
R064110,1
R001615,2
R017249,0
R092306,0
R089187,0
R009860,1
R055947,3
R096513,3
R044445,2
R029011,3
R026782,0
R068421,0
R007915,1
R016171,2
R006281,2
R035272,0
R062569,0
R030847,1
R045573,0
R072330,1
R057520,0
R009623,0
R035526,1
R027875,0
R040754,0
R046566,0
R016048,0
R027294,3
R075449,1
R007500,2
R016419,3
R031817,1
R049485,1
R098663,0
R054517,3
R078378,2
R076560,3
R042533,2
R086038,0
R014712,1
R012218,3
R003000,2
R081998,1
R049885,0
R031813,0
R080910,1
R040348,0
R094339,3
R095273,3
R085711,3
R010930,0
R098157,0
R071449,2
R034893,0
R055900,3
R008500,2
R085280,0
R090309,0
R070391,1
R035039,0
R007948,2
R026394,3
R050778,0
R096024,3
R040806,3
R059402,3
R071528,0
R093416,2
R033856,0
R046474,0
R046175,3
R071013,0
R071237,1
R062155,1
R005157,0
R082422,3
R050752,1
R025660,0
R087354,2
R070011,1
R015535,2
R077761,3
R098190,0
R035723,2
R000850,0
R073707,0
R084131,2
R053696,0
R094294,1
R006777,0
R037050,1
R020558,0
R025981,0
R046409,2
R016821,0
R018450,2
R070257,1
R056720,2
R096897,1
R006754,1
R066674,0
R090015,3
R081076,0
R063689,3
R032051,0
R078140,1
R088845,3
R099123,0
R047953,3
R033419,0
R053684,1
R077830,0
R062597,3
R023351,1
R030880,3
R044820,0
R045584,0
R033912,1
R098529,1
R079532,0
R031540,2
R072849,0
R041044,1
R072354,1
R051705,0
R077433,0
R042111,3
R078974,0
R086079,0
R085270,1
R073632,0
R008336,1
R011234,3
R019802,1
R039628,0
R089918,0
R068601,3
R029289,3
R092640,1
R054643,0
R027580,0
R061007,1
R033281,2
R075984,1
R009490,0
R024548,0
R058248,0
R059913,3
R067035,0
R076144,3
R000998,0
R001763,0
R035028,1
R059170,0
R054159,0
R053668,1
R080120,2
R055670,0
R057848,2
R010792,0
R080225,1
R033451,1
R052248,0
R055339,0
R055815,2
R059186,0
R043132,2
R081060,2
R014935,3
R043124,0
R048232,1
R000842,0
R068336,1
R083233,0
R019716,1
R029977,1
R044511,0
R004926,2
R078645,0
R033149,1
R023309,3
R034274,0
R055482,1
R027869,0
R055840,0
R001327,0
R039907,1
R097125,0
R083438,0
R075952,1
R031139,1
R023090,0
R078114,0
R017677,0
R097072,1
R047852,1
R012921,2
R066189,1
R057514,0
R078232,3
R052502,0
R011926,3
R092259,0
R044646,0
R066082,1
R017327,0
R001725,3
R003976,0
R053650,0
R042241,0
R024969,0
R037135,3
R075598,0
R014937,0
R023635,0
R053884,0
R003990,2
R029273,2
R008393,2
R086656,0
R064952,3
R011498,2
R004149,0
R047658,0
R022646,2
R084493,0
R074598,0
R009877,1
R086067,2
R037479,0
R065834,1
R094724,0
R040539,0
R028199,0
R097343,1
R031516,2
R070844,0
R019679,2
R067631,1
R083864,3
R067696,0
R029839,3
R005092,1
R064061,0
R070140,2
R007771,0
R094005,0
R042394,1
R059687,0
R068734,3
R056375,0
R077738,1
R022067,0
R005701,2
R062002,0
R017252,0
R010924,3
R022120,3
R053321,0
R038673,0
R076042,0
R022926,3
R070839,0
R042564,3
R096534,2
R093548,0
R018828,2
R038098,0
R015010,2
R003391,1
R083701,2
R092564,1
R059431,0
R065254,2
R054932,0
R099254,2
R010788,2
R033410,2
R061019,2
R061096,0
R041895,0
R009021,0
R060566,1
R058483,1
R097169,0
R007798,0
R087998,0
R046105,0
R016988,3
R079180,0
R063514,0
R034078,1
R068413,3
R068664,3
R014702,2
R094238,1
R063669,0
R013046,3
R084455,0
R090854,3
R074531,0
R062497,3
R056575,3
R082651,0
R073255,0
R039456,1
R051351,2
R091590,1
R042054,2
R095662,2
R097076,1
R068399,0
R082492,1
R058095,0
R024902,2
R092467,1
R093028,2
R094998,0
R099303,1
R011272,0
R087873,0
R092948,1
R092517,2
R097855,3
R049436,0
R097163,0
R012757,1
R052552,0
R017058,1
R016242,3
R042122,0
R087799,1
R002247,1
R045481,0
R074523,0
R084156,2
R035811,3
R053540,3
R061835,0
R007428,0
R092088,0
R062753,1
R065129,2
R051885,1
R096866,2
R064025,3
R017714,0
R070082,0
R082697,0
R087133,2
R065726,0
R037875,0
R079055,1
R035955,3
R066466,0
R052067,0
R053129,1
R080017,0
R038576,0
R098073,1
R070992,3
R086161,3
R081439,1
R036868,1
R040212,3
R030816,0
R017502,3
R040290,2
R096483,0
R040340,1
R078623,0
R089492,3
R093468,3
R073643,0
R056474,0
R050195,0
R052457,0
R023482,0
R090692,2
R052492,3
R058702,0
R064914,0
R026973,2
R064124,0
R057069,0
R071102,0
R047234,0
R043795,2
R092688,1
R010529,3
R099209,3
R095153,0
R081015,0
R013036,2
R003504,2
R039173,3
R088543,0
R051446,1
R019486,2
R084145,2
R077382,1
R080726,0
R094477,3
R036122,2
R003730,3
R025649,1
R008149,0
R015297,3
R057360,2
R090204,2
R037106,1
R085508,1
R065257,2
R038966,0
R032835,3
R091564,2
R008522,0
R007681,0
R089825,0
R022475,2
R066072,3
R079376,3
R066846,2
R099778,1
R098291,0
R065428,0
R066370,0
R002140,0
R076610,3
R007624,1
R042485,1
R065150,0
R035945,0
R098324,1
R066462,2
R042168,1
R086647,2
R092016,3
R076166,2
R026797,0
R074030,0
R089462,0
R047669,0
R070473,2
R023786,0
R047930,3
R079539,0
R045053,1
R054074,0
R090215,0
R058028,2
R057783,3
R017288,1
R041467,0
R073268,1
R085062,3
R086234,2
R023042,0
R038364,3
R085785,1
R029750,1
R008369,0
R006034,0
R003064,1
R049934,0
R013575,3
R005811,2
R002130,1
R011687,1
R059178,1
R092667,1
R017888,1
R059162,2
R088603,1
R058862,0
R019931,2
R080808,3
R055850,0
R065398,1
R085658,1
R090230,0
R033945,1
R088986,1
R088991,1
R005954,0
R091554,3
R061776,0
R000649,0
R074474,0
R094092,0
R073139,0
R002733,3
R025084,0
R052693,0
R070057,1
R001866,1
R040440,1
R008436,1
R098015,0
R005030,0
R084639,1
R040062,1
R096832,1
R048155,1
R093005,0
R068774,0
R063274,1
R079474,1
R052060,3
R037421,0
R080990,0
R060534,3
R008790,0
R048326,2
R081068,3
R079526,1
R001638,0
R023933,2
R081249,0
R096144,0
R038343,0
R069869,0
R046414,0
R082389,0
R029412,1
R030580,3
R029761,0
R015276,0
R024228,2
R049263,2
R095133,2
R099959,0
R059977,0
R091193,1
R087062,0
R099906,0
R038743,2
R023412,0
R056363,0
R029965,1
R068659,2
R000300,2
R055581,0
R083855,0
R034432,0
R098052,0
R050226,0
R064921,2
R041778,1
R052541,2
R046090,3
R080202,2
R057046,3
R016170,1
R094835,0
R036534,2
R054058,3
R036929,0
R069061,1
R070766,1
R013145,1
R059796,1
R018745,0
R082054,0
R016104,0
R045331,1
R035448,2
R087141,1
R051494,3
R073169,1
R081945,1
R071341,0
R005767,0
R031484,1
R007166,0
R063999,1
R093123,0
R092478,0
R065832,0
R061551,1
R099252,2
R079876,0
R051178,0
R019594,3
R036394,1
R084586,3
R070111,0
R011605,1
R087827,1
R073400,0
R006371,0
R074811,3
R066491,0
R029732,1
R061484,2
R087015,0
R070818,0
R071271,2
R033180,1
R020588,3
R031207,2
R003320,0
R049897,0
R035761,0
R067971,0
R015565,0
R043457,0
R066545,0
R053590,1
R044731,1
R031710,1
R093321,1
R038247,0
R096309,1
R056913,1
R017713,1
R014385,0
R030182,3
R000088,0
R055811,0
R043764,3
R081126,0
R078963,0
R094381,2
R048347,2
R038637,1
R073684,2
R026370,3
R080048,3
R094991,2
R025509,0
R004735,3
R061754,1
R020752,0
R063255,3
R021872,0
R074143,0
R023509,1
R080917,1
R024569,0
R093616,0
R049780,1
R068334,0
R007334,0
R016757,0
R079576,2
R084315,3
R094177,1
R029300,0
R067630,0
R066031,0
R029308,3
R008526,2
R033436,0
R075507,0
R089804,1
R000237,3
R014764,2
R020722,0
R053114,1
R013437,0
R011767,0
R075804,2
R097826,0
R082878,2
R037931,0
R051987,1
R051575,0
R077774,3
R064331,0
R041085,3
R052884,0
R042648,0
R011088,1
R065801,0
R062993,0
R089103,2
R006757,1
R062316,0
R028051,1
R038697,0
R079150,2
R064050,1
R015963,0
R045857,1
R027742,0
R099339,1
R032193,3
R014345,2
R099615,3
R088611,0
R031412,2
R034470,0
R086894,2
R031015,1
R007579,3
R029280,1
R005078,0
R067494,0
R023764,1
R006868,0
R022675,0
R030191,0
R031297,1
R063610,2
R016036,2
R092328,0
R073950,3
R026697,0
R026825,0
R063437,0
R070535,0
R048565,1
R093096,1
R089214,0
R033571,0
R069455,0
R061034,0
R061302,0
R061647,1
R035930,0
R076826,2
R072902,0
R008688,1
R056164,3
R090706,2
R021299,1
R084545,2
R057526,1
R001431,3
R003564,2
R009337,2
R017129,3
R035729,0
R037316,0
R047841,0
R094245,1
R073226,0
R054698,1
R058208,0
R009563,2
R039174,1
R025800,2
R057746,2
R072331,0
R041159,2
R079004,1
R038678,3
R033842,0
R016368,0
R049591,2
R021607,0
R035603,0
R083990,0
R024348,3
R086511,0
R017135,0
R056983,0
R094002,3
R038419,3
R063388,1
R041755,1
R081940,1
R015554,1
R087543,0
R046239,3
R048127,0
R042203,1
R037856,1
R050234,1
R007619,1
R071610,0
R018431,2
R071856,0
R050211,3
R090146,0
R021366,0
R096427,1
R079315,0
R031082,0
R057106,3
R057133,0
R092184,1
R083218,2
R098293,1
R047870,0
R003753,0
R008069,0
R013233,3
R096190,1
R067127,3
R023942,0
R033469,2
R082015,1
R054680,2
R002574,3
R005469,0
R098864,0
R055335,1
R088162,2
R052386,2
R055289,0
R095866,2
R058719,1
R010177,0
R005844,1
R082969,1
R001607,3
R097117,3
R079866,0
R093323,2
R061873,2
R002532,0
R041664,0
R096012,3
R097137,3
R094879,2
R007122,3
R052600,1
R047035,0
R016987,0
R057024,0
R081398,0
R009057,0
R043121,0
R071616,1
R014185,0
R088922,2
R012455,1
R035660,0
R040226,2
R081188,2
R083561,0
R025659,1
R094327,1
R038423,0
R044900,1
R056318,0
R018513,0
R097874,0
R072368,3
R058315,0
R091901,0
R051048,3
R092770,1
R067395,1
R092040,0
R014483,3
R058515,0
R039640,0
R070142,3
R039632,3
R041086,3
R052836,0
R054037,0
R003746,2
R001477,0
R065246,0
R000225,0
R079994,1
R089784,1
R027977,2
R045439,0
R076361,2
R002723,0
R056409,2
R080305,1
R020946,3
R085159,1
R073068,0
R099866,3
R041677,3
R027796,0
R057395,1
R060186,0
R000385,2
R080583,2
R052485,0
R076218,0
R097571,0
R070891,0
R059480,0
R010944,3
R017305,3
R085974,1
R008716,1
R010896,3
R065059,0
R098938,0
R091103,0
R075013,3
R057907,2
R070947,2
R064019,0
R055345,0
R030286,0
R037982,0
R080246,1
R039901,0
R050003,1
R000514,2
R042139,0
R054911,0
R078752,0
R076967,3
R097741,0
R017703,3
R085487,3
R094056,2
R079823,0
R002851,1
R052306,0
R001901,2
R024288,1
R068493,0
R044743,1
R058783,1
R013219,0
R022128,2
R072488,1
R011677,3
R078800,1
R033738,1
R028529,1
R049920,0
R056482,0
R087852,0
R033975,1
R019673,0
R024714,0
R062607,0
R045309,1
R099280,0
R047698,0
R034555,2
R004641,0
R007573,2
R009238,3
R045517,2
R028269,0
R076667,1
R007528,3
R080502,3
R008270,0
R091405,0
R048676,0
R049018,3
R015236,1
R018683,2
R019521,2
R028692,3
R083583,0
R003270,1
R074347,3
R037716,1
R046353,1
R074707,1
R037674,0
R037104,0
R094861,2
R074799,1
R076651,0
R004100,0
R055977,0
R083094,0
R026692,3
R076751,1
R000238,0
R009445,0
R063720,1
R059993,2
R080357,3
R073058,1
R089204,3
R025246,1
R095130,1
R094535,1
R061366,0
R008290,1
R053221,3
R001268,1
R090755,1
R069323,1
R032545,0
R094512,0
R061479,1
R070362,0
R013327,0
R066958,0
R042837,0
R099001,1
R058291,2
R060149,0
R046826,0
R092154,1
R090227,3
R008126,1
R086332,2
R075773,0
R023253,0
R067119,2
R056604,0
R050471,0
R007564,0
R079235,3
R070848,2
R000520,0
R002735,2
R032126,0
R067747,0
R083510,2
R068058,0
R036322,0
R014106,0
R086341,2
R037280,1
R001181,2
R050305,2
R044934,0
R017504,1
R046390,0
R021262,0
R003695,3
R017690,0
R058102,0
R049388,2
R059607,0
R009495,1
R010858,0
R042434,0
R047783,3
R010487,1
R030533,3
R036884,0
R090759,2
R062868,0
R008048,2
R024774,0
R075240,0
R033747,0
R007069,3
R046703,3
R097827,2
R014251,0
R038105,0
R056949,1
R001413,3
R004703,0
R035154,1
R029734,0
R039503,0
R035303,1
R013061,3
R099652,1
R083342,0
R008379,0
R033596,0
R061002,2
R054648,0
R069109,0
R017600,1
R070417,3
R050230,1
R017519,0
R010231,0
R039718,1
R001180,2
R024027,0
R093749,0
R014124,1
R085036,0
R013673,2
R035336,1
R061834,1
R027196,0
R016818,0
R055584,0
R071785,2
R033777,1
R067160,0
R025123,1
R026593,3
R095613,0
R035481,0
R044319,0
R051586,0
R023282,1
R092585,0
R004344,3
R084471,1
R085193,2
R024491,2
R004761,3
R069673,1
R023622,0
R069637,0
R005922,1
R004166,3
R023835,2
R060046,2
R053307,2
R034450,3
R030396,3
R032790,0
R075955,0
R036098,2
R097232,2
R043494,3
R079646,0
R004329,0
R040227,1
R001373,1
R000195,0
R019617,1
R039454,0
R075620,2
R084572,2
R043868,1
R082132,3
R066534,0
R053965,1
R058984,2
R009878,0
R058861,0
R012775,2
R072039,0
R093442,0
R018675,3
R057749,2
R085017,1
R087914,0
R084723,0
R031624,0
R071583,0
R045740,0
R089741,2
R028070,3
R062820,1
R027712,3
R046655,1
R051658,0
R086346,0
R037584,2
R052650,2
R031757,0
R077143,1
R048825,0
R093495,1
R067825,1
R034091,0
R066659,2
R046364,0
R083549,0
R064337,0
R051669,1
R066436,2
R099061,1
R033590,1
R083598,0
R003178,0
R086026,2
R062642,2
R075629,0
R055824,1
R082945,2
R058993,0
R007413,0
R002886,3
R019626,0
R008925,0
R073984,3
R069067,0
R024410,3
R051608,1
R088778,0
R065988,0
R046599,0
R076204,0
R002183,1
R010146,3
R037102,3
R011351,0
R068806,0
R053853,1
R047086,0
R036524,0
R075135,3
R019484,0
R062985,0
R071878,3
R068796,0
R059865,1
R063709,3
R033517,0
R037991,1
R044265,0
R015448,2
R069114,2
R050782,0
R038158,2
R073881,0
R001121,0
R008986,0
R087838,1
R081641,0
R008394,1
R080889,1
R054868,0
R089900,0
R059044,1
R068709,0
R026810,0
R020509,1
R007475,0
R010945,1
R076268,0
R048113,0
R046029,0
R092036,0
R052375,2
R050884,0
R040239,2
R012355,2
R047066,0
R011083,0
R098876,2
R052792,2
R030930,1
R034187,2
R062941,0
R028622,0
R065466,2
R087857,0
R065855,0
R062265,1
R009223,0
R090586,0
R055139,0
R017052,3
R087821,0
R069381,0
R045800,0
R038131,2
R077800,3
R047566,0
R011847,1
R027313,0
R022318,1
R017301,2
R052514,0
R019899,1
R027513,3
R006078,1
R072032,1
R071559,2
R019279,3
R055873,0
R009898,0
R097808,0
R025687,1
R037748,2
R031324,1
R095330,0
R066972,0
R067855,0
R053444,1
R097463,0
R062614,0
R068770,3
R005343,1
R042053,3
R091695,1
R001106,1
R064968,1
R037519,0
R010265,1
R094617,2
R066347,3
R031885,0
R074682,1
R080470,1
R068235,3
R022041,3
R006920,2
R061040,2
R003515,1
R053117,0
R099839,2
R002916,1
R041093,1
R050402,0
R035023,1
R086493,1
R005163,2
R068052,3
R085690,2
R082988,2
R067249,0
R073125,3
R040204,3
R084709,3
R061328,0
R056345,3
R033547,3
R040753,0
R082536,0
R001037,1
R076666,0
R061718,2
R010400,0
R082432,1
R037771,0
R075469,1
R012615,1
R001662,0
R013790,2
R055973,0
R076214,0
R026869,1
R066138,0
R003171,1
R095466,2
R008462,3
R019237,3
R013648,1
R060085,0
R054642,1
R023874,1
R099665,0
R013537,0
R030953,1
R060050,0
R069847,0
R053495,0
R000669,3
R011270,1
R093110,0
R049822,0
R074157,3
R071924,2
R076100,1
R098546,1
R020462,2
R098683,1
R070116,1
R009720,0
R086569,1
R025584,3
R057921,1
R081337,2
R030933,1
R090158,3
R076422,2
R076451,0
R099560,1
R033638,0
R024373,1
R053358,3
R014031,3
R097510,3
R027234,1
R093865,1
R034925,1
R038877,1
R027300,0
R026243,0
R015917,1
R002576,2
R019658,0
R029667,0
R017597,2
R096753,1
R073062,0
R039593,0
R081214,0
R052853,0
R055437,1
R017796,3
R059463,0
R064924,1
R018948,0
R084161,0
R052324,3
R008095,0
R079751,3
R063646,1
R037419,0
R040517,3
R045052,0
R070114,3
R036401,0
R069862,0
R003940,1
R098719,0
R046966,2
R080154,3
R047748,0
R003590,0
R060731,0
R038269,1
R094351,1
R029080,1
R064843,1
R047904,0
R075399,0
R039194,3
R067406,2
R068702,0
R063869,3
R019105,0
R026649,1
R084518,0
R051977,0
R062141,2
R030308,0
R017266,3
R049744,0
R041329,3
R095256,3
R036361,2
R075437,0
R045291,0
R043235,0
R086710,3
R088091,1
R017535,3
R044007,3
R041880,1
R010817,0
R066440,3
R031784,0
R069764,3
R085455,0
R029191,0
R032041,0
R001889,2
R026164,1
R010581,1
R072828,0
R087081,2
R048249,1
R077945,2
R051345,3
R035382,0
R047330,0
R078789,1
R019274,2
R095433,0
R041078,1
R007451,3
R077789,0
R006852,2
R021470,2
R071003,0
R003362,2
R024870,1
R021513,0
R033255,2
R056243,0
R049341,2
R064413,0
R050584,1
R095790,1
R044087,1
R027199,0
R028820,3
R057062,0
R078197,2
R098396,3
R000113,0
R062160,2
R036379,3
R009234,3
R068294,3
R002867,0
R003041,0
R029171,0
R017154,3
R095624,2
R094122,0
R042935,1
R026198,1
R077963,3
R055524,0
R076072,0
R085908,1
R012330,2
R095306,2
R035139,3
R038654,0
R005028,3
R062825,1
R053030,0
R002147,3
R027384,1
R090572,0
R096162,3
R019996,2
R037386,0
R019389,1
R031713,0
R037769,0
R002300,0
R021738,0
R099677,2
R091922,0
R066877,1
R001441,0
R017731,2
R020381,1
R096006,1
R055280,2
R025816,3
R085079,2
R072349,2
R007667,1
R023230,2
R025104,0
R017375,0
R085190,3
R014463,3
R094893,3
R084292,1
R060431,2
R034542,1
R058128,2
R030064,0
R050304,0
R041041,0
R016393,1
R038379,1
R083103,3
R036815,2
R004921,2
R058052,0
R080513,0
R073276,0
R028894,3
R014523,3
R028560,0
R030885,1
R078390,0
R041186,1
R057004,2
R093393,0
R034673,2
R059883,1
R070397,0
R034912,1
R015981,0
R020417,1
R087236,2
R085162,1
R075833,1
R065188,1
R058694,2
R092263,1
R058748,0
R062475,3
R026910,0
R089777,1
R051788,0
R004686,0
R076879,2
R019431,3
R034681,0
R030257,3
R068708,0
R006871,3
R077520,2
R017884,0
R056253,1
R062742,1
R011337,1
R024439,1
R008626,1
R073292,0
R049036,2
R080254,0
R086094,3
R015595,0
R066191,0
R029662,0
R017432,2
R057404,0
R051059,3
R031856,2
R026746,1
R096369,2
R093293,3
R001265,3
R037997,2
R027149,0
R079759,0
R014246,0
R018608,1
R020597,0
R023658,0
R038945,0
R012503,1
R092730,1
R026919,0
R024879,0
R031559,0
R080089,0
R044090,3
R067082,3
R097523,0
R075727,0
R051182,2
R000248,0
R025564,0
R029573,2
R033282,2
R088459,3
R019995,0
R040319,0
R068598,0
R071002,3
R034768,1
R073509,3
R014700,0
R017733,1
R059626,1
R060608,1
R011382,0
R093360,1
R047673,3
R032046,0
R002904,1
R082854,3
R054012,1
R064250,2
R000130,3
R009883,1
R062848,0
R017640,1
R052340,2
R012235,3
R063779,1
R002664,1
R056668,0
R090118,0
R012421,0
R008870,0
R010878,0
R001764,0
R062379,0
R032010,2
R037100,2
R077254,3
R038846,0
R081167,0
R089983,0
R085106,1
R054866,0
R000362,1
R048567,0
R020041,0
R077370,0
R080565,0
R056715,0
R013609,2
R091842,0
R099855,0
R069977,0
R020293,0
R082693,0
R004758,0
R011594,3
R019078,3
R055543,0
R096940,2
R087340,1
R005548,3
R088704,0
R013517,0
R097331,1
R057219,0
R057143,1
R060080,1
R081275,2
R002492,0
R096998,1
R022676,3
R038562,0
R048778,3
R002014,1
R087481,1
R017197,1
R092192,1
R038991,0
R051268,0
R096439,2
R013231,0
R023212,2
R027604,0
R076688,0
R033114,3
R097159,0
R077486,0
R028114,0
R010370,3
R085492,0
R019955,0
R055372,1
R035659,0
R047509,1
R035837,0
R013391,0
R035751,3
R097157,2
R021887,0
R071047,0
R083168,0
R038436,2
R017936,2
R092608,3
R044916,1
R067376,0
R049679,2
R028586,0
R039115,0
R094423,0
R083662,1
R033413,3
R073197,0
R035979,2
R057008,0
R040415,0
R090976,1
R098745,1
R009822,0
R034773,3
R037142,0
R055311,0
R086130,3
R067985,3
R090981,2
R080541,0
R049508,1
R026735,1
R025653,1
R049964,1
R054593,1
R079982,0
R062484,0
R053019,0
R040585,0
R023234,0
R006357,2
R009457,0
R090754,0
R079349,3
R070899,3
R026393,0
R023077,2
R025489,3
R097858,0
R039354,2
R068687,3
R039888,2
R099726,0
R029149,0
R065145,1
R065403,0
R035446,3
R074705,0
R080907,3
R029711,0
R072023,0
R029281,0
R046010,0
R014913,3
R061430,1
R028480,2
R050368,3
R005155,0
R081189,1
R011711,0
R073982,1
R002249,2
R075098,0
R029405,1
R034573,0
R052082,2
R028145,2
R041870,0
R088540,1
R031346,0
R075136,3
R080439,1
R036783,1
R077961,1
R022091,1
R000887,3
R041345,0
R071837,1
R075698,2
R039071,2
R081028,0
R028653,2
R017933,3
R095324,0
R030839,0
R049763,1
R052848,1
R004733,0
R029448,0
R057065,0
R082291,1
R034968,0
R069972,2
R084982,1
R031290,1
R045137,3
R015152,0
R008179,0
R095915,0
R029833,0
R040525,0
R061354,1
R048951,2
R088163,0
R013749,0
R027092,0
R046331,0
R090998,2
R079314,1
R019210,2
R080662,1
R014663,3
R040819,2
R090803,0
R015337,0
R045553,2
R072632,0
R039947,3
R004216,2
R037611,1
R084519,0
R039576,0
R050838,0
R003269,0
R072100,3
R088118,0
R047313,3
R087032,0
R070219,2
R089465,2
R053851,0
R086622,1
R090517,0
R088129,0
R048240,0
R089142,0
R027334,0
R062756,2
R064637,1
R000388,1
R081075,0
R022451,1
R095241,1
R011051,1
R072137,0
R047047,3
R007842,1
R049775,2
R019557,0
R010422,3
R061067,0
R000305,3
R059890,1
R091222,3
R000727,2
R025398,0
R011132,0
R056620,0
R085573,0
R031099,1
R034551,2
R086879,0
R038659,0
R060205,0
R094484,0
R026279,0
R010029,3
R057607,0
R028457,1
R067245,0
R038702,2
R021400,3
R096990,0
R049829,0
R070542,1
R017431,0
R056555,2
R060885,0
R042800,0
R071826,3
R099297,2
R019125,0
R024755,0
R028380,0
R052594,1
R044875,2
R001313,3
R028668,0
R033298,1
R072667,0
R032003,2
R055527,0
R084295,2
R037665,0
R049360,2
R042994,2
R097023,1
R099737,1
R009232,0
R076438,0
R007512,0
R040330,0
R072514,2
R082345,3
R020902,1
R065484,0
R040634,0
R096550,0
R060933,0
R074756,3
R005034,2
R085405,0
R086468,2
R037603,3
R077994,2
R036216,0
R084355,1
R005118,1
R059376,1
R016406,0
R068832,0
R069022,1
R008794,3
R006857,3
R009951,1
R006835,3
R056446,1
R002013,0
R096806,0
R020896,0
R061950,3
R024862,2
R093057,0
R090080,0
R080051,3
R027826,0
R022452,2
R062214,2
R052192,1
R074568,3
R022264,3
R077257,1
R029850,0
R095014,3
R035617,1
R015486,2
R008396,2
R089792,2
R018609,1
R053351,1
R054125,2
R000373,3
R020422,0
R053810,0
R014823,0
R080209,0
R010417,1
R023163,0
R040932,1
R021449,0
R084283,1
R046476,1
R092850,1
R016622,3
R082321,0
R023277,1
R090184,0
R020379,1
R042890,0
R066651,0
R029031,2
R055293,2
R068439,0
R057456,0
R072541,1
R044867,3
R023839,0
R063681,0
R059778,3
R087816,1
R099095,0
R013466,0
R018739,0
R061410,2
R083749,1
R047081,0
R033094,1
R004707,1
R045335,1
R096211,1
R018551,0
R051382,1
R092351,0
R095255,0
R085273,1
R035559,1
R055859,0
R079952,1
R092315,1
R019999,1
R043406,0
R025628,3
R060961,3
R085952,1
R054113,3
R025623,1
R058376,1
R042284,1
R001698,0
R011421,0
R031364,2
R012374,2
R018799,0
R015506,0
R067089,0
R071766,0
R006512,0
R054188,1
R085567,0
R098461,0
R053263,1
R013009,1
R025542,3
R031720,0
R054441,2
R064046,1
R088795,0
R020753,0
R039159,2
R011516,0
R076309,3
R011470,1
R045064,0
R013832,0
R012238,0
R065070,3
R018449,3
R073022,0
R060245,1
R042946,1
R093454,1
R073108,0
R075369,0
R048005,0
R052370,0
R087934,0
R074787,1
R095923,0
R092343,0
R015777,0
R073028,2
R027678,2
R099838,0
R055178,1
R033398,1
R043858,3
R036406,0
R039279,1
R019970,1
R007216,0
R046986,0
R057199,0
R026093,0
R025224,0
R049941,0
R021904,0
R028142,0
R024956,1
R062258,3
R000118,0
R092523,2
R033767,1
R039090,0
R068243,0
R039689,3
R090660,0
R088239,0
R024014,0
R092600,3
R008456,2
R060644,2
R013619,1
R070361,2
R049259,3
R006123,2
R072877,3
R071632,1
R093833,0
R084481,0
R025318,3
R092257,0
R046335,0
R043044,0
R073001,2
R086972,0
R067094,0
R040083,0
R084526,3
R053565,1
R088988,0
R042563,1
R035975,1
R019770,3
R000519,0
R089495,3
R059140,0
R076749,2
R077332,1
R075383,3
R044369,0
R030942,0
R054863,1
R080571,0
R084179,2
R008324,1
R041802,3
R085019,0
R045142,0
R095567,0
R091178,1
R044280,0
R056314,3
R033901,0
R057786,3
R023131,1
R008504,1
R067291,0
R062216,2
R037086,3
R093971,0
R001810,1
R015441,1
R015266,0
R079429,0
R099102,3
R033510,0
R091568,2
R091260,0
R096715,0
R024795,0
R087488,2
R088567,0
R080358,1
R047178,2
R009025,0
R083259,0
R072931,0
R028893,1
R087391,0
R073904,0
R071377,0
R034096,0
R098193,3
R099054,1
R058002,0
R042759,3
R022278,2
R012785,0
R017029,3
R025883,2
R010845,2
R026835,2
R048463,0
R000258,2
R093268,0
R027508,0
R014886,0
R016868,1
R054662,0
R079678,3
R052826,0
R060471,1
R058878,1
R030585,0
R073527,1
R092490,0
R010922,1
R023691,2
R051324,2
R078765,1
R060069,1
R036344,1
R046785,1
R019479,1
R006335,1
R029222,0
R004446,1
R072524,3
R057707,2
R022534,1
R077263,1
R012502,2
R059580,1
R079155,3
R012490,0
R018081,2
R098726,0
R060604,0
R083951,0
R038774,1
R025102,2
R048096,0
R005727,0
R039588,2
R011402,0
R026178,2
R084853,0
R076139,3
R034724,1
R074349,0
R009669,2
R059199,2
R052280,0
R087295,0
R069051,0
R022564,0
R053066,0
R088316,2
R078368,0
R078663,1
R082628,2
R032282,1
R096472,1
R070017,2
R014567,2
R016947,0
R046877,1
R077360,1
R065689,0
R095149,0
R004358,0
R094989,1
R000968,0
R015047,0
R066527,1
R033753,3
R031000,0
R054843,0
R008607,0
R023110,1
R071520,0
R068256,0
R064436,1
R067299,3
R029349,0
R007718,0
R034819,2
R092037,1
R020327,0
R046091,0
R090552,2
R035086,1
R083751,0
R030371,3
R059142,0
R075543,1
R019791,3
R020908,0
R011513,3
R088819,0
R098285,0
R079237,1
R067017,0
R095159,0
R070461,1
R022422,0
R074566,0
R016660,0
R098708,0
R074524,2
R013285,1
R034390,1
R005693,2
R054834,1
R029493,3
R061086,3
R049532,0
R050298,1
R054500,3
R074966,0
R019335,1
R064634,3
R068026,3
R048602,0
R062299,2
R015054,0
R070623,0
R002459,3
R001859,0
R010785,1
R005356,0
R080011,3
R095744,2
R040092,3
R037091,2
R035209,2
R034534,1
R081584,0
R062138,3
R093302,2
R000630,0
R058613,2
R087795,0
R018778,1
R094695,0
R065263,2
R021438,2
R046946,0
R002741,0
R072412,1
R082500,2
R082170,0
R011339,0
R087713,0
R033095,2
R026150,1
R073810,0
R064519,3
R006147,3
R041619,1
R094904,0
R004932,0
R097495,1
R088671,2
R020265,0
R069894,0
R010230,0
R054025,3
R061097,1
R062677,3
R041655,0
R009417,1
R052555,0
R097598,0
R079425,1
R028169,0
R030096,0
R003521,2
R048418,0
R015719,0
R082257,2
R075608,3
R035177,1
R098761,2
R049167,1
R100000,2
R017230,0
R064506,3
R002515,1
R024878,1
R080402,2
R099243,0
R094134,0
R092673,1
R034585,0
R019753,1
R021684,1
R093014,3
R033620,2
R017076,0
R085676,0
R052219,0
R008039,0
R059274,1
R005158,1
R018860,2
R013667,1
R069747,3
R009146,3
R047795,3
R020783,0
R039788,0
R004878,2
R001034,3
R041481,2
R091913,1
R051970,1
R019191,1
R056336,1
R028876,1
R075420,1
R030315,0
R053180,0
R042978,1
R074757,2
R051337,1
R054308,3
R002186,0
R014442,0
R016759,2
R044423,1
R001815,2
R001223,0
R098815,0
R051327,2
R094935,3
R010469,0
R028581,0
R031373,1
R081073,0
R065990,3
R014890,1
R059306,3
R037397,3
R099050,0
R081405,0
R063067,0
R037922,1
R013628,3
R003921,0
R008872,3
R081025,3
R093850,1
R098493,1
R038605,2
R053678,0
R095280,3
R014561,3
R076735,3
R017472,0
R037087,0
R098021,0
R042985,1
R021819,3
R076532,1
R083101,1
R076171,3
R006801,0
R040546,0
R023751,0
R043374,0
R085299,0
R094494,1
R085191,0
R044312,0
R083093,3
R081508,3
R058202,0
R085053,0
R046770,1
R078892,0
R084354,1
R078094,3
R064750,2
R064354,0
R006913,0
R000418,1
R069313,2
R027684,0
R002164,2
R081616,0
R017610,0
R020572,3
R062324,2
R069088,2
R017516,1
R092792,3
R060533,0
R092095,2
R012050,3
R097190,0
R027532,2
R040937,0
R009157,0
R007392,0
R075843,1
R020647,1
R001563,1
R018514,0
R027575,0
R001870,0
R032986,1
R066544,0
R056639,3
R095461,0
R022995,1
R014104,1
R050484,2
R038061,2
R070274,0
R005723,2
R049659,1
R070761,2
R006111,1
R022239,0
R016695,2
R052588,1
R019699,0
R059093,3
R058148,2
R043418,0
R070768,1
R052449,2
R014368,1
R031524,2
R028340,2
R011471,0
R020699,1
R056642,0
R035922,0
R062866,1
R011258,0
R010208,1
R088070,1
R026202,2
R036934,1
R067810,0
R066690,0
R036311,1
R039064,0
R061075,2
R003370,2
R059407,1
R026897,3
R016876,3
R035901,0
R019203,0
R000789,0
R043720,0
R004338,0
R037210,1
R054608,3
R064927,0
R083957,1
R025462,0
R041955,2
R014713,3
R031956,0
R067729,1
R039404,0
R056319,0
R024789,3
R040745,3
R015662,2
R084393,0
R048084,2
R046691,0
R041230,3
R084558,2
R061865,3
R044187,0
R081344,2
R091388,1
R081581,3
R060170,3
R025438,3
R017549,2
R058506,2
R057879,0
R085576,1
R001069,0
R031909,1
R032587,0
R069544,0
R050764,0
R004515,1
R054909,3
R060308,2
R080409,0
R007307,1
R044662,1
R090742,0
R085201,2
R061825,1
R066681,2
R052103,2
R073833,0
R002172,3
R053892,1
R094563,0
R015603,2
R000771,3
R069218,1
R059332,0
R087599,1
R095465,2
R077971,0
R010213,0
R073076,1
R059473,2
R078806,3
R042666,1
R008710,3
R064122,0
R022520,0
R001484,0
R060806,2
R068308,0
R035026,0
R012362,0
R042926,0
R058047,2
R048420,0
R091950,0
R059091,0
R062931,0
R062508,2
R004265,2
R051884,2
R037363,0
R056395,0
R018658,0
R050271,0
R067106,0
R058647,1
R021686,1
R097681,1
R022529,0
R037535,1
R032879,0
R000089,0
R022658,0
R003235,3
R002603,0
R021612,0
R013440,0
R099700,0
R040580,1
R008088,0
R093766,0
R082060,0
R032684,2
R017666,0
R097050,1
R065984,0
R084317,0
R051246,2
R087774,2
R008017,3
R060922,3
R023273,0
R072762,2
R007419,0
R033260,2
R050518,1
R093542,1
R014763,2
R046084,0
R002499,1
R066661,1
R042974,0
R008535,0
R055108,1
R097551,3
R013979,3
R016830,2
R075701,1
R007309,2
R016566,0
R005794,2
R085219,1
R045535,0
R034655,0
R049999,3
R041452,1
R014126,3
R033981,1
R026788,0
R014077,2
R038007,2
R000115,2
R085440,2
R082760,0
R080033,0
R014418,0
R011624,0
R069174,0
R059213,1
R039554,2
R097086,1
R055880,1
R027200,0
R041109,3
R007723,1
R044880,0
R068113,1
R013819,1
R099821,2
R099689,1
R075114,0
R079032,0
R006560,2
R062561,2
R024120,3
R060091,2
R062313,0
R010634,0
R031862,0
R074002,1
R097718,0
R025726,3
R097296,0
R005497,1
R027858,0
R008532,1
R064298,0
R033575,3
R026454,1
R096339,0
R034111,1
R035333,2
R055979,1
R028998,1
R055424,1
R035079,1
R010410,0
R013122,0
R024042,1
R070997,0
R072081,3
R053465,0
R056924,1
R018969,0
R086244,2
R025133,1
R057502,0
R013530,2
R059800,0
R073603,2
R054180,0
R028852,2
R030921,2
R000215,2
R035676,2
R051930,1
R000148,0
R007654,1
R025880,3
R027925,3
R077153,2
R062296,1
R089310,1
R060226,1
R017286,0
R031215,0
R003659,3
R051852,0
R043104,0
R084064,2
R080836,1
R070129,3
R066998,0
R022953,0
R000860,2
R068972,0
R092616,2
R097258,0
R098226,0
R085921,0
R035174,0
R020727,0
R044947,2
R053379,0
R077767,2
R029594,0
R034030,0
R055490,0
R077295,0
R047463,2
R042979,0
R049038,0
R022366,1
R090243,1
R085739,0
R054377,0
R062164,0
R018212,2
R062218,0
R093819,0
R069507,1
R024379,2
R011135,0
R033991,1
R098838,0
R001671,3
R017292,0
R096879,1
R010240,1
R014967,0
R056960,0
R089680,2
R005809,1
R075784,2
R026964,0
R049698,2
R031331,0
R095210,2
R047415,0
R018291,1
R014016,3
R026819,0
R066999,0
R029814,2
R064879,0
R058746,2
R088112,2
R023969,0
R049818,2
R085073,3
R034358,0
R094942,1
R045598,0
R041614,1
R019419,0
R003420,0
R076819,0
R032408,0
R092525,3
R081062,0
R015657,0
R046300,3
R080057,0
R092953,0
R092418,1
R080367,0
R096490,3
R013985,0
R002702,0
R095575,0
R077637,0
R071980,0
R099006,0
R002177,0
R092271,0
R011106,0
R035956,0
R024493,3
R020689,0
R021914,0
R093668,1
R021603,3
R091448,0
R083358,0
R033077,0
R009752,2
R015144,0
R024521,2
R048299,2
R057044,1
R099460,0
R005560,0
R092193,1
R013169,0
R002505,2
R016855,0
R072515,0
R098939,0
R023838,0
R016096,1
R080816,0
R013308,0
R043617,0
R045214,3
R078264,1
R017448,0
R095244,1
R098156,2
R073327,1
R022743,2
R025722,0
R089115,2
R013246,3
R030481,2
R097295,2
R081749,0
R081366,0
R093543,2
R074086,0
R029676,0
R036699,1
R084551,0
R038388,0
R003974,1
R091745,0
R005354,2
R069162,0
R028744,0
R025551,0
R087447,1
R064011,1
R007051,1
R066481,0
R066980,1
R057027,0
R025042,0
R031230,1
R018944,0
R053170,0
R086385,3
R098446,1
R044039,3
R097329,3
R080937,1
R068023,1
R010688,0
R072505,1
R015161,0
R018652,0
R038550,1
R044655,1
R078160,0
R015172,2
R058579,0
R031008,3
R031999,3
R010386,0
R033666,1
R015986,3
R089746,3
R045055,0
R039121,2
R053226,0
R009610,3
R036217,1
R046638,3
R049024,1
R083687,0
R077012,1
R020615,1
R028994,1
R008033,0
R066784,3
R026008,1
R026340,0
R023281,0
R043277,0
R035302,0
R033489,0
R076563,0
R068685,3
R047246,0
R080277,2
R077988,1
R026737,1
R059087,0
R052830,1
R013414,2
R091939,1
R021776,2
R078111,2
R031205,0
R095126,1
R003877,1
R034016,2
R046027,1
R016913,0
R035785,1
R077393,1
R062067,0
R064457,0
R059263,2
R090590,2
R032161,0
R032882,0
R076934,2
R048006,2
R011991,1
R094815,0
R092264,0
R041175,0
R042549,3
R080731,0
R005111,2
R089930,2
R001474,0
R018723,1
R098634,0
R070007,0
R054057,0
R003907,0
R017440,2
R010464,0
R052612,0
R040268,0
R043699,1
R059970,1
R020790,0
R098276,1
R093562,0
R062739,2
R022441,2
R037266,0
R024669,2
R091834,3
R088651,0
R040881,0
R004898,0
R030077,1
R064014,0
R008383,0
R055578,2
R004107,1
R065058,1
R087367,0
R058460,2
R050089,0
R064098,0
R002996,0
R055470,0
R047016,0
R078014,1
R084306,0
R047706,0
R068768,3
R061197,2
R025344,0
R098563,1
R057052,1
R017934,3
R051759,2
R088237,3
R027032,0
R044279,1
R050200,0
R004554,0
R010134,3
R037010,0
R008836,3
R079706,0
R082848,2
R091258,0
R060718,0
R058331,3
R048031,0
R052320,1
R019037,3
R098491,3
R096598,0
R027669,1
R083123,2
R032721,0
R085166,0
R035721,0
R000039,0
R075550,1
R061653,0
R032362,2
R088025,0
R044907,1
R077381,0
R013525,1
R056437,0
R079364,1
R067060,2
R013598,0
R003434,0
R046055,1
R008911,1
R057994,0
R024932,0
R086696,0
R014565,0
R037909,1
R061935,0
R083761,3
R046073,3
R066334,0
R061572,0
R004592,0
R076685,1
R097335,2
R050563,0
R015422,0
R014212,2
R022307,3
R082867,1
R032947,1
R019433,1
R071506,0
R011863,1
R039376,1
R036250,1
R021182,2
R062040,3
R033972,1
R009144,0
R086977,3
R050669,2
R091612,1
R005375,1
R047007,2
R099147,3
R006906,3
R028988,1
R069064,0
R050952,1
R058355,0
R024583,3
R070183,0
R051992,2
R012112,1
R033226,0
R056803,3
R064954,2
R081759,1
R065891,1
R071841,2
R079967,1
R068777,1
R051809,3
R089032,0
R020311,1
R032102,0
R084865,1
R055760,3
R042208,0
R078211,1
R023419,1
R040599,0
R096116,0
R056499,0
R066730,0
R010558,0
R027108,0
R099607,1
R044034,3
R080176,0
R096974,2
R027510,1
R030237,3
R073004,0
R088337,0
R081669,1
R036433,3
R068422,0
R023095,1
R063793,2
R092835,0
R093871,0
R070106,0
R027257,0
R006475,2
R092206,0
R059228,1
R037731,0
R036823,3
R095983,3
R077227,2
R015165,1
R061829,0
R082750,1
R024259,0
R065027,1
R098765,2
R090319,1
R047304,3
R097237,0
R008814,3
R015493,2
R048336,2
R045947,0
R097148,0
R023486,0
R055483,3
R094997,0
R062124,3
R098638,2
R014382,3
R064415,2
R090220,3
R091217,2
R019790,2
R068262,3
R080230,1
R017890,3
R076840,0
R029433,0
R024592,0
R006028,1
R010183,2
R006050,2
R032675,1
R033240,1
R081937,3
R084002,0
R090581,2
R099636,2
R094843,0
R081706,1
R041428,1
R051427,0
R003710,1
R092303,0
R025190,0
R096531,3
R072550,2
R077915,0
R060646,0
R048170,1
R055270,0
R094756,0
R087285,0
R070688,0
R063159,0
R026916,3
R096533,3
R078594,0
R033418,0
R082498,0
R087959,2
R001434,3
R086267,0
R057822,3
R000487,3
R037031,0
R017366,0
R008753,1
R030164,2
R072558,2
R011407,2
R092261,2
R084190,2
R010901,1
R068847,0
R021898,2
R007643,3
R067872,0
R033607,3
R097971,0
R014678,0
R082382,0
R010012,0
R028455,0
R027986,1
R087435,0
R037768,3
R045124,1
R024667,3
R041634,1
R050448,2
R079398,2
R096906,0
R056733,0
R024172,0
R039133,3
R055058,1
R025413,0
R064376,0
R041526,0
R009698,2
R076652,0
R027594,0
R055785,0
R010354,1
R080066,2
R033949,2
R071728,2
R057743,0
R009606,2
R011031,3
R023719,2
R094761,0
R082204,1
R049460,3
R097325,1
R069380,0
R051558,2
R097267,0
R041077,0
R086646,0
R090121,0
R072707,0
R006270,2
R096036,1
R073774,1
R081329,0
R008181,2
R011439,0
R022086,0
R009055,2
R091101,0
R026122,2
R086905,0
R043275,0
R026783,0
R007817,0
R086381,3
R063712,1
R074088,3
R009617,0
R027050,2
R023898,3
R033229,0
R092999,0
R096507,3
R024041,3
R054930,3
R024776,0
R080167,0
R063364,2
R050373,2
R070329,0
R021306,1
R087025,0
R008052,1
R016107,3
R075979,0
R012155,1
R030664,0
R062815,0
R058625,1
R091507,0
R072994,0
R059971,0
R038727,0
R079382,1
R003673,0
R069100,1
R030725,1
R048738,1
R094821,1
R085136,1
R055164,1
R058025,3
R009868,0
R062126,1
R011388,0
R067758,1
R046418,0
R007755,2
R000109,0
R088925,0
R079218,1
R055043,2
R004392,3
R078113,0
R098766,3
R026787,2
R013710,2
R039383,0
R021741,0
R032346,0
R089848,0
R071849,0
R014839,2
R015545,3
R008025,1
R046726,1
R061916,0
R002612,0
R095506,0
R021086,0
R030035,1
R041593,2
R033905,0
R081488,0
R097631,0
R037633,0
R055847,2
R055858,0
R032776,2
R092322,0
R079565,1
R037669,0
R005068,1
R048481,0
R042981,0
R086198,0
R015536,1
R008404,1
R008797,1
R001961,0
R048197,1
R066739,1
R087227,2
R079153,0
R054050,1
R099614,1
R007417,2
R047142,0
R051095,2
R064587,2
R014155,1
R024987,0
R065517,2
R078526,3
R019301,0
R019094,0
R039839,1
R022753,1
R041170,0
R034800,1
R035542,0
R058904,1
R046667,2
R021037,1
R078439,1
R033948,2
R072027,0
R021255,2
R083904,0
R044843,1
R026837,1
R041959,0
R084582,3
R033671,3
R086131,1
R017354,3
R022668,0
R050382,1
R017892,0
R063824,0
R098334,0
R024868,3
R099874,1
R064292,0
R005236,0
R016331,0
R015823,3
R046155,0
R009853,3
R085608,2
R025825,0
R015597,0
R037525,0
R048639,0
R019097,3
R081944,0
R076160,1
R046363,2
R043208,0
R068148,1
R066312,1
R011423,1
R095574,0
R058399,3
R017011,0
R047100,0
R039169,0
R005001,0
R090951,3
R067302,3
R070334,0
R010182,3
R024472,1
R031675,0
R004007,0
R090775,0
R037236,1
R079148,0
R086608,0
R056485,1
R086529,1
R029766,3
R023124,1
R030264,1
R076686,0
R077505,1
R097443,2
R059612,1
R056739,0
R036421,0
R011218,0
R033495,0
R040847,2
R099943,0
R004454,1
R001454,0
R037261,2
R034919,0
R054040,3
R039143,2
R045090,1
R029852,0
R019639,2
R056525,1
R012973,2
R073813,1
R084298,1
R031553,1
R094091,2
R023051,3
R035164,1
R012325,2
R023834,1
R011348,0
R065638,2
R094487,3
R048489,1
R072798,0
R096647,2
R098649,1
R030837,3
R063089,1
R071811,1
R008102,0
R083842,0
R081212,1
R055155,1
R002194,3
R074457,0
R087625,0
R061237,1
R031280,0
R027983,0
R027535,2
R019781,1
R099619,0
R094152,3
R047406,0
R045942,0
R022551,3
R094451,1
R021159,1
R043737,3
R087722,1
R016558,2
R059784,0
R039349,0
R080044,1
R067153,1
R079795,2
R086700,3
R097590,0
R062675,2
R037971,2
R006784,0
R059048,0
R062292,1
R046601,2
R090562,0
R027957,0
R008243,0
R086731,0
R083459,3
R082030,1
R087109,2
R056413,1
R027891,1
R026334,0
R091893,0
R045854,3
R071227,3
R040296,1
R098520,1
R059124,0
R016943,2
R054822,1
R041578,0
R028412,0
R094032,0
R005845,0
R003181,0
R097351,0
R016529,1
R078031,1
R048709,0
R070337,1
R061827,1
R032177,0
R008763,2
R028350,1
R023394,0
R017452,0
R015878,3
R079468,0
R003069,1
R053771,3
R045736,2
R065846,1
R059527,3
R072120,0
R083273,2
R005917,1
R032384,0
R019293,0
R012384,1
R082142,1
R049134,0
R097701,3
R004741,0
R088047,0
R093146,0
R059794,2
R025657,0
R044946,1
R036711,0
R021508,2
R054991,3
R089177,3
R033100,3
R045906,2
R089278,1
R096110,1
R014459,1
R009018,3
R090406,0
R046292,2
R058567,0
R014073,3
R054580,0
R088240,0
R002278,1
R018873,2
R056210,2
R042001,1
R096981,0
R090736,0
R021835,3
R048752,3
R046902,3
R012225,0
R070259,3
R059496,0
R079421,3
R015211,0
R021665,3
R063752,0
R025803,3
R081359,1
R052710,3
R053232,1
R051065,0
R078907,2
R016124,0
R016726,0
R099354,2
R020576,3
R041009,0
R046545,2
R046087,0
R081990,2
R098844,3
R088151,2
R010031,1
R019100,0
R065287,0
R085532,3
R027989,3
R056133,0
R012714,0
R091105,0
R046772,1
R068636,3
R054846,2
R049619,0
R054804,2
R058954,0
R034835,0
R049568,3
R082439,0
R038660,3
R090820,0
R039171,0
R020152,0
R014507,0
R077014,2
R026072,2
R009345,2
R099305,1
R081926,2
R022058,0
R000199,1
R067732,0
R015385,0
R035504,0
R020008,1
R070271,0
R038776,2
R003468,3
R067267,1
R025962,0
R050391,3
R086146,2
R048801,2
R010745,3
R051270,3
R095017,1
R050005,1
R033442,1
R065955,1
R037871,2
R001236,0
R022963,0
R027514,1
R046516,1
R084892,0
R055780,0
R030197,2
R049214,0
R015643,3
R062055,3
R056268,1
R098591,0
R076737,0
R050638,0
R032503,0
R076862,3
R046200,3
R059579,0
R019659,0
R012715,0
R007781,2
R066824,3
R076979,2
R073335,0
R096019,1
R053774,2
R012326,2
R082280,1
R063107,1
R041797,0
R071732,2
R091826,1
R086240,1
R039620,1
R031742,0
R075477,0
R001733,0
R035546,3
R043191,0
R062505,0
R019294,1
R008738,2
R083715,0
R058494,3
R087954,0
R024579,0
R039153,1
R066326,1
R061975,2
R007520,1
R090900,0
R090841,3
R040734,0
R064075,2
R050352,2
R030919,0
R038553,0
R030184,0
R078502,1
R095053,0
R070930,2
R040235,3
R094537,2
R009640,0
R043070,2
R094542,3
R036520,1
R051678,2
R000929,2
R079206,0
R090068,3
R063059,0
R054832,3
R088253,1
R030705,2
R072655,1
R026937,0
R080772,0
R067628,0
R059925,0
R083396,3
R093856,0
R090037,1
R000284,1
R082010,0
R096841,0
R013523,0
R042754,2
R001318,0
R060342,2
R007466,3
R037839,3
R012934,0
R053163,3
R070901,1
R042502,3
R012494,3
R014629,1
R014718,1
R026048,1
R000636,0
R022533,1
R050238,0
R032443,0
R052450,2
R088718,0
R060288,3
R025429,0
R018668,0
R054366,0
R056850,3
R024485,1
R041607,0
R053002,0
R031115,0
R046730,0
R007917,0
R013984,2
R029884,0
R024723,1
R009099,0
R003767,2
R036305,1
R006547,1
R045304,0
R072264,3
R052466,2
R046553,0
R098394,2
R099374,2
R024273,1
R027525,1
R081139,1
R079178,3
R045724,0
R053833,1
R077050,1
R008213,0
R082435,1
R012287,3
R049466,0
R086295,1
R000695,1
R084345,0
R046322,1
R048017,0
R001266,0
R067920,0
R044818,0
R075782,2
R021346,1
R061243,3
R061986,2
R068405,0
R057891,3
R030116,2
R074099,3
R025798,1
R007903,1
R090959,3
R039785,1
R019500,0
R025849,0
R012654,1
R076009,0
R072014,3
R098258,0
R096358,2
R020187,0
R049474,1
R094994,2
R060797,0
R004678,3
R033074,1
R069291,1
R078660,2
R007879,3
R005180,1
R068643,0
R081726,0
R016319,1
R019404,0
R041115,2
R092304,2
R057049,0
R094129,3
R047399,1
R039074,2
R042119,1
R091794,0
R060115,2
R015615,2
R009773,0
R030201,1
R034214,0
R005544,0
R008572,1
R028123,1
R018414,0
R050870,0
R051298,3
R089879,0
R077796,1
R029928,1
R077584,1
R073688,0
R085127,0
R017622,1
R089210,3
R039061,1
R083624,0
R027175,0
R046668,0
R069025,1
R048650,0
R084988,3
R001116,3
R034109,1
R037070,2
R039895,2
R071619,2
R086371,0
R073173,0
R062839,3
R036093,1
R010974,0
R016150,0
R013377,1
R063342,2
R098503,0
R038001,1
R018308,0
R040216,0
R011052,1
R018977,0
R085390,0
R004990,0
R033092,0
R010111,1
R030896,1
R029863,0
R005692,3
R075314,0
R024788,2
R045138,1
R028547,3
R006598,3
R067699,2
R044015,1
R040797,1
R058893,0
R065414,0
R031893,1
R080450,0
R046968,1
R054747,1
R058752,0
R012241,3
R004672,0
R072088,0
R012028,0
R037437,0
R076107,0
R082479,3
R074708,1
R014105,3
R085425,2
R025764,0
R001835,1
R089324,0
R007282,0
R055972,0
R018827,0
R025519,3
R098488,1
R059080,0
R063575,0
R060686,2
R073834,2
R003792,2
R084307,2
R097493,0
R089977,0
R083146,1
R016260,3
R009874,0
R027440,2
R054906,0
R066905,1
R070378,1
R032315,1
R038315,3
R040291,2
R045676,0
R089649,0
R080336,3
R086639,0
R080091,2
R047287,0
R055061,1
R019028,0
R038992,0
R057713,3
R028353,1
R020136,3
R096965,0
R030327,0
R008421,0
R022632,0
R032274,1
R025698,0
R080754,1
R085349,1
R036011,2
R056087,0
R032856,3
R034028,0
R057630,0
R086563,0
R032423,3
R040611,2
R090372,0
R077687,0
R037984,0
R000743,2
R082196,3
R020229,0
R067171,0
R012542,1
R008629,0
R069740,0
R065754,1
R069984,1
R084782,2
R090153,1
R080171,1
R016246,3
R095687,3
R067161,3
R073188,1
R005746,0
R033947,1
R081379,0
R005932,0
R029265,3
R065313,2
R093088,1
R028978,0
R062407,1
R065381,0
R084644,2
R039233,0
R049654,1
R021924,0
R048257,3
R058160,0
R049772,0
R078437,0
R034283,1
R020089,1
R087296,1
R024311,3
R017450,3
R056747,0
R023165,2
R075267,1
R084359,1
R081348,3
R011496,0
R061319,0
R064328,0
R096360,2
R020504,0
R060484,0
R044629,2
R046827,2
R063316,2
R068994,2
R046336,0
R082272,1
R074886,0
R025094,1
R048895,3
R089511,2
R009934,1
R021093,2
R093215,0
R064841,2
R066430,0
R027818,0
R051315,1
R002432,1
R084822,3
R075340,0
R038484,1
R075243,0
R023211,0
R083763,3
R061728,3
R067680,0
R007505,0
R069252,0
R068773,3
R068640,0
R024458,0
R089971,0
R016898,0
R037818,1
R025319,0
R042560,0
R047535,0
R010542,2
R083302,1
R036738,0
R073301,0
R081169,0
R066968,2
R015177,1
R064470,3
R066821,0
R043409,0
R040522,0
R057674,0
R096500,2
R093333,0
R014175,1
R048093,1
R073743,1
R095443,3
R007230,1
R017923,0
R025928,3
R039905,2
R086023,1
R049905,3
R064971,1
R072884,0
R071332,0
R024165,2
R021494,1
R031790,1
R082368,1
R052033,1
R060758,3
R066702,0
R015973,0
R036230,0
R095540,2
R042775,0
R086110,1
R061588,1
R013866,3
R013540,2
R069908,0
R091830,1
R034334,0
R005733,0
R061836,2
R018101,1
R055352,1
R043399,1
R064492,3
R067866,2
R096149,2
R019499,3
R047921,0
R079139,0
R075349,0
R053230,3
R010637,3
R041705,0
R071890,0
R096160,2
R085331,3
R005618,1
R027943,0
R024313,0
R039550,0
R069995,2
R073263,2
R061464,2
R066901,0
R042020,0
R076412,0
R053946,1
R088431,0
R016744,2
R040917,0
R048099,0
R086487,3
R028603,0
R079210,0
R036243,2
R057922,3
R086413,1
R074112,0
R000080,3
R056606,3
R007504,2
R075739,1
R052411,0
R099233,2
R029565,1
R027060,2
R027839,1
R090752,0
R064161,1
R009851,3
R061815,1
R067584,3
R042536,2
R071855,0
R061138,0
R082104,0
R045787,3
R064515,2
R086408,0
R094794,1
R096911,3
R054764,1
R061768,1
R064315,1
R018425,0
R074600,1
R067518,0
R010753,0
R071400,1
R042206,0
R012713,1
R033388,0
R081172,1
R030242,1
R061889,2
R090819,3
R024946,1
R041269,0
R025223,0
R096029,0
R096283,0
R055474,2
R085093,0
R029887,3
R081532,2
R016366,2
R069962,0
R030947,2
R003213,1
R092597,0
R093778,2
R047034,0
R011980,0
R059866,0
R096026,1
R054247,2
R092411,3
R095818,1
R095729,2
R097349,3
R008809,1
R099116,0
R075010,0
R038431,2
R006052,0
R024423,0
R055513,1
R030492,2
R091126,3
R034596,2
R007143,1
R099232,3
R007519,0
R007211,0
R053078,2
R001604,0
R049404,2
R025249,2
R052028,3
R031079,0
R015753,1
R019358,0
R046348,0
R006729,0
R059154,0
R045283,3
R019823,0
R085683,1
R020398,1
R037077,3
R074203,0
R076357,1
R060282,1
R034874,2
R006792,0
R080032,0
R003568,0
R078143,0
R080165,0
R064464,2
R072878,0
R094450,1
R096775,0
R098753,0
R020798,0
R090442,0
R062784,1
R031084,0
R066493,2
R028627,1
R098264,0
R077098,0
R061661,2
R068692,3
R041960,0
R052151,0
R041636,0
R075565,3
R088825,2
R013472,0
R027918,1
R058795,1
R091796,0
R013225,1
R003097,0
R077510,0
R095418,3
R033829,1
R006040,3
R038326,1
R089545,1
R068448,0
R078633,1
R047564,1
R092971,1
R080918,0
R003577,0
R026987,0
R003569,0
R031445,0
R005685,1
R023305,0
R016181,0
R020162,0
R057215,1
R020060,0
R032714,3
R027920,3
R047723,1
R075196,1
R003378,0
R019351,3
R093877,3
R056430,0
R043752,0
R052079,1
R012518,1
R094343,1
R097305,1
R002000,3
R078205,0
R013807,0
R093193,0
R058194,0
R055398,1
R067881,0
R086670,2
R079535,0
R010894,2
R063130,1
R098794,1
R083080,3
R001134,3
R031194,1
R089896,1
R050694,1
R065441,2
R023941,3
R022945,2
R060347,0
R000576,0
R024664,0
R089418,1
R058073,0
R054864,0
R026714,0
R007920,0
R044414,0
R084504,3
R054995,1
R036130,0
R006109,2
R052643,3
R020145,3
R052676,2
R035766,2
R068575,3
R081150,0
R087187,0
R052834,0
R075641,0
R072155,2
R073030,2
R072673,0
R004479,1
R019473,3
R015107,2
R024981,0
R079229,0
R039046,0
R074146,0
R076766,3
R046853,1
R036408,0
R045057,2
R099276,1
R070832,1
R071781,0
R019345,0
R093134,0
R098507,1
R056599,1
R067500,3
R082022,0
R077173,0
R096552,0
R043287,0
R091673,0
R041963,2
R088520,0
R005504,1
R041838,3
R067338,0
R054891,0
R029103,3
R022044,0
R024948,0
R057702,0
R088604,2
R058938,1
R024271,1
R060993,2
R022248,2
R010081,0
R065098,2
R044653,1
R044710,0
R011367,0
R062428,0
R075711,1
R082720,2
R093612,0
R045084,2
R035752,3
R040858,1
R012706,1
R057797,0
R041901,1
R095121,0
R071207,0
R041158,0
R055431,0
R096096,0
R000716,0
R043454,0
R014994,0
R069399,3
R087572,0
R011933,0
R066811,1
R010768,0
R080397,3
R044240,2
R072152,0
R016794,1
R042280,1
R007938,0
R078916,1
R087237,1
R005262,3
R059056,1
R000227,2
R019518,1
R062581,0
R016604,3
R045181,1
R063492,0
R005622,2
R087146,0
R038728,0
R091403,2
R041913,0
R063456,0
R025062,0
R008697,1
R064097,3
R099981,2
R015307,3
R013058,0
R038300,0
R033540,1
R065229,2
R026410,1
R036919,3
R056719,0
R096785,2
R097066,0
R067569,0
R099262,1
R069538,1
R048956,2
R090144,1
R061153,2
R079074,2
R084520,0
R017957,2
R063195,3
R025557,0
R049817,2
R041117,3
R075187,0
R037079,0
R039013,2
R015514,2
R020942,2
R025418,0
R027860,0
R055047,2
R021673,0
R097843,0
R089666,0
R045984,0
R069809,1
R065673,1
R080465,0
R002471,0
R012328,3
R036480,1
R078639,0
R047102,0
R022183,0
R030095,1
R031940,0
R032189,0
R058597,0
R061208,0
R030889,2
R088585,0
R082301,1
R055901,0
R059059,3
R065177,3
R029784,1
R016112,0
R088829,0
R027553,2
R062988,0
R027629,0
R090616,1
R048310,0
R051655,1
R063977,1
R060487,0
R086787,1
R091423,3
R072821,0
R046948,1
R031647,0
R081492,0
R001861,0
R021876,1
R043770,1
R057305,0
R096191,3
R067040,0
R036800,2
R043604,0
R068987,0
R089949,2
R052709,0
R095806,0
R090691,0
R024983,0
R054620,3
R063597,2
R050135,2
R023393,1
R057854,0
R048042,3
R051525,3
R054031,0
R012444,0
R068145,0
R037907,0
R082344,3
R062017,0
R075030,3
R046265,1
R040901,0
R039316,1
R015863,1
R069616,0
R016454,0
R028830,1
R045528,2
R093021,1
R035307,0
R066961,0
R002634,1
R075400,2
R014094,3
R075003,0
R093863,0
R057583,0
R064145,2
R090579,3
R061095,2
R054336,0
R073489,3
R071748,3
R036606,1
R036246,1
R016879,0
R062905,3
R051910,3
R034369,2
R042911,3
R041815,0
R025915,1
R047314,1
R098985,2
R031969,1
R085604,2
R049907,3
R052089,3
R088282,3
R069297,0
R015510,2
R036600,0
R068578,0
R061814,0
R090604,2
R048508,0
R056516,0
R076515,0
R088618,3
R012510,1
R009289,1
R015317,1
R091644,1
R090391,2
R099706,2
R026227,0
R067959,0
R039532,0
R029353,0
R072333,0
R085587,3
R033142,0
R042011,2
R090050,0
R073556,0
R046694,3
R084818,3
R037414,0
R009779,0
R082992,0
R015254,0
R057361,0
R088785,0
R007864,1
R018735,1
R009002,1
R087260,0
R066207,0
R018393,2
R063271,1
R043140,2
R072968,0
R068648,0
R017126,1
R082640,3
R069957,1
R082093,0
R031550,0
R005557,0
R049989,0
R078487,0
R072564,0
R078956,0
R097434,0
R002644,0
R085641,0
R013083,0
R065030,0
R076383,0
R094533,2
R090291,0
R041209,1
R038371,0
R022084,1
R044752,2
R052328,0
R093455,1
R060162,3
R058094,0
R029383,0
R062521,3
R010041,0
R034291,1
R023027,1
R060898,0
R045730,3
R088769,0
R073344,3
R021925,0
R044542,0
R020291,0
R082845,0
R015693,0
R092708,3
R029420,2
R091109,3
R015349,2
R095264,1
R043174,3
R052794,2
R077854,1
R047656,3
R041690,0
R071224,1
R037532,1
R053412,1
R003179,2
R000234,0
R096138,1
R002113,0
R012930,0
R041026,3
R015105,2
R051897,3
R004467,1
R018144,2
R040795,3
R039714,0
R045229,0
R074401,0
R073127,0
R050334,0
R045334,2
R019683,0
R087529,0
R022512,3
R085306,2
R090519,1
R090568,2
R060605,2
R064772,2
R087355,0
R068122,0
R008141,0
R010979,0
R064721,1
R064472,1
R075078,0
R073133,0
R029518,0
R060869,2
R098332,0
R086834,2
R020880,0
R004365,1
R040019,2
R030174,1
R080480,0
R053390,0
R096551,0
R037707,0
R007431,1
R001862,1
R063634,1
R056655,0
R015937,0
R017567,2
R085862,2
R016737,3
R032273,2
R051864,0
R098319,1
R034550,2
R012143,1
R062006,1
R074813,1
R006446,0
R019941,0
R095152,0
R084040,3
R047316,1
R085789,0
R047954,0
R087194,1
R009673,3
R083293,2
R087967,3
R054667,1
R083201,0
R046493,0
R037542,2
R066932,0
R012980,0
R007091,0
R010900,2
R021380,1
R082814,3
R016215,1
R042778,0
R092822,1
R039574,0
R009580,0
R098374,0
R086270,0
R094061,0
R077685,0
R075222,2
R059221,0
R058602,0
R044475,3
R076658,0
R073558,0
R084165,1
R007567,0
R033090,0
R026208,3
R084276,0
R065562,2
R052132,2
R098823,2
R055358,0
R034905,0
R078430,1
R094678,0
R033030,0
R027620,1
R002990,3
R064485,0
R016342,3
R055253,2
R064047,3
R059756,0
R010880,0
R074165,3
R080637,3
R005479,2
R037656,1
R097180,2
R084624,0
R000986,1
R044246,1
R093052,1
R094713,0
R015014,0
R004873,0
R019975,3
R073676,0
R099203,1
R098556,3
R099447,2
R016701,1
R021124,0
R089217,0
R012184,3
R014760,1
R089337,0
R066420,2
R010225,0
R055930,0
R018958,1
R005353,3
R028473,1
R033006,0
R057999,0
R019981,0
R097602,2
R020990,0
R000460,0
R022202,3
R003075,0
R081857,0
R083976,1
R065862,0
R068746,0
R098233,3
R041433,0
R091188,2
R032680,0
R053247,0
R038714,2
R009364,0
R067501,1
R097926,3
R087003,1
R032995,1
R058192,0
R010731,2
R072076,2
R086557,2
R081909,1
R062417,0
R057522,2
R062858,0
R021353,0
R037270,3
R075595,3
R057063,0
R086746,0
R015768,0
R073122,1
R015989,2
R091157,0
R073070,0
R040686,0
R055010,2
R023417,1
R072694,0
R047144,0
R039855,2
R025559,3
R097545,2
R038518,0
R063914,0
R046281,0
R087485,2
R032427,0
R051672,3
R076364,1
R029193,1
R091315,0
R080879,0
R022602,1
R007018,0
R056356,0
R061922,0
R080226,1
R089946,3
R088954,0
R086918,3
R008988,3
R062069,3
R049477,0
R021744,1
R029858,0
R018366,0
R006094,0
R002334,2
R089256,1
R097519,3
R004781,2
R015739,3
R022851,2
R082679,0
R059007,1
R022160,0
R056116,2
R023100,0
R005178,0
R022716,0
R056378,2
R027067,3
R039375,1
R023043,3
R059326,1
R085120,0
R076510,0
R015468,0
R003422,0
R002660,1
R018143,3
R023976,1
R011990,3
R091973,0
R039698,1
R037019,1
R021687,0
R058287,2
R051913,2
R011760,0
R099495,3
R012865,3
R091685,3
R020692,0
R016449,2
R081247,1
R009988,0
R097890,0
R030113,3
R004656,0
R050490,0
R023369,2
R007952,0
R026752,2
R074642,0
R099645,1
R076901,0
R011528,3
R058312,2
R068101,2
R002473,2
R068041,0
R095825,1
R013027,3
R043361,0
R069725,0
R066580,0
R025850,1
R002835,1
R034308,2
R078079,0
R052796,2
R011655,1
R061217,0
R026079,3
R073686,0
R020872,0
R053083,1
R082210,3
R036430,3
R024875,0
R094220,0
R052116,0
R067414,0
R093171,3
R068269,0
R077096,3
R035728,1
R052085,0
R001361,1
R029859,0
R022119,2
R070986,3
R091818,0
R026044,1
R072692,2
R048484,0
R041218,0
R095944,1
R036398,1
R014032,0
R031628,0
R006663,0
R036165,1
R085826,1
R037563,0
R077522,0
R011097,0
R069047,2
R007580,0
R026372,1
R005664,1
R089302,1
R016909,0
R025792,1
R031664,3
R016099,1
R070157,2
R043787,0
R059427,2
R011889,3
R000119,2
R082728,1
R007706,1
R011408,0
R081370,1
R037846,2
R099259,3
R009638,2
R035897,3
R051853,1
R051557,2
R005495,1
R038024,1
R059563,1
R017310,3
R076300,1
R024459,0
R084923,0
R084320,0
R052036,1
R060168,3
R019599,2
R067394,0
R015377,1
R022344,3
R004925,0
R098437,3
R032236,0
R032489,3
R025997,1
R098183,1
R036450,0
R036461,0
R075316,1
R012737,3
R021976,2
R078324,0
R058588,3
R090524,0
R041674,2
R090464,0
R086681,3
R059591,0
R026420,1
R032931,0
R079779,2
R046298,0
R020178,1
R057524,0
R070312,1
R050022,1
R048214,1
R096767,0
R097408,3
R069902,3
R090055,0
R005533,1
R008064,0
R029953,0
R063198,1
R061783,1
R026698,0
R046455,3
R048629,1
R032964,0
R092534,3
R071074,2
R071622,1
R003887,1
R051236,2
R006791,3
R054488,2
R092657,3
R022791,0
R025354,1
R056933,0
R022381,0
R087863,0
R016375,0
R043883,3
R050774,3
R099228,1
R096916,1
R036295,2
R007934,0
R075288,0
R079771,0
R025287,2
R063608,0
R016766,3
R054632,1
R055406,1
R060909,0
R071807,1
R095407,1
R056974,1
R029066,0
R089009,0
R095430,1
R094539,0
R066106,2
R036973,2
R073375,0
R043480,0
R048925,0
R009713,0
R025211,0
R046185,3
R088377,1
R004777,1
R072974,1
R031501,3
R001486,0
R054352,1
R065678,0
R024665,0
R082870,2
R026031,0
R077850,0
R016634,0
R038072,2
R019932,3
R068961,0
R055243,0
R041153,2
R071683,1
R083472,1
R058985,2
R085709,1
R026677,3
R013920,2
R017792,0
R005149,0
R000471,0
R042283,0
R024846,0
R076945,1
R066639,0
R076057,1
R013176,0
R000450,2
R046664,2
R076323,3
R041493,0
R009000,1
R083769,0
R045213,0
R040683,0
R005848,3
R009331,3
R028303,0
R002901,0
R015450,0
R058108,2
R078063,1
R094011,0
R064281,0
R002096,0
R023519,1
R033205,2
R047357,0
R091511,1
R069411,2
R071645,0
R027816,2
R065767,0
R081103,0
R006461,0
R098163,2
R090727,0
R095057,3
R095914,0
R069283,1
R035967,1
R078820,2
R084937,1
R076516,0
R092701,1
R055904,1
R062468,0
R018248,1
R030494,0
R020169,1
R090802,1
R090403,0
R088417,1
R004051,1
R082835,0
R007981,3
R031193,2
R029519,2
R017477,3
R096343,2
R012038,3
R043088,0
R095146,2
R029435,1
R067047,0
R079761,3
R009419,0
R014236,0
R051892,0
R079502,3
R077516,2
R081064,0
R044012,0
R008516,0
R017723,1
R060708,0
R006897,3
R048664,1
R012686,0
R044213,1
R035954,0
R044348,2
R016552,0
R024892,0
R057782,0
R074975,1
R055583,3
R042252,2
R029621,0
R057054,0
R028855,0
R027084,1
R069965,3
R079392,2
R040347,0
R001306,1
R064650,3
R078156,0
R081558,3
R053548,0
R021395,0
R057549,0
R096030,0
R011392,2
R090576,1
R098350,2
R056640,2
R058117,0
R005444,1
R096340,2
R000290,0
R047347,0
R005771,1
R087264,3
R052347,3
R090293,0
R005036,1
R095802,2
R049397,1
R049718,2
R079222,1
R002176,0
R096182,0
R051002,0
R017803,0
R011102,1
R060820,2
R059033,1
R019788,0
R040279,2
R073238,0
R000676,0
R012340,2
R017581,3
R075577,1
R069939,0
R076194,2
R066956,0
R073935,0
R003385,3
R073027,1
R097924,2
R071760,0
R074745,3
R048002,3
R092842,0
R057126,1
R067292,2
R098398,1
R095417,0
R065588,0
R031704,3
R066682,0
R001254,0
R020385,3
R013286,1
R004894,2
R064759,0
R011023,0
R068688,0
R076608,1
R001436,1
R029774,0
R074051,2
R003868,1
R031275,2
R060561,0
R093474,3
R083191,3
R059104,1
R071083,3
R015224,0
R007272,0
R005377,0
R033109,1
R080589,3
R047269,0
R070269,0
R058951,0
R028023,0
R021005,0
R037197,2
R058187,2
R028410,3
R089072,0
R058076,3
R012833,0
R013880,1
R054322,1
R088343,2
R080201,3
R028926,1
R000582,1
R048282,0
R005295,0
R084184,1
R010061,3
R011536,0
R088099,2
R065786,1
R038953,0
R008579,1
R095571,2
R063266,0
R069541,1
R029407,2
R070403,3
R049517,3
R031187,0
R042076,2
R048103,0
R061794,1
R009792,0
R093170,2
R078557,1
R044741,3
R035658,3
R051800,2
R053915,1
R041853,1
R080447,3
R013090,0
R096239,0
R021609,1
R088899,2
R052413,0
R044690,0
R029424,3
R036028,1
R030697,0
R008351,0
R014419,0
R036992,0
R061761,1
R043969,1
R085638,2
R096712,0
R047117,1
R003683,0
R045338,0
R029067,2
R092321,0
R072641,2
R094442,1
R099765,0
R014232,1
R064932,0
R061721,3
R037049,0
R037688,0
R017548,2
R025289,2
R041294,0
R036890,2
R045909,3
R082447,0
R082563,0
R063894,2
R042276,2
R070670,0
R023448,2
R002179,0
R024559,0
R064067,0
R051183,3
R001512,1
R056039,0
R093537,1
R086045,0
R061376,2
R078179,0
R040145,0
R001865,2
R033452,0
R013335,0
R008325,0
R034439,0
R027656,3
R072861,3
R034610,1
R068022,2
R067591,0
R078119,1
R083680,1
R079007,1
R061723,1
R024629,1
R048932,0
R070226,1
R020282,0
R068689,0
R081980,3
R052127,2
R015742,0
R026826,2
R013805,0
R070485,1
R033378,0
R070336,1
R094367,0
R038169,0
R011515,2
R036995,1
R023093,2
R034608,0
R080442,3
R096666,0
R025138,1
R057920,0
R096686,1
R065881,1
R030402,0
R066064,1
R045712,2
R034452,2
R062094,1
R049048,3
R083591,0
R022754,0
R058937,1
R055680,0
R059115,0
R016861,2
R016867,0
R003836,1
R078028,0
R049539,0
R057626,3
R028478,1
R091341,0
R027851,0
R034664,0
R059082,0
R031545,0
R008261,0
R013344,1
R004353,3
R042352,3
R077574,1
R068818,2
R000826,1
R083277,2
R061656,2
R099419,1
R087454,3
R075049,2
R075628,3
R092559,1
R088869,0
R074668,0
R054078,1
R001786,1
R087251,1
R056124,1
R040031,2
R012035,0
R029197,0
R004945,2
R082433,1
R042831,0
R095272,0
R093519,2
R006135,0
R066629,0
R020225,0
R004940,0
R022200,0
R054683,1
R076732,0
R072439,0
R004008,0
R089014,0
R020461,3
R034593,0
R008734,0
R041927,0
R079152,2
R094643,0
R007637,1
R097882,3
R015664,0
R006144,0
R055434,1
R060875,0
R010075,2
R082828,0
R022312,0
R090642,1
R089681,2
R024627,1
R036710,0
R038148,2
R027500,3
R077189,3
R052047,0
R097914,0
R081376,1
R099510,2
R077581,1
R075873,0
R076367,1
R086219,0
R080440,1
R016355,3
R012829,0
R081972,1
R080931,0
R090257,2
R081881,1
R099287,1
R083962,0
R080288,1
R003355,0
R073742,1
R088639,1
R035332,1
R081986,0
R087518,0
R052868,0
R033722,3
R058176,1
R026374,2
R061515,0
R088928,1
R089478,2
R069566,0
R084124,2
R094964,1
R009219,0
R007968,0
R096258,1
R059462,0
R023050,0
R033923,1
R015263,1
R008221,3
R027757,2
R054400,0
R091118,1
R075671,0
R065921,0
R075235,2
R063572,3
R026225,3
R069196,0
R078531,2
R095924,0
R099926,0
R052153,3
R072241,2
R039158,2
R070196,2
R030866,1
R039261,2
R000055,2
R049985,3
R045089,0
R037591,0
R069724,1
R012244,0
R000394,0
R017969,1
R019480,0
R012658,0
R050076,1
R077688,3
R070497,1
R055170,0
R017352,0
R011746,0
R094436,0
R037520,0
R058755,0
R033560,2
R020538,0
R005135,3
R058282,0
R074773,0
R006993,1
R054870,2
R032225,3
R022674,0
R065934,1
R066266,0
R094703,0
R077536,1
R035986,1
R091143,0
R058674,0
R089647,1
R047877,1
R015125,0
R008288,3
R029862,2
R056193,0
R093308,1
R047676,1
R043721,2
R091954,2
R011858,3
R032415,0
R040771,0
R043887,0
R043609,1
R079829,0
R033019,2
R070820,1
R007767,2
R000813,0
R021041,1
R021755,3
R026727,0
R026664,2
R085022,1
R078059,1
R069627,0
R008058,0
R061807,0
R033273,2
R026823,2
R009614,1
R057680,3
R085027,2
R020676,1
R087921,3
R073438,1
R052738,3
R051532,0
R025100,0
R031763,1
R053627,0
R034771,0
R008623,0
R043113,1
R060972,0
R004766,0
R026798,0
R042595,0
R033115,0
R062493,1
R063503,2
R011040,0
R045269,1
R084906,0
R064912,2
R012941,0
R023257,0
R040751,0
R022302,0
R054153,0
R069181,2
R035926,0
R065435,0
R003612,2
R097873,0
R044297,2
R034219,2
R069308,1
R031644,0
R035178,0
R038121,0
R019468,3
R048252,3
R042616,1
R023111,3
R023332,0
R034175,2
R031145,0
R070044,0
R093465,0
R005955,0
R064793,3
R087070,1
R062099,1
R075512,2
R050763,1
R048231,0
R009642,2
R045200,0
R079983,1
R085720,1
R060140,1
R017687,0
R021964,2
R065700,0
R020074,0
R060121,1
R031377,0
R056941,0
R074321,0
R081902,0
R025998,0
R002368,1
R081657,0
R077004,1
R090109,1
R031836,0
R019938,0
R040923,0
R055872,0
R025608,0
R063102,0
R056587,0
R037482,3
R069337,1
R068916,0
R009545,3
R091866,2
R022476,1
R022573,0
R000012,2
R090798,0
R079246,1
R099078,1
R063001,3
R051707,2
R051439,2
R043553,3
R037088,2
R084187,1
R032782,3
R050688,0
R077112,0
R044755,1
R028712,3
R044814,0
R000874,2
R055846,0
R015710,1
R061265,1
R033106,0
R033592,3
R089845,0
R083316,1
R041503,1
R099265,0
R067664,0
R031734,3
R059989,3
R020177,2
R090960,0
R051900,0
R030573,2
R030311,0
R026701,0
R069052,3
R031123,0
R090862,1
R064859,0
R057107,1
R095257,1
R050351,0
R053182,0
R063882,0
R053493,3
R072879,2
R003600,3
R066886,1
R066908,1
R021236,0
R032547,3
R080382,3
R042143,1
R012765,0
R044822,1
R023923,0
R045240,3
R008667,2
R094156,1
R064358,3
R058178,0
R063786,2
R062238,1
R082284,3
R034739,2
R027358,1
R058456,1
R072917,3
R079950,0
R069652,0
R005865,1
R020628,3
R051521,1
R029476,1
R010671,2
R018543,1
R032513,1
R059601,0
R013296,1
R096203,0
R020299,0
R065293,1
R096424,3
R013998,1
R058098,0
R022234,1
R047207,0
R048128,2
R092076,3
R028612,3
R037679,0
R031003,2
R063190,0
R029152,3
R028873,0
R006389,1
R059040,0
R039311,1
R035248,0
R047138,0
R094814,3
R085938,0
R096170,0
R013372,2
R064380,2
R018679,1
R058859,0
R078248,0
R052490,0
R060614,0
R077807,3
R015611,2
R089902,2
R000866,0
R072469,1
R075280,2
R003063,1
R080093,2
R099315,2
R066745,1
R044120,0
R062889,3
R006997,0
R089332,1
R088035,2
R016329,2
R087548,1
R073288,0
R057719,1
R032216,2
R090512,1
R097228,3
R021445,0
R068576,2
R074536,2
R024245,3
R055115,2
R006308,0
R027829,1
R007480,1
R056904,2
R047572,3
R091700,0
R051721,1
R017490,0
R002953,1
R070388,0
R062809,0
R055439,1
R091439,0
R085668,0
R016958,0
R011752,1
R091440,2
R066895,0
R081496,0
R079466,0
R016822,1
R091489,0
R059703,0
R047689,2
R092295,0
R044876,1
R065185,0
R055003,0
R017981,1
R062824,2
R078416,1
R014961,0
R025064,1
R088317,0
R058453,1
R079933,0
R047628,2
R002192,1
R098716,0
R046137,3
R050974,2
R095724,0
R022273,3
R060200,1
R066725,0
R080208,0
R092144,0
R009709,0
R087009,0
R012743,0
R004223,1
R053718,0
R093698,0
R095051,0
R048298,0
R057166,3
R082496,2
R036120,0
R077860,1
R078381,3
R010135,1
R049192,3
R020139,0
R018871,2
R049632,3
R004222,1
R085601,0
R066263,3
R096517,3
R046978,0
R093137,0
R092356,0
R069517,1
R089944,2
R012311,2
R002496,2
R084486,0
R001983,1
R058514,3
R068241,0
R019090,0
R031351,0
R017092,1
R064995,0
R080456,1
R015245,3
R092748,0
R007490,0
R013753,2
R084272,1
R031144,0
R069231,1
R045605,3
R087834,0
R032018,0
R077177,0
R088191,1
R035506,2
R084949,0
R074436,2
R048784,2
R055441,1
R027439,3
R005274,3
R025352,0
R073505,0
R037406,0
R060593,1
R059602,3
R097279,3
R063002,3
R065397,0
R014082,0
R030513,0
R063517,0
R033902,0
R011384,2
R009587,3
R002448,2
R057409,2
R026395,0
R094788,2
R028690,0
R081321,2
R015992,0
R074625,1
R043816,0
R074404,3
R074681,2
R021179,0
R043349,2
R089760,0
R066198,0
R012492,3
R075009,3
R067182,2
R047621,1
R084429,0
R019494,0
R052919,2
R057858,0
R022648,2
R022524,1
R073693,2
R040311,2
R068013,0
R052126,2
R018603,3
R009965,0
R029325,1
R033755,1
R017851,2
R060448,0
R048775,0
R081605,1
R068394,0
R041438,2
R011859,1
R045609,3
R039186,0
R043839,3
R057066,1
R002580,1
R085866,3
R000531,0
R071715,3
R076987,3
R023687,0
R078583,0
R056505,1
R064329,1
R088936,2
R088918,0
R053174,0
R084681,3
R073903,0
R061611,0
R028652,1
R081838,0
R093978,0
R099137,1
R010681,0
R018974,3
R083182,0
R034723,0
R020625,0
R015019,1
R018842,0
R058262,0
R039429,2
R064742,0
R018651,1
R034909,0
R022793,3
R020919,0
R074212,3
R037327,0
R093946,2
R005282,0
R093690,1
R028187,0
R098910,0
R087224,1
R088675,2
R046927,0
R032892,0
R092579,3
R024476,2
R012509,3
R084264,3
R018545,2
R012242,0
R011944,1
R033673,0
R021327,2
R026542,3
R010143,3
R021258,0
R045293,0
R015427,0
R029368,2
R071336,0
R059442,0
R028745,1
R093512,0
R080088,0
R076697,1
R034320,3
R097885,3
R054104,0
R086446,3
R053626,0
R093496,0
R080670,0
R014300,0
R003276,1
R022079,0
R094522,0
R093462,0
R043076,2
R002284,0
R003199,0
R070834,1
R084434,0
R024938,2
R090064,0
R036462,2
R062125,0
R088980,0
R041423,0
R042042,0
R062921,1
R007328,3
R062783,0
R011786,1
R077906,3
R059927,3
R019540,3
R016725,0
R066059,1
R079881,1
R071489,0
R059311,3
R056675,3
R091102,3
R018724,3
R018171,0
R075872,0
R051905,1
R069116,1
R051105,0
R072492,0
R007992,1
R076178,0
R027132,1
R011155,0
R016668,0
R093705,0
R006311,3
R039739,0
R053923,1
R082525,0
R042655,0
R090401,3
R034177,2
R021027,1
R080389,0
R015555,0
R035445,0
R092384,0
R047429,3
R075781,0
R027624,0
R040863,0
R014315,0
R046964,2
R024658,1
R048181,0
R044420,0
R067742,1
R084643,0
R070156,0
R094470,2
R063321,0
R099318,2
R008995,0
R018507,0
R026399,2
R092307,0
R042377,1
R043846,1
R012872,0
R039819,1
R067687,0
R056138,0
R060511,0
R043834,0
R092214,0
R026849,0
R011400,1
R059133,0
R036817,1
R056745,0
R005281,0
R073370,0
R052793,0
R072139,2
R093184,0
R059270,0
R009410,2
R076143,1
R056490,0
R086836,2
R059618,2
R074010,0
R084119,0
R097816,3
R097058,0
R051618,0
R081351,2
R095616,0
R007793,0
R047627,2
R012947,0
R082935,0
R049724,1
R009467,2
R008239,1
R039054,3
R025505,3
R047506,0
R070255,1
R072546,1
R055914,2
R076116,2
R042416,1
R091990,0
R004815,2
R015534,0
R045429,3
R013936,0
R052724,3
R037382,0
R009449,1
R015414,1
R001649,2
R030134,2
R056750,1
R076101,2
R016779,0
R027894,0
R034476,0
R090566,0
R074029,3
R087221,2
R037021,0
R041098,0
R041266,0
R013869,3
R005824,0
R088742,1
R059839,1
R009544,1
R071114,1
R039470,3
R079176,2
R010704,1
R018517,1
R014277,3
R050671,0
R023235,0
R021330,0
R064274,0
R094848,0
R079766,2
R024453,3
R020911,0
R028483,2
R054319,3
R054174,0
R079158,0
R050328,0
R018232,2
R020106,0
R078642,0
R095828,0
R011435,1
R086713,3
R051974,3
R057759,0
R098272,3
R060001,0
R049863,2
R087887,1
R076184,0
R037360,1
R035758,1
R054213,0
R041142,1
R038916,0
R073210,0
R048174,0
R030029,0
R007469,2
R073227,0
R005448,0
R043223,2
R049803,1
R092396,1
R024933,1
R068524,0
R018196,0
R052624,3
R023742,0
R058309,0
R054634,0
R038452,3
R004645,1
R034075,0
R036887,0
R028067,3
R008125,0
R046494,1
R051480,2
R049740,0
R041278,0
R014776,3
R040812,3
R084227,0
R091560,0
R046908,0
R025869,0
R019045,0
R047009,0
R068771,0
R078440,3
R001395,0
R081748,0
R068331,0
R088460,1
R046447,3
R087732,1
R023643,0
R062853,3
R059281,0
R037896,3
R066697,1
R008311,0
R011573,0
R078473,0
R098329,0
R022591,2
R074578,0
R055954,0
R065954,0
R097168,1
R012692,1
R080507,0
R026378,1
R057669,0
R065576,0
R096349,0
R060142,0
R037597,3
R015847,0
R015622,2
R081178,1
R070872,0
R013242,0
R032517,1
R008989,0
R096345,1
R080938,3
R089714,0
R025035,1
R074502,2
R088382,1
R082816,1
R045488,1
R018448,0
R067340,3
R098149,0
R017828,0
R072240,0
R063993,3
R091474,3
R060490,3
R088758,3
R092113,1
R079536,1
R059405,0
R043089,1
R059790,1
R043464,0
R088622,0
R061011,0
R059240,3
R007402,0
R088267,1
R036759,1
R054783,3
R028186,1
R071772,1
R068705,2
R068419,2
R040601,2
R086930,2
R039909,3
R015395,0
R004330,0
R071940,0
R043144,1
R002807,3
R095092,1
R060427,0
R095555,0
R063205,1
R089193,1
R012959,0
R000920,0
R079958,0
R017492,2
R044667,1
R000934,2
R003198,2
R040705,3
R070300,1
R014774,3
R025013,0
R098505,1
R081680,0
R044069,0
R042055,1
R038615,2
R025375,0
R088656,1
R086779,2
R095778,0
R094516,2
R073859,1
R027767,2
R025539,3
R082729,1
R038811,1
R092532,3
R075786,0
R072580,3
R075790,2
R001730,2
R059324,3
R015230,1
R049154,1
R070240,1
R055154,0
R088536,1
R024413,0
R060895,0
R050224,3
R009935,2
R057715,0
R043099,1
R067261,0
R045888,1
R051434,2
R016191,2
R089893,0
R070629,0
R054824,0
R018775,2
R021699,3
R067556,1
R073924,3
R098777,2
R003310,2
R027835,3
R091209,0
R058510,0
R014476,2
R027904,2
R009013,0
R031839,1
R026127,1
R087395,0
R027456,1
R036997,0
R080622,0
R086783,2
R061413,2
R045484,1
R023254,3
R074947,1
R010431,2
R002029,0
R060059,0
R096617,2
R040739,0
R070179,1
R065687,1
R016232,2
R041397,2
R026513,0
R002962,0
R043135,2
R075358,1
R024285,1
R071865,3
R080122,2
R071976,1
R067968,1
R078068,1
R084374,0
R036949,0
R048920,3
R038691,1
R082018,0
R014070,0
R086991,0
R091298,1
R025516,0
R093634,3
R099847,3
R050704,0
R045543,2
R046204,0
R048293,2
R034761,0
R023670,2
R004693,1
R047700,0
R094187,2
R051858,0
R031240,2
R029338,2
R048909,2
R076637,0
R015285,1
R066752,3
R038939,0
R041670,0
R034216,0
R068866,0
R002280,1
R059132,1
R078589,0
R071840,1
R010675,1
R092362,0
R091233,3
R075519,1
R009422,0
R018829,0
R055073,0
R047818,0
R014660,0
R064648,0
R076960,3
R030087,1
R018349,3
R016253,3
R048009,1
R087152,0
R097802,3
R049236,3
R048714,2
R015933,2
R043150,2
R003380,0
R021640,1
R070742,0
R091759,1
R053151,3
R095664,1
R068424,0
R099071,1
R071914,0
R067115,2
R044043,3
R060684,0
R043599,1
R048054,0
R080916,3
R044285,1
R023994,0
R056622,0
R029175,0
R001740,1
R001770,0
R039363,0
R057853,0
R009582,0
R076851,0
R002768,1
R098527,1
R004487,1
R028201,0
R000322,1
R086750,0
R005148,0
R084816,1
R069260,3
R040958,0
R059912,2
R065173,3
R045085,0
R049647,2
R065220,3
R007096,2
R066120,1
R080023,0
R045294,1
R028320,3
R023024,1
R060638,2
R030900,3
R010057,0
R063758,3
R001278,1
R083411,3
R084113,2
R033217,0
R099126,0
R042713,1
R057059,0
R036791,1
R096152,0
R018574,3
R061691,2
R054927,0
R096292,0
R067646,0
R023220,0
R044008,0
R096780,1
R041162,3
R018030,1
R051537,1
R084948,0
R078897,1
R071009,1
R000204,1
R025578,0
R021051,1
R013783,0
R094515,2
R032525,1
R071782,1
R013343,0
R078957,0
R036761,3
R013586,2
R068167,0
R007351,1
R084693,0
R059923,1
R070135,0
R009884,0
R055392,2
R059831,3
R022049,0
R003672,0
R072473,1
R099431,2
R050877,0
R039607,0
R065606,0
R030599,0
R046479,3
R074936,0
R048361,2
R086901,2
R018689,0
R021974,1
R092216,1
R085935,1
R035253,0
R055829,2
R040617,1
R093751,0
R010382,0
R051378,1
R052958,1
R039776,2
R016870,0
R070458,1
R033608,0
R015692,1
R001430,0
R039428,0
R070465,3
R017222,1
R086843,3
R041220,0
R054044,2
R046695,0
R054093,2
R021095,1
R052225,0
R021144,0
R093224,2
R067038,0
R019411,1
R003007,0
R016924,3
R092714,1
R038308,0
R009971,0
R056365,0
R054857,3
R018928,1
R083017,0
R028717,0
R014589,0
R046698,3
R043958,2
R041254,1
R048422,1
R075017,3
R020445,0
R079529,2
R035554,0
R089415,0
R070792,0
R019565,2
R035190,3
R012778,1
R020134,0
R090019,0
R084204,3
R041263,3
R007563,0
R076801,3
R045645,0
R034959,0
R096929,1
R013620,0
R076772,0
R033272,0
R072018,3
R062864,0
R069325,3
R073430,0
R063842,0
R005426,0
R038220,1
R018961,0
R088366,1
R026865,0
R054826,1
R023910,2
R021497,3
R068856,0
R044168,0
R026009,1
R039486,0
R097633,0
R049807,0
R049883,3
R066986,0
R017649,1
R086184,1
R080904,1
R013202,1
R007388,1
R012939,1
R036113,1
R032356,1
R055765,0
R067075,3
R056371,0
R030241,0
R035902,0
R015940,0
R007587,3
R021471,0
R099936,1
R046762,3
R038574,0
R058251,3
R043873,1
R079236,3
R044787,1
R071305,3
R001359,3
R061486,0
R044841,0
R076414,1
R078174,0
R090179,1
R049810,0
R018741,0
R047384,0
R070052,1
R025845,3
R047606,0
R049216,2
R084672,0
R062127,1
R067654,3
R058980,0
R060565,0
R015778,0
R030859,0
R079598,3
R053207,3
R089805,1
R064611,0
R027366,2
R095888,0
R072765,1
R003029,3
R050929,1
R084546,3
R097541,0
R044943,1
R088943,2
R071920,0
R030278,0
R052396,0
R028788,2
R018781,3
R033904,1
R094318,0
R087413,0
R051336,3
R079760,2
R030621,0
R029835,2
R086627,1
R038941,1
R074727,3
R093341,1
R053007,3
R095005,1
R082824,1
R056829,1
R059834,1
R027916,2
R051017,3
R087919,2
R014651,2
R058080,2
R097165,1
R026315,1
R030802,1
R017708,1
R058522,0
R061695,0
R089682,0
R037537,2
R095391,3
R037036,0
R010114,0
R017728,0
R023123,1
R065716,1
R009520,1
R057768,3
R075524,0
R098872,0
R086331,1
R074315,0
R060765,0
R074254,0
R026876,0
R075973,2
R002947,3
R049605,2
R001544,1
R070871,3
R095432,0
R043210,2
R085340,0
R038960,1
R014949,1
R050858,2
R092285,3
R022392,3
R075722,3
R001131,1
R000147,0
R081559,0
R058678,2
R038014,2
R082618,2
R006831,0
R097226,2
R004899,0
R082330,0
R053984,3
R085414,0
R006485,2
R004229,0
R039346,0
R065815,2
R021094,0
R027674,0
R031105,1
R031219,0
R066180,0
R037144,0
R042212,0
R088879,0
R075486,1
R061462,1
R085665,0
R040194,2
R093555,2
R074735,1
R070084,0
R023518,0
R075626,0
R073203,0
R084599,0
R032523,3
R052545,1
R071597,0
R027538,0
R097558,0
R098510,0
R022291,1
R030009,0
R026486,0
R013082,3
R082692,0
R079198,3
R025467,0
R037998,3
R025476,0
R043344,2
R048471,2
R085125,3
R016690,0
R044091,1
R039208,2
R001033,3
R020463,0
R061861,3
R038366,0
R052812,1
R055934,3
R046830,2
R020314,1
R015948,0
R026337,0
R088131,0
R034243,0
R026358,3
R012899,0
R091460,1
R090908,1
R081009,1
R019523,3
R003547,2
R056232,0
R013453,1
R067755,1
R041770,2
R086912,1
R074841,0
R042481,0
R061561,0
R088325,0
R079540,0
R097980,1
R022829,0
R032736,1
R037103,3
R075283,1
R065366,1
R047583,1
R080179,3
R071696,3
R096124,2
R095246,0
R098551,1
R028302,3
R032116,1
R080020,1
R095811,0
R041471,0
R000650,0
R030772,1
R078056,0
R035745,3
R013463,0
R033198,3
R059235,2
R083616,2
R091972,0
R010935,1
R021166,1
R014268,1
R066428,0
R083434,0
R085077,0
R033213,0
R023150,3
R010920,1
R036803,0
R027343,1
R022363,0
R001864,1
R039880,1
R097794,3
R010577,0
R096820,2
R099009,0
R001603,1
R024116,0
R098847,0
R079653,1
R086749,3
R050485,0
R094870,2
R030467,2
R081994,3
R083072,3
R074089,0
R021219,1
R086598,3
R046567,0
R099721,0
R024971,0
R075930,1
R036029,2
R094268,3
R006384,0
R073364,0
R062908,3
R025537,1
R046446,2
R090361,0
R083030,0
R030243,3
R084571,2
R090812,1
R083402,2
R065781,3
R036288,2
R062862,0
R082081,2
R041356,1
R034325,2
R071046,1
R018645,0
R036712,3
R069575,1
R024596,0
R013362,3
R016828,0
R001042,0
R029938,2
R054490,0
R045511,3
R078878,1
R051712,0
R008596,0
R015853,1
R083634,1
R077908,3
R030277,0
R016035,0
R024670,0
R044220,1
R038251,0
R027055,0
R024048,1
R022633,2
R017998,1
R081747,0
R025992,2
R003694,3
R073501,0
R050340,0
R019811,2
R065983,0
R045000,0
R012601,2
R000764,1
R029816,2
R081208,0
R090435,0
R020183,0
R067117,1
R016901,1
R083998,0
R023817,3
R065644,3
R065999,0
R065906,0
R088206,0
R067645,0
R091846,0
R097353,1
R051429,1
R055296,0
R013943,1
R014874,0
R070816,2
R027383,3
R027016,0
R099817,0
R088294,3
R099621,2
R032803,1
R043831,0
R086464,0
R051044,3
R033584,0
R002960,0
R048325,2
R001020,3
R092035,3
R013221,3
R054638,2
R024225,0
R047259,3
R019026,1
R046732,0
R054151,0
R038329,2
R080435,3
R040861,0
R062906,1
R011831,1
R046506,0
R070712,1
R000138,3
R018979,3
R093177,2
R093089,0
R013881,0
R068515,0
R074338,2
R087052,2
R023013,1
R021616,1
R043330,1
R078026,0
R055702,2
R011897,3
R087317,1
R091093,1
R091706,0
R095735,1
R048864,0
R024097,3
R046818,0
R042627,0
R012072,0
R089341,0
R089729,0
R032052,1
R099892,0
R056034,3
R060296,2
R004297,0
R009489,0
R071452,0
R032830,3
R006236,0
R003426,2
R061447,2
R006023,0
R012493,1
R067263,0
R043158,2
R026247,3
R099747,0
R097785,0
R016923,0
R056959,0
R051003,1
R080083,0
R074070,0
R077063,0
R014283,3
R020695,0
R081623,0
R068495,0
R029051,2
R089432,0
R015289,1
R005005,0
R010197,0
R012533,3
R049152,0
R085592,0
R087342,0
R066374,0
R094990,1
R068066,0
R070347,1
R092889,2
R017253,0
R061348,1
R029844,0
R017692,1
R085367,0
R073890,1
R040605,1
R036107,2
R005463,1
R062455,1
R086297,3
R035010,0
R058156,0
R077822,0
R018899,0
R099519,0
R054573,2
R020035,1
R032215,1
R086876,1
R072353,1
R098596,0
R019466,0
R019809,1
R099545,0
R014178,2
R045031,0
R070070,0
R028242,0
R073047,0
R038353,2
R001442,1
R021402,0
R059630,2
R060319,3
R091962,0
R014609,1
R064135,0
R058006,2
R093094,3
R096087,0
R058359,2
R006047,0
R024752,1
R068573,1
R065230,3
R002850,2
R066282,2
R093722,0
R059419,0
R014853,3
R097057,0
R036238,3
R063881,0
R082442,0
R057436,0
R042896,2
R072989,0
R068534,1
R082798,1
R025055,3
R004387,1
R050288,1
R043397,0
R011261,0
R019787,0
R074736,2
R035289,3
R058541,1
R047496,0
R063409,0
R090483,1
R048253,1
R017755,3
R084877,0
R078965,0
R013322,0
R049097,3
R024129,1
R008588,0
R006539,2
R046351,0
R089293,1
R018022,3
R045762,1
R098055,1
R014022,3
R049067,0
R021312,1
R085198,0
R004321,0
R014727,2
R022939,0
R087459,0
R078951,0
R051177,0
R049891,3
R043826,2
R070105,1
R086475,2
R087451,1
R045167,1
R063078,2
R039298,1
R019035,0
R091914,1
R068901,0
R091803,0
R001784,1
R000840,2
R055218,0
R000151,0
R019381,1
R052114,1
R001182,0
R015822,0
R003626,3
R051350,0
R096229,0
R082297,2
R054600,3
R041810,1
R044054,2
R035791,3
R065093,0
R087117,1
R045570,1
R081967,3
R006084,0
R078481,0
R057925,0
R080818,0
R039350,0
R067357,1
R068248,0
R098867,0
R022696,2
R009309,0
R036525,2
R054423,1
R040704,0
R036382,1
R025305,2
R087417,0
R098201,2
R001104,0
R064352,3
R092410,3
R036474,1
R036131,0
R073867,0
R037062,1
R091713,0
R033548,3
R036931,0
R070032,0
R008915,1
R006627,0
R083453,2
R055025,1
R008390,3
R087840,0
R016680,3
R024497,3
R069567,1
R098483,0
R097414,1
R054982,2
R022496,3
R028502,0
R084266,1
R031950,1
R020406,0
R036578,0
R085548,2
R055886,3
R076205,0
R055888,2
R026481,0
R007935,2
R044666,0
R050281,0
R043776,0
R076244,3
R012107,0
R012674,0
R091187,1
R097721,1
R034793,0
R074139,0
R085842,0
R023046,1
R061056,0
R051292,0
R045901,1
R030501,2
R054986,2
R062979,0
R055314,3
R050969,0
R009657,0
R045771,2
R062102,3
R015704,1
R025475,0
R048030,0
R000082,0
R065895,1
R046189,1
R090449,0
R020368,2
R063533,1
R094939,0
R048606,0
R057852,1
R053644,0
R067143,1
R099991,2
R003182,3
R000454,0
R016376,1
R098854,1
R009513,0
R017695,0
R057984,2
R052430,0
R099784,2
R066349,0
R079721,3
R039481,0
R051092,1
R087806,0
R029141,2
R004315,2
R006460,2
R075563,0
R011903,0
R061574,0
R035104,0
R058849,1
R037333,1
R000586,3
R051628,3
R089775,0
R068192,0
R000553,0
R021479,0
R087247,3
R064884,1
R050853,0
R054948,1
R045206,2
R083689,2
R070270,0
R067554,0
R035230,2
R002344,0
R023176,2
R046066,2
R025485,0
R090791,2
R009579,3
R075646,1
R023883,1
R033840,1
R062512,1
R029202,3
R065858,0
R093084,1
R061012,2
R066530,1
R003129,2
R075750,0
R035628,0
R042705,1
R056019,2
R003436,2
R076895,2
R029704,0
R097133,0
R076916,0
R048185,2
R058788,1
R028774,1
R091130,2
R025793,0
R032319,0
R049741,2
R051034,0
R001650,0
R012201,2
R068047,1
R010035,2
R003120,0
R019455,0
R097175,0
R089464,0
R081709,1
R084805,2
R013118,1
R007876,0
R030781,0
R014681,0
R061501,0
R033516,3
R028930,0
R098120,1
R092824,1
R030635,0
R035564,1
R056550,3
R007076,2
R023321,0
R081955,1
R012060,0
R064264,0
R082615,0
R011203,0
R088984,0
R089698,2
R055539,0
R073326,0
R000384,1
R053239,0
R084945,0
R089082,2
R009500,2
R066026,2
R068112,0
R027574,1
R099156,0
R041301,1
R077982,0
R042527,2
R082866,1
R067785,0
R039742,0
R051949,2
R060096,3
R038267,0
R054765,1
R046466,1
R029845,0
R071280,0
R022794,0
R065111,0
R081069,2
R085910,0
R087315,2
R041813,1
R071650,1
R015922,0
R035246,3
R090651,2
R049670,2
R028203,0
R018083,3
R068820,0
R016640,0
R083095,0
R021765,0
R049221,1
R072857,2
R089267,0
R044504,2
R063716,0
R016506,1
R040804,0
R054879,2
R040876,2
R086722,2
R022897,0
R086721,1
R029360,0
R024597,0
R089428,2
R032176,3
R086053,0
R024380,1
R088371,1
R049102,1
R099789,2
R042220,3
R011061,3
R081455,0
R070843,0
R011637,0
R097744,0
R013469,3
R006452,0
R081658,3
R010272,0
R010257,3
R033589,0
R069870,3
R097667,3
R058067,0
R056651,2
R039536,0
R071951,1
R045219,0
R077720,3
R037640,1
R004769,3
R014437,2
R025141,1
R099873,1
R048781,0
R021930,0
R053468,1
R099670,1
R085637,0
R071176,3
R096627,1
R080728,0
R074797,3
R047632,2
R085627,1
R068209,1
R029095,1
R006133,3
R041830,2
R068053,1
R003337,1
R050760,3
R020479,0
R032339,1
R029685,1
R032928,0
R044037,1
R004738,1
R009142,3
R037583,1
R033110,2
R009325,1
R002495,0
R054777,0
R063650,3
R098773,3
R036050,1
R006474,1
R097727,2
R047209,1
R074695,2
R008067,0
R071958,3
R005551,0
R059783,0
R022303,2
R069409,3
R001954,1
R074247,3
R028584,1
R060031,0
R069476,0
R024229,2
R052422,0
R099800,0
R072598,0
R020472,0
R081591,3
R024159,1
R002136,0
R098539,0
R025217,1
R091690,1
R010872,0
R065110,1
R016286,0
R048126,0
R028572,0
R071070,2
R077569,1
R018794,0
R029830,2
R060501,3
R048646,0
R070420,2
R007420,1
R032724,1
R049481,0
R002286,3
R094750,0
R003972,0
R083022,1
R058800,0
R062131,3
R036056,1
R061458,1
R053889,3
R043975,1
R039842,3
R071846,1
R044483,2
R022894,0
R089312,0
R033527,1
R034008,1
R092174,2
R039190,0
R001176,1
R042641,3
R075079,0
R006196,1
R054098,1
R091900,2
R004472,0
R041360,1
R087343,0
R041590,1
R070852,0
R039900,0
R074144,0
R032557,0
R026310,2
R003346,0
R010083,0
R061469,2
R051260,0
R085493,3
R067187,0
R027394,0
R030279,0
R047906,0
R088650,0
R058341,0
R008557,0
R080605,3
R034481,2
R086708,1
R049144,0
R025192,1
R074901,1
R054440,1
R094867,0
R041800,3
R055285,3
R033737,3
R037700,0
R062662,0
R011504,0
R025912,1
R089382,0
R062850,1
R041110,2
R038286,3
R086720,1
R023779,0
R042505,2
R072476,1
R054082,1
R006219,0
R095625,0
R039459,0
R095698,0
R008463,0
R042030,0
R090673,0
R090897,1
R002354,3
R089488,0
R034579,2
R017710,0
R041106,0
R092589,0
R007066,1
R068632,0
R086335,1
R006465,0
R024994,2
R006470,0
R096262,2
R004720,1
R022394,0
R057381,3
R020009,0
R091844,2
R088835,1
R052171,0
R033130,0
R023450,2
R081325,0
R059046,0
R072730,3
R005451,0
R065779,0
R018845,0
R087289,0
R011493,2
R064720,2
R068799,3
R088523,0
R093659,3
R030842,0
R019559,0
R078419,0
R074004,2
R051600,0
R092381,0
R010721,0
R066181,0
R094193,2
R086208,1
R061742,1
R053979,0
R067987,1
R082091,0
R053277,2
R069163,2
R077289,0
R007947,0
R022830,2
R017343,0
R098469,0
R045996,0
R021447,1
R093051,2
R089547,2
R017370,3
R070918,0
R069158,0
R067746,0
R079713,0
R096915,0
R002557,3
R063290,1
R085590,2
R027671,1
R055989,0
R053085,1
R036227,0
R071151,0
R030163,2
R059348,3
R002175,0
R085256,1
R009089,0
R092122,0
R061575,3
R090758,0
R048967,0
R025506,3
R094784,1
R034509,0
R010189,0
R075404,1
R077562,0
R089122,0
R017658,2
R022127,1
R006273,2
R004006,0
R089986,0
R022089,0
R006476,1
R054128,2
R078908,0
R013275,0
R027714,0
R034419,2
R066158,1
R092168,2
R057977,0
R025970,2
R068817,3
R000587,0
R025632,0
R001057,0
R039050,2
R000292,2
R071633,1
R052535,1
R039857,1
R060156,1
R037012,0
R075689,0
R044923,0
R043137,0
R037400,0
R049007,1
R045579,0
R090422,2
R006328,3
R056754,0
R087923,1
R098232,0
R059702,0
R008350,1
R015676,2
R050731,0
R024270,0
R066204,0
R041969,0
R011967,0
R041926,2
R045225,1
R002155,1
R019420,0
R091534,0
R083028,0
R000035,1
R053469,0
R015273,3
R093430,2
R058382,1
R094745,0
R026162,0
R047849,1
R012294,2
R002707,0
R079954,1
R085527,1
R055394,3
R039884,0
R052148,0
R003255,1
R073731,0
R053171,1
R054072,2
R010343,2
R069691,0
R098806,0
R034103,3
R006994,0
R033677,0
R092323,0
R094429,1
R054084,3
R033208,1
R080801,0
R068614,0
R003197,3
R032229,1
R046389,1
R001088,3
R050322,0
R071886,2
R030495,1
R005513,0
R005481,0
R074462,1
R093563,1
R002543,1
R034497,2
R033470,1
R000853,0
R005379,0
R046384,1
R068637,2
R021566,3
R061032,1
R018298,0
R026546,1
R090365,0
R016702,0
R091125,1
R085101,1
R042199,0
R074163,1
R066500,1
R014977,0
R004395,1
R002687,2
R019730,2
R018532,1
R003396,1
R040447,0
R009028,3
R054313,2
R025553,0
R009516,1
R055228,0
R071219,3
R001204,0
R004050,3
R070887,0
R062563,1
R040738,1
R099420,2
R022164,0
R040927,0
R068684,3
R044501,1
R053757,1
R088288,2
R068150,1
R033355,1
R047427,2
R098903,0
R048789,3
R031578,3
R033487,0
R077040,0
R094932,0
R041628,0
R008150,3
R045591,1
R057211,0
R035084,0
R026277,2
R029470,1
R035187,3
R074543,3
R089616,1
R007010,3
R057914,1
R099281,1
R068855,3
R084746,1
R037185,3
R088180,0
R042172,2
R046549,3
R004728,0
R040005,1
R098282,1
R022301,2
R030355,3
R025262,1
R095560,2
R080161,1
R032059,3
R013274,2
R013756,2
R073899,3
R048235,1
R056392,0
R005407,1
R017719,2
R040404,0
R036235,0
R055614,3
R081381,3
R087776,1
R086423,2
R070170,0
R033858,0
R075105,0
R023414,2
R096127,0
R027051,3
R023421,0
R051477,0
R027892,1
R092979,1
R050655,0
R010625,0
R074870,3
R085081,0
R042601,0
R098579,0
R023203,0
R053062,0
R086199,0
R023961,1
R028993,1
R012482,3
R033940,0
R017913,3
R082805,3
R060612,0
R084881,2
R063696,0
R076850,2
R026656,0
R046706,0
R055650,0
R084141,0
R048535,1
R068155,0
R089927,2
R054788,0
R044945,1
R026461,0
R008724,1
R012222,2
R024551,0
R039273,3
R004117,2
R084956,2
R065196,3
R016532,1
R084917,1
R091781,2
R016560,0
R028071,2
R028341,0
R045063,3
R086772,1
R074577,2
R073641,3
R067505,0
R058384,0
R002942,2
R050099,0
R059238,0
R036258,1
R035432,2
R068438,3
R088155,2
R025302,0
R057103,0
R074090,1
R040107,0
R007228,3
R015690,0
R043725,0
R026297,0
R092941,3
R009235,3
R071407,1
R069050,3
R079458,0
R079705,0
R091127,0
R031506,3
R054289,2
R062334,3
R013020,1
R087078,2
R082836,0
R025494,0
R006398,0
R091486,1
R064678,2
R079254,1
R048215,3
R007457,3
R074464,3
R066890,1
R029329,0
R026886,0
R040953,1
R096031,0
R087879,1
R007111,1
R014502,3
R002120,1
R006256,0
R083887,1
R075915,0
R095043,0
R088871,0
R017894,0
R005464,0
R022322,1
R095951,0
R028733,2
R086871,2
R028144,0
R023702,0
R097745,0
R036274,0
R072555,1
R088828,1
R043802,0
R061084,1
R080071,2
R066231,3
R086030,1
R035071,1
R004711,0
R060779,0
R051085,2
R068597,3
R033793,0
R022182,2
R030228,1
R098198,2
R091039,3
R068376,0
R088138,1
R035158,1
R067081,0
R096935,0
R095669,0
R039352,0
R005699,0
R022400,0
R067011,2
R036221,1
R092460,1
R030342,0
R030655,0
R002316,3
R041771,0
R038965,0
R092951,0
R072143,0
R016445,0
R035688,0
R059193,0
R053310,2
R062213,0
R004011,2
R026576,2
R068024,1
R064829,1
R045383,3
R060327,1
R077976,1
R056123,0
R033897,1
R002035,0
R034841,0
R001624,1
R010756,1
R014432,0
R028193,2
R006977,2
R047764,1
R057194,0
R017817,0
R044373,0
R029757,1
R059011,2
R059782,2
R016542,0
R082017,2
R050220,2
R054334,0
R018236,3
R046210,1
R009071,0
R032511,3
R015708,3
R059041,1
R049939,0
R065469,1
R099400,1
R019427,2
R077316,2
R081490,3
R042464,0
R022884,0
R021719,1
R049403,0
R084334,3
R052606,0
R059738,0
R091592,0
R039617,1
R056421,1
R083954,3
R021323,0
R055678,0
R063822,1
R004712,2
R081695,3
R062958,3
R034827,2
R013376,2
R035780,2
R005123,0
R028384,3
R022024,2
R070224,3
R070746,2
R074857,0
R050011,3
R009895,0
R065054,3
R036948,3
R058068,0
R020681,0
R009033,1
R029494,3
R008099,1
R076903,1
R049368,0
R065654,1
R099132,1
R098614,0
R054376,0
R026738,3
R046093,3
R092311,2
R027799,0
R037174,2
R034662,0
R024044,3
R050681,3
R042254,0
R024376,0
R004524,0
R049284,2
R044296,3
R042747,0
R063813,0
R079837,2
R021748,0
R013924,0
R056871,0
R078936,0
R067596,3
R081712,2
R089378,0
R058530,0
R043682,3
R078817,0
R081210,3
R021992,0
R040866,1
R072697,0
R011059,3
R075819,2
R092056,0
R061188,0
R028664,1
R084706,0
R058560,2
R064748,3
R038756,0
R003301,0
R060354,2
R041844,1
R005992,1
R097095,0
R030871,1
R083265,0
R087060,1
R075260,3
R006207,1
R094830,1
R082578,1
R066601,2
R070633,0
R066250,2
R038260,0
R013161,1
R007727,2
R042310,3
R010392,0
R083443,0
R078654,2
R061068,3
R086852,0
R030106,1
R029196,0
R096689,3
R071776,0
R041145,1
R090393,3
R024175,3
R068457,0
R037408,0
R034370,2
R007678,0
R083667,3
R030857,2
R099084,0
R058773,3
R050962,2
R083592,0
R043922,0
R012522,0
R092130,1
R059245,2
R001790,0
R056366,2
R038151,2
R040726,0
R014728,3
R041210,2
R070763,2
R091154,1
R064894,2
R088376,0
R053949,1
R099404,0
R068742,3
R024150,3
R060935,3
R078427,3
R099575,3
R026659,1
R084329,0
R039137,0
R017175,1
R004361,3
R092463,0
R091755,1
R085738,0
R055772,1
R000182,2
R097035,0
R007322,1
R023770,0
R035214,1
R090200,3
R063048,0
R056486,0
R003409,3
R070921,0
R050715,0
R039388,1
R053177,0
R072392,1
R035132,0
R052922,1
R082103,0
R082547,0
R003347,1
R038294,2
R058790,0
R060506,0
R048125,0
R055594,1
R030874,3
R048081,0
R093607,2
R075729,0
R013266,1
R022552,1
R003606,0
R073531,0
R005853,1
R050165,1
R025826,0
R061582,0
R015188,0
R031192,2
R003669,1
R045363,0
R023333,3
R020022,0
R048889,3
R044494,0
R017686,2
R092630,0
R070075,0
R074277,1
R048499,0
R089190,1
R052888,0
R091513,1
R055286,1
R015842,3
R059763,1
R026419,2
R011189,0
R090489,3
R092440,1
R013165,0
R073462,0
R085535,1
R036779,2
R091007,3
R056101,0
R076828,2
R002920,0
R059635,1
R082779,0
R055525,1
R047988,0
R095480,2
R046769,1
R016708,0
R016093,1
R069784,1
R028618,2
R084181,1
R034196,0
R048832,1
R022822,0
R007901,0
R059689,2
R068482,0
R044948,1
R041379,0
R095252,0
R008168,3
R023843,1
R066873,1
R082376,0
R084082,2
R002201,0
R067005,3
R080146,2
R072575,0
R063485,2
R097636,0
R058871,3
R042568,0
R070765,0
R052575,0
R086958,1
R027277,0
R068991,0
R001053,0
R008476,2
R058942,3
R024435,1
R001335,0
R091377,0
R070074,2
R057457,0
R074234,1
R095040,0
R070054,0
R061467,3
R011177,3
R077031,3
R094215,1
R080760,0
R034015,2
R003296,1
R001173,0
R062733,1
R077871,0
R090594,0
R094385,0
R065114,2
R099098,1
R000935,0
R082734,0
R038675,0
R091017,3
R073766,1
R079450,0
R018499,1
R031258,3
R078301,0
R009575,2
R064498,0
R094985,2
R016164,0
R051047,0
R050795,0
R085939,3
R008680,1
R013838,0
R076567,3
R049183,3
R006409,0
R049407,3
R098568,0
R093546,3
R097003,0
R041323,3
R033658,3
R019158,3
R010682,1
R025334,3
R065421,2
R066460,1
R008818,0
R005742,1
R020025,3
R096468,1
R064878,3
R017930,1
R038097,0
R032700,0
R036105,2
R089434,0
R055346,0
R002761,3
R056077,2
R088154,0
R082886,0
R041011,0
R021359,3
R015970,0
R052331,1
R004849,1
R051091,0
R045607,0
R004668,0
R003714,1
R021029,1
R014788,1
R010595,1
R072383,1
R097726,3
R061694,0
R019943,3
R095090,2
R042821,3
R008917,0
R072755,0
R011999,0
R057376,2
R087440,2
R045566,3
R084352,0
R077272,2
R062331,2
R037988,3
R017171,0
R088706,2
R007803,3
R063661,2
R067588,0
R028913,3
R072984,3
R052135,3
R098018,3
R051530,1
R018172,0
R058319,3
R047108,0
R034549,1
R091267,0
R082632,0
R088292,2
R019669,1
R035944,2
R087007,2
R040802,3
R043291,0
R048706,2
R094715,0
R097470,3
R061996,3
R089285,3
R003726,0
R056859,3
R073367,0
R059222,0
R050908,2
R069777,3
R082464,2
R042766,0
R054507,2
R064269,0
R003437,0
R057427,0
R054681,0
R084035,0
R067557,0
R032500,3
R006079,3
R036353,1
R003505,0
R005235,2
R097965,0
R077290,0
R095966,3
R040515,0
R081265,0
R012048,3
R022232,1
R024840,0
R014626,0
R058699,0
R039066,3
R099599,3
R064687,0
R010072,1
R063188,1
R007199,0
R038318,1
R095046,1
R079395,1
R031863,3
R080723,1
R076740,1
R085956,0
R062395,0
R006957,2
R016190,0
R074544,2
R006276,0
R094945,2
R009702,2
R000439,3
R089567,3
R002783,1
R090423,3
R008303,2
R054253,0
R088388,1
R075076,1
R067831,2
R067444,1
R057359,1
R079755,3
R079516,0
R090472,1
R090097,0
R025264,0
R039179,0
R047095,1
R027610,1
R096984,1
R040386,1
R057185,1
R024447,0
R070915,3
R001072,0
R008810,0
R015512,0
R005797,1
R079017,1
R058691,3
R010769,2
R045140,0
R043412,2
R002907,3
R097516,3
R015247,1
R019139,2
R062461,0
R069899,3
R090987,2
R092078,1
R029764,2
R076577,0
R004020,1
R005909,0
R081983,1
R042512,1
R035405,0
R005314,2
R026145,3
R056041,3
R047398,0
R092832,1
R044151,3
R004620,3
R020184,0
R059334,1
R018509,0
R040803,0
R008298,2
R026377,0
R078485,0
R031972,3
R066776,0
R073071,0
R049524,0
R037455,2
R067250,1
R028371,2
R019600,1
R064198,0
R004753,0
R092138,2
R006514,1
R094324,1
R034195,2
R086789,3
R029297,3
R053407,2
R073749,2
R061697,0
R024200,1
R046653,3
R033173,1
R037032,2
R026119,0
R096054,2
R048466,3
R024340,1
R082206,0
R048419,1
R002226,0
R002230,0
R091723,0
R098261,0
R084714,2
R056915,2
R081378,2
R050736,2
R059210,2
R076045,0
R069947,3
R013085,1
R069596,0
R058149,0
R012370,3
R047359,0
R011387,0
R077101,0
R074132,0
R022253,2
R068896,2
R052808,0
R023909,0
R086334,3
R030247,2
R072779,3
R030056,0
R013116,0
R070176,0
R014951,0
R054536,3
R058858,0
R058201,3
R046905,1
R053562,0
R023339,0
R077167,3
R028022,1
R011963,1
R058531,1
R086798,0
R034742,0
R095926,0
R077956,2
R085760,0
R098562,1
R089987,1
R077934,3
R021553,2
R098346,0
R049304,0
R027968,1
R096212,0
R060793,0
R065573,0
R065572,1
R009231,0
R037369,0
R007921,2
R081631,1
R096973,0
R058543,1
R008180,0
R094884,0
R098798,1
R008521,1
R075428,1
R058354,2
R061502,3
R041540,1
R051862,1
R072030,0
R090135,0
R000164,1
R000916,0
R094587,0
R087607,0
R058161,0
R082826,0
R057017,1
R030861,0
R003006,0
R066439,1
R063000,0
R026904,0
R024166,2
R078770,1
R014753,0
R093020,3
R075919,0
R047320,1
R086848,2
R086904,3
R016229,3
R089339,2
R069623,0
R007600,2
R031753,0
R081727,0
R066920,0
R006342,0
R010543,3
R062431,1
R066917,0
R078762,3
R098878,2
R077029,0
R076676,0
R039207,1
R008748,3
R037357,0
R067409,2
R061703,3
R036998,1
R027355,0
R024282,0
R058636,2
R097437,0
R003445,0
R021437,1
R091169,0
R030100,0
R051806,1
R092189,3
R041653,0
R006721,0
R058967,2
R031542,0
R004138,0
R090667,3
R041884,1
R032823,0
R087041,1
R083199,3
R004658,0
R022699,0
R003540,1
R061393,0
R002139,0
R074697,2
R005019,2
R023599,3
R091715,0
R010486,3
R028335,1
R091289,3
R041474,1
R045693,3
R067675,0
R057112,1
R052912,0
R017084,3
R096043,3
R099432,3
R020414,3
R024495,0
R059179,2
R016623,3
R036809,2
R079560,1
R083529,1
R017982,0
R024965,0
R089778,0
R070968,0
R034413,0
R002558,0
R066248,3
R072398,0
R010327,3
R010961,0
R039774,0
R032410,2
R081108,0
R020039,0
R012742,0
R047958,0
R007715,0
R023665,0
R088113,3
R030200,3
R097502,3
R038224,1
R023852,1
R027627,0
R054691,3
R047591,0
R097798,2
R087915,0
R069361,2
R016299,3
R003349,0
R056630,0
R030946,0
R071592,3
R000687,1
R055656,2
R050924,3
R094642,0
R095690,0
R065364,0
R074607,0
R085419,1
R079300,0
R066451,0
R006077,0
R020554,2
R006191,1
R057083,0
R033609,1
R055629,1
R004618,1
R057593,1
R004336,1
R019079,0
R088862,0
R001465,1
R075210,2
R057945,0
R061424,0
R045679,0
R021903,0
R026594,3
R041826,2
R046835,2
R035779,0
R037241,0
R027099,0
R081094,0
R070251,1
R059879,0
R094103,3
R037891,3
R004437,3
R080204,2
R005885,0
R066835,2
R040117,0
R080175,0
R039729,2
R053573,2
R009805,0
R069332,1
R056646,2
R070525,0
R046542,2
R076087,1
R075931,2
R035115,0
R096991,0
R051006,1
R026204,0
R018643,0
R088542,0
R051843,0
R048984,3
R092681,1
R083965,2
R067256,0
R055274,0
R013212,2
R078841,2
R030541,0
R021628,0
R007576,2
R079669,0
R065698,0
R051130,3
R030653,1
R019121,0
R046400,0
R045923,0
R060103,0
R079408,0
R011613,0
R069883,3
R008871,3
R050602,1
R057764,0
R070944,0
R076256,1
R016410,3
R087412,0
R062915,1
R043021,2
R032951,0
R024555,2
R053513,0
R018655,1
R081059,1
R026776,1
R001251,0
R091090,1
R080987,1
R049966,0
R063933,0
R012465,0
R008505,2
R072051,0
R018748,2
R096505,3
R075006,1
R079260,0
R084483,3
R044771,2
R003668,3
R049819,0
R061455,1
R074098,0
R096102,0
R076405,0
R049981,0
R097670,0
R064453,0
R019185,0
R011915,0
R093741,1
R086200,3
R049364,0
R064939,0
R058910,2
R011623,2
R015831,3
R047705,2
R040271,0
R065810,0
R080345,0
R009276,3
R037165,3
R082418,1
R091944,3
R031850,2
R011108,0
R017676,0
R008362,0
R005393,0
R033863,3
R032994,2
R096608,0
R081973,0
R053193,0
R003747,1
R089257,2
R040360,1
R081661,3
R082910,0
R045527,1
R031288,0
R027019,1
R068695,0
R089643,3
R018642,0
R075205,0
R014080,1
R099216,0
R009397,3
R099780,0
R019103,0
R056234,0
R031389,3
R060172,0
R055856,0
R073382,0
R007155,0
R043468,0
R029355,3
R036782,2
R036193,0
R008962,3
R057088,0
R003157,0
R010357,2
R076306,0
R077066,0
R022826,0
R073080,0
R061523,1
R087319,1
R075287,0
R072729,3
R023566,0
R069597,1
R066004,0
R047262,1
R037466,2
R065271,0
R019925,1
R095900,1
R053511,0
R095319,3
R022398,2
R018770,0
R008409,0
R034039,0
R079172,3
R025242,0
R063229,1
R024818,3
R018135,3
R081007,3
R083711,0
R054923,0
R023232,1
R029184,0
R014870,3
R066686,1
R092857,0
R073544,3
R069970,0
R072080,0
R008263,1
R053491,0
R063773,2
R054430,1
R077390,0
R020906,0
R019827,1
R059074,3
R008491,0
R066404,0
R069256,1
R044765,2
R076328,2
R077059,0
R001996,0
R039571,0
R002394,3
R056793,1
R057806,0
R006283,0
R015163,0
R088857,1
R074319,0
R040908,1
R068032,0
R057899,2
R069259,2
R009943,2
R083364,0
R093641,3
R086279,0
R049301,1
R086074,3
R058607,3
R004631,1
R082751,3
R012301,1
R022064,0
R056981,0
R059258,0
R083889,0
R069012,0
R004157,0
R048703,1
R049215,0
R038951,3
R018089,1
R060311,0
R032723,1
R034852,0
R074302,0
R061830,3
R065669,0
R010229,2
R092157,3
R028508,2
R023443,0
R034560,3
R049066,2
R096932,3
R072493,1
R054743,2
R034305,3
R095736,0
R074983,0
R022738,2
R061016,2
R037788,3
R012591,2
R077624,2
R050025,2
R081617,1
R073836,1
R025614,0
R088122,2
R021356,2
R075860,0
R049257,1
R098138,3
R024333,1
R036903,1
R032402,0
R027611,2
R057220,3
R048465,0
R044887,1
R014353,0
R048581,2
R059852,3
R070297,3
R037866,2
R055768,3
R028315,1
R083328,0
R048898,0
R068622,1
R023183,3
R081729,2
R008218,0
R083945,1
R076382,0
R098801,2
R050505,2
R006415,3
R023415,2
R058561,0
R084338,3
R018704,3
R056111,3
R056484,1
R000155,3
R025596,1
R088394,0
R099594,0
R030076,0
R091155,2
R059034,0
R005358,1
R017284,1
R027411,1
R016554,1
R039182,3
R015505,2
R074908,3
R038183,1
R094155,1
R097530,2
R007236,1
R097957,2
R056051,0
R033356,3
R031566,1
R093860,3
R034762,2
R091020,0
R025588,1
R041667,3
R090810,0
R082700,1
R029320,0
R080560,1
R073539,1
R062603,0
R013439,1
R029792,2
R074246,0
R004810,3
R059964,3
R072318,0
R011808,2
R090661,0
R045011,0
R077065,1
R069396,1
R011280,0
R080653,0
R066426,1
R062509,0
R095656,3
R043336,3
R084418,0
R010026,1
R023814,1
R073470,0
R093779,2
R042555,2
R059720,0
R056021,1
R093849,1
R016591,2
R099701,3
R054716,0
R057440,3
R095335,3
R058843,0
R032457,0
R036151,1
R093720,0
R024065,3
R085595,1
R090712,0
R030909,1
R050564,2
R018776,0
R097897,0
R070508,0
R034665,0
R053830,0
R009937,2
R026065,1
R030198,0
R059494,0
R096667,0
R056070,2
R005973,1
R014008,1
R075410,0
R036257,0
R023679,2
R047811,2
R067574,0
R004601,0
R045198,0
R073799,0
R091253,0
R022813,3
R003946,1
R050279,1
R043251,0
R016915,0
R029015,1
R016208,0
R094495,1
R034838,0
R001234,0
R028823,0
R034190,2
R070287,3
R030422,3
R047063,3
R044583,1
R065199,2
R095219,1
R031794,0
R056463,3
R016203,0
R018818,0
R008568,0
R061640,3
R075913,3
R067254,1
R036111,0
R064815,1
R006174,1
R080414,1
R090261,0
R011314,0
R036778,0
R006580,1
R040369,0
R085824,3
R078503,1
R041055,2
R055951,0
R021857,3
R006526,1
R038274,3
R056682,0
R015513,2
R048494,2
R017974,1
R058842,0
R071802,0
R098799,2
R032131,1
R020040,0
R063263,2
R002669,0
R009242,2
R012890,0
R007765,2
R055195,2
R038299,0
R059118,2
R055396,1
R066641,0
R003400,2
R056009,1
R055001,2
R059105,1
R050702,1
R022808,0
R086128,0
R010660,0
R026847,0
R011165,1
R038226,3
R003681,1
R065770,2
R097889,0
R039210,0
R068903,0
R008119,2
R013101,1
R015216,2
R027229,0
R064308,0
R042324,0
R050762,2
R088488,2
R032672,0
R086565,2
R032506,2
R048726,1
R013253,1
R004490,2
R013384,2
R076208,1
R071264,3
R042474,2
R026801,0
R090383,0
R033191,0
R021758,1
R034115,0
R095320,0
R083905,1
R019928,0
R056970,2
R030290,2
R071566,0
R074678,3
R057883,2
R069632,0
R049982,0
R052257,1
R053206,1
R063135,0
R044114,0
R037798,0
R021138,0
R053253,0
R093517,0
R009433,1
R044878,0
R000503,0
R019015,0
R096851,1
R025248,0
R097783,1
R095136,0
R075963,0
R002119,0
R054215,1
R046848,0
R046381,2
R080422,0
R094225,2
R040608,3
R035073,0
R007823,2
R084135,1
R067530,3
R089380,0
R029118,0
R007720,0
R068880,1
R072631,0
R042879,0
R037328,0
R053044,1
R009948,0
R035322,0
R042151,3
R061607,0
R092499,1
R029001,2
R022657,0
R029146,2
R035189,2
R021668,1
R094413,1
R043656,1
R046228,3
R059268,1
R061744,0
R041421,0
R093533,3
R016749,1
R093119,0
R065688,0
R037154,0
R028517,0
R051531,1
R046541,2
R061338,0
R090545,0
R056214,1
R081571,3
R016312,1
R052024,0
R006650,1
R041623,0
R072441,2
R090042,3
R010868,3
R098542,3
R039603,0
R032757,0
R015124,1
R067257,1
R028839,0
R001450,3
R096107,2
R016666,0
R097144,0
R088942,2
R030914,1
R012410,0
R067700,2
R078815,3
R062344,1
R058816,1
R054416,0
R028568,0
R031169,0
R087005,0
R043482,0
R068755,0
R087900,3
R018229,1
R000491,1
R091175,1
R043570,2
R090762,2
R075461,1
R021386,0
R089810,2
R026539,0
R066482,2
R003508,1
R046602,1
R050765,0
R073612,0
R080543,1
R082660,0
R000256,1
R083347,3
R081636,0
R031651,0
R022080,2
R042270,1
R066723,2
R028710,1
R001320,0
R065075,2
R057275,1
R001147,1
R064456,0
R023003,0
R021259,2
R088145,1
R020520,0
R029131,1
R003259,0
R072071,0
R053313,2
R005257,0
R068290,0
R006516,3
R075313,0
R007510,1
R098017,3
R046681,1
R068897,3
R040717,1
R063472,0
R054095,0
R080911,2
R013033,0
R035618,0
R054837,3
R097627,0
R081002,0
R096426,0
R055825,3
R059259,2
R026076,2
R066317,1
R079644,2
R072163,1
R024922,3
R063973,0
R012565,2
R078421,0
R000103,0
R042825,0
R044842,0
R008621,3
R094749,0
R007933,0
R007446,0
R088526,3
R083620,3
R027840,2
R003262,2
R010778,1
R074121,0
R088359,1
R079015,0
R021848,1
R063450,1
R070667,2
R081890,0
R020807,3
R044404,3
R047230,0
R097413,0
R086455,3
R092330,0
R008293,0
R018510,1
R050738,0
R052833,2
R035905,0
R077538,3
R000565,1
R011751,0
R078902,0
R043967,3
R015262,0
R085157,0
R055794,3
R087946,3
R077088,3
R099282,1
R093313,2
R079555,0
R066234,2
R028208,0
R053043,0
R099044,3
R024279,2
R023275,2
R057603,1
R077479,1
R017023,1
R007828,3
R056908,2
R076264,1
R075670,0
R098079,0
R022823,3
R073380,2
R088094,3
R064732,0
R066868,1
R074488,1
R010351,1
R006344,2
R006377,1
R034485,1
R005814,1
R044663,0
R031816,0
R052059,2
R077025,3
R094685,0
R043586,0
R079166,0
R099394,0
R071190,0
R005447,3
R029709,3
R042537,2
R063667,2
R019954,0
R088252,0
R056269,0
R040588,1
R064395,0
R077734,3
R011826,0
R070430,1
R048329,2
R092183,1
R041820,1
R080646,1
R056560,1
R063265,0
R078648,1
R028538,1
R035040,0
R050989,1
R051722,3
R049711,1
R012678,0
R029585,0
R074065,0
R070991,2
R024780,0
R080485,2
R062481,3
R005901,1
R082187,3
R029268,0
R023647,1
R082265,0
R041713,2
R056876,3
R070630,1
R007628,2
R017742,0
R076513,2
R016395,2
R061120,0
R041253,0
R046600,0
R042329,1
R082661,0
R008304,2
R015649,1
R028565,1
R032367,0
R018616,1
R096402,1
R007539,0
R085606,2
R009849,0
R061454,0
R016287,0
R034910,2
R066362,1
R024700,0
R042797,1
R038104,3
R075354,1
R064665,1
R086350,3
R051447,3
R011754,2
R075569,0
R012529,0
R046714,1
R074586,2
R063621,0
R033411,1
R095384,1
R068182,0
R067175,0
R078073,0
R058345,0
R030440,0
R097547,2
R047941,2
R083868,2
R030637,3
R004255,2
R085784,0
R048035,1
R042230,2
R082952,1
R058991,2
R061403,1
R074977,0
R089348,0
R066216,0
R006819,0
R047815,0
R098343,3
R059514,1
R036469,0
R043920,1
R078463,0
R077001,1
R023350,1
R003077,0
R004095,3
R024894,1
R058329,2
R071687,0
R036769,0
R074790,0
R055679,1
R018693,2
R017533,1
R053087,3
R089124,0
R079265,1
R010589,0
R059972,1
R026851,2
R048198,0
R061949,1
R020924,1
R064173,2
R095112,0
R047662,1
R035754,3
R000616,2
R061676,3
R041691,2
R064071,0
R092443,1
R013709,3
R061989,0
R062605,0
R016323,0
R071510,2
R031760,1
R088761,0
R047241,0
R025024,0
R051821,2
R075685,0
R091841,2
R014020,0
R040024,1
R010066,0
R008661,2
R043162,0
R031437,3
R078702,1
R094482,1
R086486,2
R085697,3
R037477,3
R047856,0
R096919,0
R052102,0
R005766,2
R010701,3
R016682,2
R092550,0
R064530,0
R094676,3
R086247,1
R032430,2
R065510,0
R035953,1
R035237,0
R067352,0
R050152,0
R050027,3
R006472,3
R067200,0
R038746,0
R021850,0
R073196,3
R073761,2
R046805,0
R047053,1
R021921,0
R022742,1
R090040,3
R037483,2
R062785,2
R023896,0
R065925,0
R085613,0
R072763,3
R004288,3
R074847,0
R001467,1
R094377,0
R090112,0
R004607,2
R039235,0
R087027,2
R020586,0
R029671,0
R072497,3
R051563,0
R091541,0
R082691,1
R029536,0
R069359,0
R015824,1
R008001,0
R046685,1
R097008,0
R058190,1
R067774,0
R045227,1
R032132,2
R002424,3
R098180,0
R016335,0
R050332,2
R023426,3
R051973,3
R047602,0
R021843,3
R091741,0
R037943,0
R037954,2
R015080,0
R092736,2
R003930,0
R047545,1
R068411,0
R026559,0
R090577,3
R046269,0
R001830,2
R021807,1
R025052,2
R031433,2
R008423,0
R027887,3
R063944,0
R002541,0
R037562,3
R075467,0
R035668,1
R055120,3
R078889,0
R069209,1
R072189,0
R067220,3
R037801,2
R078021,1
R038180,0
R004973,2
R043001,0
R000991,1
R022319,2
R036993,1
R014434,0
R089028,0
R007121,0
R053393,0
R098684,0
R092114,3
R096216,3
R054435,0
R014263,3
R012852,1
R046929,2
R073652,0
R016772,1
R076470,1
R098248,3
R029064,0
R083550,0
R047636,0
R073419,1
R015517,1
R098255,3
R060389,0
R030292,1
R072834,2
R085430,1
R085322,2
R023245,0
R015164,3
R080864,3
R042249,1
R007695,0
R026245,0
R038167,0
R003125,3
R089127,0
R093809,0
R066227,0
R060865,0
R029794,1
R086986,3
R042336,0
R010374,0
R036173,0
R010094,1
R029982,3
R025478,0
R040661,3
R033894,2
R092243,1
R051670,2
R038126,0
R012219,0
R002878,0
R082275,1
R078898,2
R035064,2
R028675,1
R018427,1
R098088,2
R094035,0
R055746,1
R029425,0
R027526,0
R014295,0
R096230,2
R094105,3
R067890,0
R026754,0
R070031,0
R033555,2
R086832,1
R092199,0
R052018,0
R013445,0
R094314,1
R084489,0
R066724,3
R095228,0
R086253,0
R034492,3
R085859,3
R071292,0
R033478,2
R008113,1
R082562,3
R075118,3
R046914,3
R053350,0
R078203,3
R077456,0
R098105,3
R072494,1
R055493,0
R024992,0
R062329,2
R082740,1
R036880,1
R091606,1
R053418,0
R032912,3
R022839,0
R083672,2
R057834,2
R093627,2
R093528,0
R034780,2
R065761,2
R085868,1
R094312,0
R033771,0
R067476,0
R080734,0
R089306,0
R063791,3
R043867,1
R016843,0
R021515,1
R041343,0
R063395,1
R007642,2
R088628,0
R080580,1
R033564,2
R095822,0
R045751,1
R086558,2
R066712,2
R060816,2
R011652,2
R035131,1
R013653,0
R099808,0
R018025,0
R071447,0
R051456,2
R090169,2
R063834,1
R071302,0
R059337,2
R017314,1
R031773,0
R079841,1
R078507,2
R014865,0
R045954,2
R020736,0
R005890,0
R024264,0
R011160,1
R076240,1
R042729,0
R003020,3
R045479,0
R099541,1
R022350,0
R046078,0
R088773,1
R004238,0
R060830,0
R060180,3
R037770,0
R020402,0
R003012,0
R079048,0
R006988,0
R099530,1
R025708,0
R048122,1
R067351,2
R060309,1
R028133,0
R003627,1
R010710,2
R037625,0
R080853,2
R096904,0
R013785,0
R097031,0
R004543,0
R033372,1
R038526,3
R003779,3
R085218,1
R099358,0
R004869,2
R061966,0
R045929,2
R015626,1
R048538,0
R084416,0
R009383,0
R054007,1
R038795,3
R036351,1
R099437,1
R023965,2
R031001,0
R032783,0
R038682,1
R000631,3
R084750,0
R040905,1
R007366,1
R057923,2
R000437,0
R072108,2
R063141,0
R084591,0
R099869,1
R017295,2
R021008,0
R025753,0
R097893,1
R091237,0
R035088,3
R098572,2
R018628,1
R026923,2
R026871,3
R034235,2
R061531,0
R026534,3
R044165,2
R076831,0
R067558,0
R051890,0
R004407,1
R062169,1
R000304,3
R015972,2
R051028,2
R052138,1
R058236,0
R039719,2
R094798,0
R038708,0
R048973,0
R067625,0
R012977,0
R013611,3
R060756,2
R085927,0
R015470,1
R094718,2
R059619,0
R093010,2
R063121,1
R068462,1
R056979,1
R003776,0
R097767,0
R059309,2
R054276,2
R014535,1
R060130,2
R026383,1
R053578,0
R018835,1
R048812,1
R010993,0
R063391,0
R001228,0
R094546,1
R015378,3
R090239,3
R050181,0
R028571,1
R093152,2
R039997,0
R062436,0
R015873,0
R071499,1
R011279,1
R069671,1
R043290,1
R084768,0
R017120,0
R090804,0
R066843,0
R039445,0
R052410,2
R082469,2
R010117,3
R071874,0
R076489,2
R096023,2
R051167,0
R018960,0
R087370,2
R020580,1
R066060,3
R043907,1
R077172,1
R076520,1
R031929,0
R018191,0
R046711,3
R089736,0
R019830,0
R060188,1
R025755,0
R010445,2
R094882,1
R022360,2
R035511,0
R013203,2
R019374,0
R015655,0
R025527,1
R024320,0
R055635,0
R091562,0
R053762,1
R004458,0
R057554,1
R054015,3
R001472,2
R096945,1
R078054,0
R051435,0
R081775,1
R003452,3
R089569,1
R027958,0
R017701,0
R034656,0
R076616,0
R027542,2
R017332,0
R082966,0
R035810,1
R060706,3
R000590,2
R074300,1
R094967,0
R009290,0
R065599,2
R057771,0
R088796,0
R025423,0
R000124,2
R069355,3
R078975,2
R079894,0
R007620,3
R007133,2
R051102,1
R015748,2
R036806,0
R054258,0
R067891,1
R042409,0
R011700,0
R034918,0
R009512,1
R057198,3
R044707,2
R047109,1
R080566,2
R016353,3
R017267,1
R021928,0
R063408,1
R040413,2
R039649,1
R093656,1
R005048,1
R038357,1
R087771,0
R048720,1
R021326,2
R071167,0
R013412,2
R008865,0
R052384,0
R046427,1
R085499,0
R025243,3
R032110,3
R051054,0
R061979,1
R006941,2
R005684,1
R029482,1
R064139,3
R081131,0
R067612,0
R048593,2
R018705,0
R015806,1
R051061,0
R020551,3
R084801,0
R019959,0
R015350,1
R020670,1
R014229,2
R004828,0
R091514,3
R092694,0
R083320,1
R057355,3
R031138,1
R042587,0
R023522,0
R003072,1
R079317,0
R056431,3
R068453,2
R034386,0
R034500,1
R055503,0
R087710,2
R084271,1
R069203,0
R010019,0
R060396,2
R036117,0
R005113,0
R063133,2
R007870,0
R018279,3
R045567,0
R057403,0
R005593,1
R004616,2
R022165,2
R048566,2
R037438,0
R031221,1
R051319,2
R096575,0
R028182,0
R058507,0
R084963,3
R048436,0
R063066,3
R014328,0
R089700,0
R048221,3
R097045,2
R092172,1
R090621,1
R072938,0
R030448,1
R059578,1
R094993,0
R053359,1
R050557,1
R061214,1
R059356,1
R019032,1
R068517,1
R021826,0
R045711,3
R065133,3
R002840,2
R000424,0
R074929,2
R028700,1
R053383,1
R067836,1
R029010,1
R051339,2
R026104,0
R012558,0
R015126,0
R018496,0
R093945,2
R049463,2
R069276,3
R013576,1
R097263,0
R042219,1
R058498,3
R003528,1
R010483,0
R068279,0
R015065,0
R083600,1
R081096,2
R017454,1
R078672,0
R071827,3
R036977,2
R027065,3
R056249,3
R032699,0
R005812,0
R008229,1
R021605,2
R049680,3
R004968,0
R047679,3
R021629,0
R069479,0
R041505,0
R082507,0
R066522,0
R010413,0
R094454,2
R065751,0
R026550,2
R015132,0
R068097,0
R055899,3
R059541,0
R016216,0
R040021,0
R086686,2
R037255,2
R009858,3
R018809,1
R087427,0
R006193,0
R023303,1
R024644,2
R060562,0
R008115,0
R068566,0
R089379,0
R014356,3
R075761,2
R030291,0
R091226,0
R062114,1
R025937,2
R023012,1
R006855,3
R083102,0
R066806,0
R027239,1
R002243,0
R001693,2
R076168,0
R029524,1
R054591,0
R029987,3
R046334,1
R030875,0
R075276,2
R006154,2
R018623,0
R093769,0
R088303,3
R095978,0
R012823,0
R044556,1
R054795,2
R069284,3
R094096,0
R090930,0
R077128,3
R015815,0
R086515,1
R020489,0
R088976,3
R056157,0
R094720,1
R065278,3
R014897,0
R062287,2
R095231,0
R052486,0
R077726,0
R066993,1
R030569,3
R039472,1
R041362,0
R084322,2
R008312,0
R004518,0
R063721,3
R098060,1
R098039,1
R061733,3
R035844,0
R013727,0
R058966,0
R034120,0
R024756,0
R092233,2
R029461,3
R050539,0
R041672,0
R073476,0
R065763,0
R087647,0
R092757,0
R024013,2
R048613,0
R001933,3
R025934,0
R072211,1
R073968,0
R075579,2
R040402,3
R082925,0
R067443,1
R096642,0
R044550,2
R046448,0
R092867,3
R030554,2
R083247,3
R054921,0
R064767,0
R067463,0
R046342,0
R088695,0
R068211,1
R040671,0
R027662,2
R051413,1
R026493,3
R098403,2
R095512,0
R078725,1
R018641,0
R073733,0
R004018,0
R010814,0
R008244,0
R006115,2
R020319,2
R077255,3
R011048,0
R062631,2
R048934,0
R043310,3
R019163,0
R035394,0
R018483,1
R027571,0
R077856,3
R014490,3
R018160,0
R045471,1
R029036,3
R029250,3
R004977,2
R059535,1
R065431,0
R054653,1
R066773,0
R054458,3
R031749,1
R060543,0
R049767,3
R010927,0
R006120,1
R014699,3
R030136,0
R066214,0
R037861,3
R098590,0
R023725,2
R029957,0
R044150,1
R066448,2
R032332,2
R085782,1
R014573,1
R008434,1
R001200,0
R051836,0
R086269,1
R073569,0
R022914,1
R018184,1
R020898,2
R081865,1
R006379,3
R097350,3
R027812,2
R084109,0
R023086,0
R047296,0
R075520,1
R019740,3
R070241,3
R051697,2
R024419,1
R051409,3
R074009,1
R047504,0
R077979,1
R018559,1
R066769,0
R037374,0
R017899,2
R068316,0
R083955,0
R036963,0
R082355,1
R038352,0
R069066,3
R028306,0
R006430,0
R024232,1
R038569,0
R004092,3
R008454,1
R023449,0
R040162,0
R001506,0
R054353,0
R006959,0
R017400,0
R054209,1
R040331,3
R043698,3
R027270,3
R076592,0
R002398,0
R029209,3
R006262,1
R003256,1
R068139,1
R039522,1
R044668,0
R068301,1
R038995,2
R039344,0
R049382,3
R035887,3
R077756,3
R055019,2
R086938,0
R090543,1
R051146,0
R026403,0
R001548,1
R043528,1
R076415,0
R064218,1
R038496,0
R089731,2
R068596,0
R039849,2
R022715,3
R066694,0
R094937,1
R002553,0
R095988,1
R078395,0
R002790,1
R021215,0
R061290,3
R074366,1
R036298,3
R085069,2
R010636,0
R007811,0
R061118,1
R084382,0
R004762,1
R017145,0
R037567,1
R097909,0
R007386,2
R088051,2
R096891,0
R031906,0
R010557,0
R031332,1
R047644,1
R048453,1
R026154,3
R044758,0
R095785,0
R062830,0
R030679,3
R080557,0
R051313,1
R008232,0
R052653,0
R015804,0
R062133,2
R049770,1
R074287,1
R026622,1
R051380,0
R095956,1
R070669,0
R068604,1
R062018,1
R091326,1
R032871,0
R098286,3
R080483,1
R026913,2
R091334,3
R048669,3
R026107,1
R090769,2
R002978,0
R092075,1
R041147,2
R041134,0
R029860,2
R086665,3
R085883,1
R099659,0
R086192,2
R058335,2
R007893,2
R074709,3
R049774,1
R025445,0
R018478,0
R079221,0
R053035,1
R075464,0
R088479,2
R099803,1
R013288,3
R088165,0
R053808,3
R009280,0
R003372,0
R069263,1
R074067,0
R088696,2
R094045,0
R042159,0
R082515,0
R027088,0
R052984,0
R074351,3
R030452,0
R040466,3
R085540,3
R072913,0
R003584,0
R050387,2
R009775,3
R068208,1
R063936,1
R058477,0
R097880,0
R034632,3
R095967,0
R057385,2
R008429,0
R002763,0
R060257,2
R052726,0
R082323,0
R040110,1
R068028,1
R060196,0
R027414,1
R003244,0
R032509,0
R016946,2
R068905,3
R086366,1
R098208,0
R076552,3
R098589,3
R023940,1
R010384,0
R098452,1
R076890,0
R067538,1
R023710,0
R042680,2
R079163,0
R068516,2
R097722,2
R026592,0
R052416,1
R035828,0
R091798,0
R046347,2
R051283,1
R001993,1
R085891,1
R064247,0
R083813,0
R012804,3
R073332,1
R068029,3
R010997,0
R051412,1
R091545,1
R021344,3
R072501,2
R012163,0
R010443,0
R031495,0
R044657,1
R051100,3
R047116,3
R031372,3
R074769,0
R055324,1
R043391,1
R077415,3
R095665,1
R086476,0
R095973,3
R062641,3
R042345,1
R002479,3
R063151,0
R003721,0
R013794,3
R086272,2
R000720,0
R016580,0
R037930,1
R079562,2
R027232,1
R081954,0
R055044,0
R097271,1
R032527,0
R094656,1
R018856,2
R001965,1
R031369,0
R055368,1
R057498,0
R091094,0
R031134,0
R036319,1
R062360,1
R058055,1
R012051,0
R018933,0
R092733,2
R083304,0
R098150,0
R006930,1
R057890,0
R054199,0
R042391,2
R067860,0
R071944,1
R017995,0
R048696,3
R062104,3
R094917,3
R021697,2
R007497,2
R076572,1
R043312,0
R016172,0
R083425,0
R040558,1
R062478,2
R062280,2
R069692,1
R049586,3
R024646,1
R085426,0
R016050,2
R080174,0
R080293,0
R032301,3
R038005,2
R046332,1
R009272,1
R092127,0
R090117,0
R073402,0
R094593,0
R092377,0
R009845,0
R003254,0
R045071,0
R082460,0
R084637,1
R011615,1
R018233,3
R047293,1
R054016,0
R076019,0
R050824,1
R014615,1
R056074,0
R008444,1
R059426,0
R098377,2
R087414,0
R041002,1
R096800,1
R088255,1
R056458,0
R028706,0
R053675,0
R011864,3
R019488,0
R093167,0
R001417,2
R060012,0
R017783,0
R037792,1
R005268,0
R057541,0
R096572,3
R025030,0
R037305,1
R013157,1
R052862,1
R097318,2
R086539,3
R057158,0
R021530,3
R017156,0
R005258,0
R084538,1
R095532,3
R090558,1
R078252,0
R072373,0
R016504,0
R081760,0
R037063,1
R019266,0
R049155,1
R097653,2
R047294,1
R043075,3
R080475,0
R032522,0
R013906,0
R035460,0
R026982,1
R007622,3
R088934,0
R029649,1
R002668,0
R047936,2
R085846,0
R051518,0
R069456,0
R031291,1
R021424,2
R095600,2
R099427,1
R027557,0
R093143,0
R036601,0
R073596,0
R005185,0
R007772,1
R003384,0
R050341,2
R068280,1
R018750,1
R094504,1
R066381,3
R021241,0
R078518,0
R002313,0
R037592,0
R041728,1
R043962,2
R096622,2
R044127,1
R059750,1
R031527,0
R025193,0
R029796,3
R027577,0
R005758,1
R021501,0
R004109,0
R068567,0
R083746,2
R018068,0
R064105,1
R034059,1
R054850,1
R037480,1
R015927,1
R062792,1
R028124,0
R092618,2
R043179,0
R048449,0
R069981,1
R043942,0
R056334,2
R002190,0
R050109,1
R009967,1
R079918,1
R059764,2
R016213,1
R044734,0
R002102,0
R025306,2
R078100,0
R045752,2
R063897,0
R022383,2
R093688,1
R014649,0
R064834,1
R075460,0
R091503,2
R083608,2
R017650,1
R078199,0
R098760,1
R066258,1
R039940,2
R032377,1
R061330,1
R049072,2
R015852,1
R057753,0
R078924,1
R010591,2
R060628,0
R054112,0
R002405,3
R075886,2
R099389,0
R018789,0
R004394,2
R073024,3
R077545,0
R055356,0
R095546,0
R052536,0
R055242,2
R030331,2
R006330,3
R022066,0
R038640,0
R083738,1
R057393,3
R015954,1
R080674,0
R006766,2
R083992,0
R093175,3
R038368,0
R041354,1
R013496,0
R027950,2
R065468,3
R028780,0
R009285,2
R095528,0
R007974,0
R032462,0
R035855,1
R094020,3
R025603,3
R000074,1
R085359,1
R064730,1
R027217,2
R047380,3
R057862,2
R035422,1
R030352,0
R097679,1
R039417,1
R045098,2
R052637,2
R035501,0
R034735,0
R076543,1
R002561,2
R065720,2
R070357,1
R038783,0
R019228,0
R095748,1
R084185,0
R059785,0
R041335,1
R057147,0
R081573,1
R035129,0
R082639,0
R057983,3
R024806,2
R064445,1
R083078,2
R020900,1
R089937,0
R059385,1
R048205,0
R070432,1
R025702,3
R019042,0
R068367,0
R039019,0
R072411,0
R019451,3
R025782,1
R086285,0
R028766,3
R002402,0
R049545,2
R066289,0
R062079,0
R048806,0
R082307,0
R013861,0
R044118,0
R088053,1
R024550,0
R040839,2
R038088,3
R023480,3
R043029,0
R056699,0
R086590,3
R010539,2
R095412,1
R014375,0
R045132,3
R097772,2
R055998,2
R072883,0
R003177,3
R043372,0
R051665,3
R060940,0
R048526,1
R082514,1
R004208,2
R041207,0
R096545,0
R067520,3
R079128,2
R093835,2
R090627,1
R017579,0
R056355,0
R003576,1
R020887,0
R014372,0
R063970,0
R082662,1
R001917,0
R089774,0
R097281,1
R069027,0
R039991,0
R057495,0
R017093,1
R092116,2
R062086,0
R052262,3
R042992,1
R085061,3
R050933,0
R034145,1
R003042,1
R047925,0
R099391,0
R004227,2
R012292,3
R081273,1
R026094,0
R006279,0
R067342,0
R023377,0
R078270,0
R017331,0
R001907,2
R013689,1
R066315,0
R012832,3
R070769,1
R023617,0
R086214,1
R070158,2
R054944,1
R063224,0
R050705,0
R040172,0
R041151,0
R073091,0
R021837,1
R074027,3
R083960,1
R027079,3
R097881,3
R029247,1
R088395,0
R000564,0
R034908,2
R058130,3
R005220,1
R070790,1
R065354,2
R043157,1
R071514,3
R096748,1
R059701,1
R098097,0
R059706,0
R011663,1
R028277,3
R067999,1
R092148,0
R018069,1
R090940,0
R054011,2
R017470,1
R078209,0
R056877,0
R008237,0
R028521,2
R036517,1
R099835,2
R078116,1
R067403,0
R031991,2
R061650,1
R032287,1
R045642,1
R077277,0
R004904,2
R005461,0
R027338,0
R023473,0
R057515,1
R011601,2
R081649,0
R067474,2
R099967,2
R082050,1
R061236,0
R017224,0
R030848,1
R023290,2
R055313,1
R081575,3
R023993,1
R063358,1
R093501,1
R043893,0
R097152,2
R005934,0
R026968,3
R073883,3
R027124,2
R024984,2
R054535,2
R082611,2
R028020,2
R099635,3
R048425,2
R053564,3
R086189,2
R071049,0
R058874,1
R055091,2
R008875,0
R087483,3
R094138,2
R075452,1
R061711,0
R046983,0
R016587,0
R076060,1
R088601,3
R068753,0
R073291,1
R053963,1
R047298,0
R031981,1
R069904,0
R015241,2
R047444,2
R031701,3
R038536,3
R035567,0
R088369,1
R011998,0
R026317,3
R087172,0
R021152,1
R095515,0
R007651,3
R037043,0
R038075,0
R081228,1
R071172,1
R082698,2
R088959,0
R024951,1
R020021,0
R066666,2
R092744,0
R064083,1
R067308,0
R055187,1
R069286,1
R028352,0
R040749,0
R027946,0
R081903,0
R079542,0
R020657,0
R040314,0
R073347,2
R019007,0
R047297,1
R040128,1
R080492,0
R011287,0
R022850,0
R065160,0
R038437,0
R051587,3
R090753,1
R061594,0
R073418,1
R046099,0
R053981,2
R049650,0
R062740,0
R028391,1
R094779,0
R087973,0
R012324,0
R076062,0
R080240,0
R042167,1
R090193,1
R034449,1
R014905,0
R000345,1
R091998,0
R028330,1
R092847,0
R020192,0
R011526,3
R058235,1
R023145,1
R079231,0
R053677,0
R063311,2
R040245,1
R016495,0
R084800,2
R048142,1
R035352,1
R036063,1
R061832,0
R025710,0
R095990,1
R083774,3
R086978,0
R022279,3
R019832,1
R024088,0
R094179,0
R041478,2
R026583,2
R006450,1
R039464,0
R004031,1
R011485,0
R011560,0
R040112,0
R086375,0
R096252,0
R036828,0
R072450,1
R072576,0
R061960,2
R071857,2
R090315,3
R002781,1
R057510,1
R080892,1
R010369,1
R053173,3
R099540,2
R011374,3
R081592,0
R045176,0
R084241,0
R096783,0
R043677,0
R082115,1
R088979,0
R089093,0
R015357,3
R069817,3
R060376,1
R093815,0
R000914,0
R083520,2
R099671,0
R094321,1
R063552,1
R088335,0
R003655,0
R041096,0
R047842,2
R065820,1
R021242,0
R089258,0
R047373,0
R003688,3
R003323,0
R071000,0
R028076,2
R014915,0
R095954,1
R090883,1
R054066,1
R052186,3
R042507,0
R099999,2
R025546,0
R040041,0
R016758,0
R076443,0
R049682,0
R000341,1
R045285,3
R077917,0
R069535,1
R009957,0
R072454,0
R034707,0
R035732,1
R037783,0
R033787,0
R058644,1
R056816,0
R034992,0
R002773,1
R051812,0
R026228,0
R032103,0
R068406,0
R077940,2
R092592,1
R070401,0
R039469,0
R039080,1
R017927,0
R058223,1
R060814,0
R032170,1
R032899,1
R078042,2
R049392,1
R028003,1
R077223,0
R029471,0
R043530,3
R020493,2
R061303,0
R031118,0
R091413,0
R041941,0
R002279,0
R076811,2
R047942,0
R074575,2
R071658,0
R053860,0
R078987,1
R007581,3
R018399,3
R097448,0
R080164,1
R087234,1
R035796,1
R028271,1
R035737,2
R081372,1
R069393,0
R026282,0
R053124,0
R026318,0
R087453,3
R026739,0
R058627,1
R086921,3
R094414,1
R021115,0
R071966,3
R051547,3
R017941,0
R005847,0
R021079,1
R006939,0
R040872,3
R093762,2
R024043,2
R056195,1
R065190,2
R099352,1
R095426,3
R027061,1
R005745,0
R093775,0
R067181,2
R062798,1
R077462,0
R048194,1
R081523,1
R075778,2
R071812,2
R083982,1
R071384,3
R011735,0
R017661,0
R095668,2
R015791,3
R085713,2
R024738,2
R034318,0
R087699,1
R023601,0
R072772,0
R011563,1
R047046,1
R067057,0
R028469,1
R054231,2
R053582,1
R095580,3
R096611,0
R020593,3
R039797,0
R071126,1
R074996,0
R010907,3
R042966,0
R017163,0
R080758,0
R031588,0
R013381,2
R074634,1
R081354,2
R066129,0
R099408,0
R030738,0
R086605,1
R052547,2
R080297,2
R085706,0
R093916,0
R048653,0
R024430,0
R067096,2
R046113,3
R084651,1
R010992,3
R091370,0
R036735,0
R086012,0
R068218,0
R092281,0
R059220,2
R006989,0
R033277,3
R031131,0
R091310,3
R098035,2
R069949,1
R094031,0
R060054,1
R021042,0
R015891,1
R013558,0
R040547,0
R092292,0
R023568,3
R065456,0
R059461,0
R049852,2
R085140,2
R065600,1
R035841,3
R008653,1
R060581,0
R002289,1
R018115,0
R020082,1
R064101,3
R094308,3
R085145,1
R093964,2
R025393,1
R091762,0
R013995,3
R038531,3
R038474,0
R063818,2
R017760,1
R001094,1
R085940,2
R051392,3
R072549,2
R099249,3
R068617,0
R001046,0
R001779,3
R062448,0
R042695,2
R078404,1
R013191,0
R094832,1
R051281,3
R082048,1
R044107,1
R086592,3
R055949,0
R097037,2
R035288,0
R016199,3
R025230,0
R015078,3
R044103,0
R032617,3
R032436,1
R038217,0
R092497,1
R087737,0
R097624,1
R048735,1
R008192,0
R094800,1
R096616,1
R035327,0
R005507,3
R038921,0
R069776,0
R009796,0
R057366,2
R030465,2
R029291,0
R027540,3
R034364,3
R013887,3
R012199,1
R000316,2
R015122,0
R007878,2
R088187,1
R022535,2
R061567,0
R098602,2
R079046,3
R025253,0
R064497,3
R052068,2
R037335,1
R019629,3
R000506,2
R024604,2
R065946,0
R080685,0
R074363,0
R035586,0
R009917,0
R074581,1
R019412,0
R013515,2
R064690,3
R029745,1
R006386,1
R015599,0
R035816,0
R072567,2
R090675,0
R020741,3
R089797,1
R069834,1
R011357,0
R017445,0
R065866,0
R051781,0
R050379,0
R076064,2
R012380,0
R085765,0
R024739,0
R005520,2
R046262,0
R084071,2
R045360,2
R089506,0
R013452,1
R086122,1
R089309,1
R063397,0
R077214,0
R010285,1
R008612,0
R031854,1
R086453,0
R093174,0
R002335,3
R037772,3
R006492,3
R089202,0
R005590,3
R002985,2
R047516,2
R067952,0
R065217,0
R027062,3
R008020,0
R008895,3
R010757,0
R034134,0
R081239,2
R010759,0
R004378,0
R057446,3
R064447,2
R045356,0
R055338,2
R044517,0
R058791,3
R006947,2
R089895,0
R072174,0
R077372,0
R008660,0
R039768,0
R073150,2
R093449,0
R030430,0
R092877,0
R063705,2
R032691,1
R018313,3
R015985,1
R005931,1
R018155,0
R091177,0
R042065,1
R012812,0
R069614,1
R086844,0
R066458,2
R006418,0
R058085,0
R055940,1
R094780,3
R057308,0
R068362,2
R072085,0
R003510,3
R027566,1
R004083,0
R003082,0
R075292,1
R036715,3
R000951,2
R006513,0
R050297,1
R016562,1
R042118,1
R070613,0
R041687,0
R032163,0
R052805,0
R043382,0
R040509,0
R062698,0
R040208,0
R076998,0
R018490,0
R008036,0
R040198,2
R054656,1
R063623,2
R080848,0
R030051,0
R045463,3
R078225,0
R062044,0
R043404,3
R082608,0
R087396,0
R089170,0
R036062,2
R047635,1
R069591,0
R030121,0
R043260,0
R011548,0
R033882,0
R000848,2
R009717,3
R090332,0
R030097,0
R085772,0
R068339,3
R024942,3
R053655,1
R079089,3
R083344,0
R050077,3
R025771,1
R036465,3
R097135,0
R038012,0
R071064,0
R064147,0
R054889,3
R029160,0
R003118,2
R021879,0
R027583,1
R001177,0
R098771,0
R051254,3
R058735,0
R016642,0
R049264,2
R069011,1
R000180,3
R048283,0
R013950,0
R049595,1
R032710,0
R040964,1
R010533,3
R003237,1
R060491,0
R025080,0
R076782,1
R062365,0
R020230,0
R077614,1
R016369,2
R017573,3
R077544,0
R050068,1
R043338,3
R047592,3
R028047,0
R017401,0
R000634,0
R082417,1
R001159,0
R089836,1
R061684,1
R098677,0
R036046,0
R036174,1
R070431,3
R009130,1
R015738,0
R007135,0
R090178,3
R019050,0
R073800,0
R006987,0
R093970,2
R016388,0
R029200,3
R030319,1
R038704,3
R007766,0
R028902,0
R097599,3
R080708,0
R072543,2
R054880,3
R037361,3
R097839,1
R036581,1
R069979,0
R030441,1
R034949,1
R060138,3
R044955,2
R047411,3
R095265,0
R045320,1
R095357,3
R098299,1
R090377,2
R067063,2
R031692,0
R002931,1
R091518,0
R077896,2
R014043,2
R001551,0
R076505,1
R060185,0
R014088,1
R039305,0
R005045,2
R007973,3
R082504,1
R014679,0
R060361,1
R062811,1
R010578,3
R034400,1
R067745,0
R009850,2
R088203,1
R020515,0
R038832,0
R065746,0
R005923,1
R079828,0
R039924,0
R041447,3
R005260,0
R099113,0
R090592,0
R036612,0
R009305,0
R089827,0
R030493,0
R063187,0
R088204,0
R097944,3
R038172,1
R037153,1
R093665,1
R047307,0
R029990,2
R040315,2
R063426,0
R079802,0
R000567,2
R034924,0
R086129,3
R041494,0
R012710,1
R097637,2
R051986,1
R063058,0
R034415,2
R099718,1
R086388,0
R043353,0
R080273,0
R036772,2
R032421,2
R053572,3
R085887,0
R081548,2
R001294,1
R029190,2
R027048,0
R020454,1
R065479,0
R079077,2
R071508,0
R016510,1
R087836,3
R011779,0
R086288,0
R054417,0
R028497,0
R054106,2
R072486,1
R083928,1
R011716,1
R081756,1
R001269,0
R081893,0
R094467,3
R095093,0
R094574,0
R079202,0
R057863,0
R043202,0
R013675,1
R073303,0
R035650,3
R087389,0
R039476,1
R008053,3
R029244,0
R024009,0
R047778,0
R089394,0
R092797,3
R014066,0
R076733,1
R084604,0
R098158,0
R046501,0
R044610,1
R033050,2
R053537,3
R085795,0
R011079,1
R030853,1
R097395,1
R087744,0
R026344,1
R086512,2
R098620,3
R047105,0
R074289,2
R054365,3
R075056,2
R073037,1
R059194,3
R009502,0
R050161,0
R057178,0
R006223,0
R038214,2
R036304,1
R013016,0
R081885,0
R030968,2
R055877,0
R051629,0
R012450,0
R030605,0
R079101,3
R001826,0
R093325,3
R042063,3
R021408,3
R050710,1
R067652,0
R012200,1
R047052,2
R077067,0
R015926,1
R044674,2
R019342,0
R088100,2
R008167,0
R017306,2
R028649,0
R010985,2
R008645,0
R091063,0
R041704,3
R068216,0
R097696,0
R041305,3
R034036,3
R038290,0
R055114,1
R079199,0
R094014,0
R096446,1
R007097,0
R017967,3
R016567,3
R016103,3
R056191,3
R065480,2
R076822,2
R023331,0
R033290,0
R091989,3
R059483,2
R091425,0
R033224,3
R066259,0
R011491,0
R023084,0
R078659,3
R047640,3
R097656,0
R089331,0
R016563,0
R073284,0
R002526,1
R059160,2
R073801,1
R074198,0
R056068,1
R032441,1
R050896,0
R027476,3
R075246,1
R071220,0
R058216,1
R021368,0
R040793,0
R083263,1
R028162,3
R036176,2
R078038,0
R066408,0
R065724,0
R004580,1
R066166,1
R094137,0
R078044,1
R068813,1
R021547,1
R002938,3
R062412,1
R035116,3
R057465,1
R006303,3
R079806,0
R001491,3
R016538,3
R041639,3
R051574,0
R012718,0
R091351,0
R031150,1
R026761,0
R065413,2
R088116,1
R077243,2
R067108,0
R007618,0
R009451,0
R068712,2
R012897,0
R007240,0
R095160,1
R039843,0
R005347,0
R005628,1
R058422,0
R065339,1
R039615,0
R093732,1
R005783,3
R074346,3
R027235,0
R014445,1
R078867,3
R068268,0
R081475,2
R011446,0
R071454,1
R090535,0
R010144,0
R058513,0
R071284,0
R052363,1
R053084,1
R049699,0
R019062,0
R006917,2
R056564,1
R068121,3
R087848,3
R045323,3
R091549,0
R023802,0
R035310,0
R059068,2
R045803,2
R052539,3
R057009,2
R034377,2
R003358,1
R053749,1
R036337,2
R002827,0
R092808,0
R069839,0
R095499,1
R097074,0
R010998,1
R038468,0
R097255,1
R088278,0
R006142,2
R077107,3
R061069,0
R029724,3
R022988,2
R040765,0
R021211,1
R012389,0
R065544,3
R043028,1
R068191,1
R016298,0
R070929,0
R020036,0
R018968,0
R084115,0
R052019,0
R038139,0
R034767,2
R023164,2
R031237,1
R045033,0
R026477,0
R016829,0
R011621,2
R096201,2
R052371,1
R095728,1
R058770,0
R037995,2
R092871,3
R093324,0
R044515,3
R058574,1
R017137,2
R063370,3
R081471,0
R019400,1
R011756,0
R083631,0
R086796,1
R094925,0
R056702,0
R096863,1
R095609,3
R015896,0
R075007,2
R004572,1
R009438,1
R020218,0
R043519,1
R060237,2
R036071,3
R054287,1
R067281,0
R034391,0
R063815,1
R064916,3
R037123,0
R097743,0
R075783,2
R091957,2
R062345,0
R053847,0
R069915,1
R090619,3
R013563,3
R051549,0
R070001,3
R025604,3
R067817,1
R080411,0
R039586,0
R004206,1
R058912,0
R098935,1
R075893,0
R014097,0
R072110,1
R019633,0
R041917,3
R085649,1
R067816,0
R022993,2
R091442,0
R055300,3
R075373,0
R080912,3
R032605,3
R096640,1
R024850,0
R092282,3
R060053,3
R086117,0
R036724,0
R075972,0
R013596,0
R033878,0
R022910,1
R028406,0
R086124,0
R088281,0
R046111,2
R003466,0
R003805,0
R064199,0
R094181,0
R015577,1
R081092,0
R071420,0
R061639,1
R094498,0
R035247,0
R057639,1
R020273,0
R011645,2
R065292,2
R064033,3
R098911,0
R004571,0
R054013,0
R088190,1
R019736,0
R050918,1
R050662,0
R093445,3
R054210,3
R057608,3
R086611,1
R052277,1
R028168,0
R044797,1
R009085,0
R003621,3
R031065,0
R015120,3
R032707,0
R029661,1
R036453,0
R052119,0
R000337,2
R042788,3
R029773,0
R091242,2
R080338,1
R086737,2
R069675,2
R024693,2
R001554,3
R010530,0
R001906,3
R000772,2
R097742,0
R011497,1
R084044,2
R097136,0
R058041,3
R073264,0
R090887,2
R094912,0
R009346,2
R040769,1
R014147,2
R082400,2
R050364,0
R052615,2
R086367,0
R047221,0
R076695,2
R029085,2
R080069,0
R008359,1
R088271,0
R044303,0
R087362,0
R016351,0
R050661,0
R077939,0
R072255,3
R035269,0
R034759,0
R087113,0
R055183,0
R019536,1
R010695,1
R099884,2
R024580,3
R078246,3
R091624,2
R084978,1
R000427,3
R063412,0
R006745,0
R022977,3
R065151,0
R058392,1
R086255,2
R033543,3
R016881,0
R059302,0
R080768,0
R043773,1
R034251,0
R012086,1
R017570,0
R028678,3
R095118,1
R075163,0
R003715,3
R026794,1
R002456,0
R051000,0
R099745,0
R060782,1
R058604,3
R098598,1
R005301,0
R072819,2
R043830,3
R065045,3
R067241,3
R078022,0
R012079,1
R097492,3
R084700,3
R094759,1
R081849,2
R007004,0
R023221,2
R043738,0
R035725,0
R086482,0
R036285,3
R061375,0
R038125,2
R075325,2
R002200,1
R040398,1
R036196,0
R090623,2
R077485,1
R098810,0
R088071,3
R020970,0
R041518,3
R018916,0
R070528,3
R005582,3
R067957,3
R022224,1
R022964,2
R076899,1
R034319,2
R008639,2
R001534,0
R009778,0
R032582,0
R004384,0
R072786,0
R088525,1
R017700,0
R040590,0
R017762,3
R059184,2
R014086,0
R048078,2
R071869,0
R064263,2
R050646,0
R082501,2
R092958,2
R068275,3
R054327,2
R067128,2
R097984,1
R066431,0
R049823,3
R034527,0
R021880,0
R041412,3
R082567,0
R050637,0
R042301,3
R037119,1
R021090,0
R060010,0
R071661,1
R021282,0
R003221,0
R001888,1
R093843,1
R084809,0
R000160,1
R090389,0
R071154,1
R097830,1
R028727,3
R080526,0
R087775,1
R019641,3
R087685,0
R044476,0
R026934,1
R058489,0
R078700,3
R060197,2
R020245,0
R093577,0
R097292,0
R085644,0
R009866,0
R080538,0
R030303,0
R098749,2
R062895,3
R081728,0
R068762,0
R034123,0
R097372,2
R024668,2
R086620,0
R064809,1
R065096,3
R090608,0
R032574,0
R033368,1
R031463,0
R030188,0
R045563,0
R090478,0
R047559,1
R027474,0
R008333,0
R073830,1
R032061,0
R080315,0
R018112,1
R037551,3
R077675,3
R039053,0
R013548,0
R076220,1
R027618,2
R082407,2
R004754,0
R088477,0
R015572,2
R004103,1
R009784,1
R083067,0
R076460,1
R065998,2
R094972,1
R028687,0
R040223,1
R053726,0
R010000,0
R089386,1
R009946,1
R004978,3
R055128,0
R000413,0
R006589,0
R048383,3
R026246,3
R083791,0
R052827,0
R003765,1
R099198,0
R029875,2
R025946,3
R002971,3
R096569,0
R081624,3
R014267,3
R028602,0
R096275,3
R085240,3
R029829,1
R081185,1
R035297,1
R042369,3
R065268,1
R045050,3
R075435,1
R064839,0
R059089,1
R052823,0
R082774,0
R043899,3
R073223,0
R078863,1
R083470,0
R025493,0
R099226,2
R068948,1
R063400,1
R068265,0
R068608,3
R081915,0
R050122,3
R004574,3
R025665,0
R070759,1
R049275,3
R086460,2
R060247,0
R039441,3
R090598,1
R009335,0
R065511,0
R017683,0
R035924,1
R011447,2
R085958,2
R057985,1
R038314,2
R026553,3
R014838,3
R096451,0
R000343,0
R092853,0
R057725,2
R044145,0
R097809,0
R098196,0
R005946,1
R099504,1
R033704,0
R060883,1
R015000,0
R007590,1
R021384,3
R038259,2
R030500,2
R025069,3
R030181,0
R021633,2
R049830,3
R032988,0
R079508,0
R046564,0
R067641,0
R051780,3
R048478,1
R096302,1
R034843,0
R040723,1
R012925,2
R029253,1
R028072,0
R055107,0
R062527,0
R051312,0
R029483,0
R058571,0
R049840,1
R066226,0
R046225,1
R013324,2
R085432,1
R050988,0
R090515,0
R086820,2
R047443,0
R037958,3
R014145,0
R078332,0
R052305,0
R044137,0
R037416,0
R031555,1
R048488,1
R054434,0
R030961,0
R005015,0
R071709,0
R075680,1
R044162,0
R084234,3
R075647,0
R073247,0
R039747,2
R078590,1
R035329,2
R070870,0
R076222,0
R003030,1
R074391,0
R069890,0
R059152,2
R067851,0
R094805,0
R089527,1
R056623,2
R055327,2
R006833,1
R066194,1
R052352,0
R004832,3
R052055,1
R079156,0
R034127,1
R059768,0
R014952,0
R018260,0
R029679,1
R018181,0
R029966,0
R081341,1
R057422,2
R096730,0
R079611,0
R018386,2
R012525,0
R079179,0
R092124,1
R046959,2
R041361,3
R007258,2
R043169,2
R027992,0
R090767,2
R051578,0
R054550,1
R059047,0
R049859,3
R058575,1
R041462,0
R062309,0
R021076,0
R055782,1
R004648,0
R084404,2
R056004,3
R047915,1
R071007,0
R004359,1
R071708,0
R009103,2
R022980,0
R043861,0
R001264,1
R084941,1
R026367,0
R007675,1
R039980,1
R075583,0
R088069,1
R046377,0
R021248,0
R060518,0
R058529,0
R022622,0
R097974,0
R060599,0
R001092,0
R071813,0
R040939,2
R077928,1
R088289,3
R050791,1
R088752,1
R008764,3
R083792,0
R041834,1
R039108,0
R071703,1
R041692,1
R033729,3
R044612,3
R011579,3
R008547,2
R015833,2
R049393,0
R084149,2
R061349,0
R086442,1
R051621,0
R011363,0
R039990,0
R039466,2
R008628,0
R027770,3
R067497,2
R094365,3
R000321,3
R020014,0
R044201,1
R085737,1
R035395,3
R069490,0
R036573,0
R046208,3
R014976,3
R029406,1
R021401,3
R089486,3
R014640,1
R068562,1
R084875,1
R041232,3
R031582,0
R044611,2
R095886,0
R009953,3
R061473,0
R033994,3
R056179,0
R025960,1
R074953,0
R005843,0
R068521,0
R076391,0
R097026,3
R015388,2
R000306,0
R061036,0
R066355,1
R036891,0
R016436,0
R051153,0
R042852,0
R074258,1
R014536,0
R085211,1
R023186,2
R002020,2
R049170,2
R002994,2
R007103,0
R054875,1
R041792,0
R017272,3
R032746,0
R032507,0
R031467,2
R012453,0
R048814,2
R070076,0
R049218,0
R031091,1
R097949,3
R041243,0
R089354,2
R024709,0
R011728,0
R037511,2
R074218,0
R072251,1
R092046,0
R082035,2
R045647,2
R082092,3
R049081,3
R019660,1
R035819,3
R006349,3
R018415,2
R098199,3
R032911,0
R068907,1
R003712,0
R073040,0
R091804,0
R066135,0
R096509,0
R039444,0
R038306,0
R054068,1
R029513,2
R044599,1
R055532,0
R066640,0
R097911,1
R080423,0
R088418,0
R031523,0
R089928,0
R014570,1
R001829,1
R090633,0
R066391,2
R096644,2
R071646,0
R094246,0
R060721,1
R028543,3
R013778,0
R094619,1
R081023,0
R096482,1
R061346,0
R026745,0
R034466,0
R043429,1
R058225,1
R053315,1
R063799,0
R080302,0
R046367,2
R062881,1
R050228,1
R090251,2
R063576,2
R026705,3
R017740,0
R085754,2
R066178,2
R052564,3
R079523,3
R062358,1
R056681,1
R050641,1
R094183,0
R080890,0
R072788,2
R002180,2
R071928,2
R075343,0
R001945,2
R022153,1
R073452,0
R008737,1
R086061,0
R052936,0
R064626,1
R097915,2
R084285,3
R015499,0
R022185,0
R037697,1
R055384,3
R038237,0
R012691,3
R040167,0
R081109,2
R023408,1
R062487,0
R007031,0
R097104,3
R073497,3
R043218,2
R048740,0
R071539,0
R037647,1
R091111,2
R054623,1
R090438,0
R089016,0
R011215,1
R040455,0
R055926,2
R040752,0
R060075,0
R010715,3
R076663,3
R019672,0
R037976,1
R054772,3
R069721,0
R017931,0
R058676,1
R099387,1
R040693,0
R038228,1
R049362,2
R084167,0
R021759,0
R092906,1
R099413,1
R000662,1
R049944,1
R073873,1
R023641,0
R012101,1
R053376,2
R039734,3
R018756,0
R022627,1
R074861,1
R026095,0
R045732,3
R038400,0
R081190,1
R081486,0
R031270,1
R052663,3
R044346,0
R007631,3
R031327,3
R003114,1
R072941,0
R086106,0
R010006,2
R080104,1
R061025,0
R077769,0
R083278,2
R047121,0
R077717,3
R055005,1
R018826,2
R004562,0
R007300,0
R043549,0
R055287,0
R047611,2
R057700,2
R051700,0
R066754,1
R076728,1
R022722,2
R039596,2
R016646,0
R085038,0
R044953,0
R055415,0
R090306,3
R083806,3
R079617,0
R025583,1
R062490,0
R051755,1
R098176,1
R042877,0
R006527,0
R062290,2
R048513,0
R035679,2
R070522,1
R039004,0
R062363,3
R004259,3
R068443,0
R089689,2
R055310,1
R031755,0
R096351,1
R015734,2
R015087,1
R043731,0
R049816,2
R025622,0
R072040,1
R062695,1
R055593,0
R097458,0
R058441,1
R044109,0
R082260,0
R014857,3
R074765,0
R032338,0
R065598,0
R023108,1
R012774,2
R085701,0
R088068,3
R074076,1
R050361,2
R061822,1
R074584,3
R004584,3
R080130,0
R008457,0
R053278,0
R034323,0
R075741,1
R079090,3
R068224,1
R062459,0
R060315,2
R013250,0
R032793,0
R081301,0
R020081,0
R051748,1
R002061,2
R083993,0
R067049,1
R034751,1
R007910,3
R067529,0
R085135,1
R076975,0
R060176,1
R073804,1
R068736,3
R021704,2
R027748,2
R095630,2
R082556,1
R073116,0
R003450,3
R008030,0
R040125,2
R029847,2
R079787,0
R087726,3
R083750,2
R045664,0
R005949,2
R019440,3
R015094,2
R004713,0
R086971,1
R062174,3
R072390,1
R040565,1
R013738,0
R034591,0
R022983,1
R096140,0
R098943,2
R008014,3
R017596,2
R008914,3
R020392,0
R099758,1
R009187,1
R027695,2
R069701,2
R059644,2
R046624,0
R050647,2
R042893,3
R052971,3
R095946,0
R070971,2
R063442,1
R064707,2
R086167,0
R021728,3
R053683,3
R015931,3
R013255,0
R085725,0
R059146,3
R008007,3
R048503,1
R091435,1
R039668,1
R097591,1
R083360,3
R055159,2
R015066,1
R073550,2
R002736,1
R018654,0
R042238,0
R043965,0
R051033,1
R086963,1
R007030,2
R015004,2
R045004,2
R012978,1
R048493,0
R074919,0
R047952,0
R095906,1
R020430,3
R081919,3
R025544,1
R040099,3
R098206,1
R069653,0
R072709,0
R096077,0
R034184,0
R050318,0
R090886,2
R001018,2
R042319,0
R032865,0
R095846,3
R024176,0
R083382,0
R067428,0
R072291,1
R079612,0
R095251,1
R030845,3
R087667,3
R082586,3
R051948,0
R084781,0
R042770,2
R020934,0
R008976,0
R000173,0
R040113,3
R051883,1
R073875,0
R070298,0
R059765,3
R002626,0
R086672,1
R088207,1
R097419,3
R016564,3
R057247,1
R055932,2
R048254,0
R025369,0
R091714,1
R046126,2
R030786,0
R009155,1
R016047,2
R042541,2
R073826,0
R016288,0
R081995,0
R089471,3
R085437,2
R097412,1
R055292,3
R010004,0
R034020,2
R091727,0
R018058,3
R068237,3
R003338,0
R042918,0
R036667,0
R000349,0
R003036,0
R010765,0
R079306,0
R044002,2
R051596,1
R036086,0
R042504,2
R090643,1
R033611,1
R082484,3
R086483,0
R031871,0
R052209,0
R043013,0
R093280,2
R084541,2
R033694,2
R087307,0
R037150,1
R036760,0
R083756,0
R059910,1
R079725,0
R084063,1
R047785,0
R072581,2
R029169,0
R041489,1
R004893,1
R099763,0
R014639,3
R032455,0
R071922,1
R050479,1
R045675,2
R032629,0
R028679,3
R008788,1
R060832,1
R076110,3
R013268,3
R053922,0
R023318,0
R034986,3
R078751,1
R030412,1
R093541,0
R081243,0
R085473,3
R041612,2
R094671,1
R004991,1
R010550,1
R036537,1
R061519,2
R045012,3
R076689,1
R023672,1
R039049,2
R095794,1
R019888,0
R020344,3
R096098,1
R092452,0
R085636,0
R035818,0
R019084,1
R024826,0
R020397,3
R098450,1
R072986,1
R068486,3
R013909,0
R022956,0
R077541,2
R058086,1
R027013,1
R023361,0
R090881,0
R074083,3
R019728,2
R082222,3
R083349,3
R077099,2
R037402,3
R002905,0
R051589,1
R089719,1
R069529,0
R081878,1
R007233,1
R071600,2
R010304,0
R051220,3
R091243,1
R076668,1
R055669,1
R001758,0
R082520,0
R009577,3
R021997,0
R018849,0
R044459,0
R043911,3
R014572,0
R061044,0
R026259,1
R039065,3
R056212,1
R016931,1
R030630,1
R018090,3
R066663,0
R040093,0
R065048,1
R013972,1
R033958,2
R081255,2
R089574,1
R075132,3
R023930,1
R083893,0
R057483,0
R018653,0
R045773,2
R080888,1
R073358,3
R068816,0
R074053,2
R002081,3
R088179,0
R070376,0
R051509,2
R043420,0
R003190,1
R005831,0
R046933,0
R097399,3
R098074,1
R073307,0
R032251,0
R097426,0
R034523,0
R099888,1
R091928,3
R055031,1
R084509,2
R095387,0
R072973,3
R089525,1
R030828,3
R022063,1
R006564,1
R078983,0
R088893,3
R022985,1
R068207,0
R068485,0
R032140,0
R065401,3
R027707,2
R059988,0
R047257,0
R036939,0
R051592,0
R052517,3
R006979,1
R013780,1
R020730,1
R051323,0
R007810,0
R040778,0
R024577,0
R091487,3
R061291,2
R024838,2
R019227,0
R089749,3
R093983,0
R016984,1
R070931,2
R031108,1
R090934,1
R097469,0
R098133,0
R000346,1
R067235,1
R062224,3
R013310,1
R071763,3
R097662,3
R047170,2
R002481,3
R008503,1
R086111,3
R065402,0
R060546,0
R022528,2
R082555,0
R029238,0
R023301,3
R025691,2
R045289,1
R059939,1
R049626,2
R076191,0
R056030,1
R092772,0
R026166,0
R072725,3
R078076,3
R059504,1
R065256,0
R099152,0
R088881,0
R075832,2
R054064,0
R022810,1
R003693,0
R007298,1
R022670,0
R014033,2
R033831,0
R066853,0
R017282,3
R054043,0
R024508,1
R044786,1
R048860,1
R012954,1
R097311,1
R013373,0
R039514,3
R025503,0
R022209,1
R042072,0
R078929,0
R077279,3
R031326,1
R090892,1
R009789,2
R047306,3
R092119,2
R023319,2
R088683,2
R066990,3
R018736,0
R059211,0
R017125,2
R096885,3
R085124,3
R022936,0
R004174,0
R008452,0
R045530,1
R022238,0
R026406,0
R020341,1
R067491,0
R027637,0
R099754,0
R064818,0
R024891,0
R016044,0
R094098,3
R088612,1
R035335,0
R003149,0
R088274,2
R085923,1
R045275,2
R051466,0
R024213,1
R065892,0
R071344,0
R072367,0
R031320,0
R093156,1
R086867,0
R084225,0
R031461,0
R031926,0
R024737,0
R022525,0
R034102,0
R017743,0
R043771,0
R032154,0
R000414,0
R000523,3
R048188,0
R075826,1
R002052,3
R071625,1
R096896,3
R005241,0
R058448,2
R072574,1
R020307,0
R093509,0
R033670,2
R081868,0
R046483,1
R025667,0
R084758,0
R030719,1
R091128,0
R006571,0
R034623,1
R093163,3
R086231,3
R048955,0
R069056,0
R073271,2
R048930,0
R033017,2
R004264,0
R030065,2
R059277,2
R034951,3
R096950,2
R099426,3
R092662,2
R092273,0
R065101,1
R033071,0
R062560,0
R068272,0
R019988,0
R055391,2
R028415,3
R005077,1
R098912,0
R039558,3
R038545,0
R047890,2
R050811,1
R089904,0
R016838,2
R069309,3
R071640,1
R023744,0
R027668,0
R042272,0
R018602,1
R064691,0
R079292,3
R095388,0
R021208,0
R012212,1
R044852,0
R019102,3
R085607,0
R002301,3
R064205,3
R015402,0
R034352,0
R066830,0
R015678,1
R090011,1
R000730,2
R064245,0
R078743,1
R061101,1
R088907,3
R058097,0
R055488,0
R057486,3
R043643,2
R051765,0
R017605,0
R054980,1
R041216,2
R041223,1
R054404,0
R055079,2
R051379,3
R094404,3
R037905,0
R014960,0
R040642,0
R075080,1
R068837,0
R073282,2
R084086,0
R030958,0
R074527,3
R017369,0
R089912,0
R050995,0
R092424,0
R035091,1
R022428,0
R071946,1
R023860,0
R013109,2
R016789,0
R012705,0
R075065,3
R015888,3
R057050,0
R099215,0
R059894,0
R015310,3
R097861,2
R071058,0
R086838,0
R082780,0
R047517,1
R076148,0
R099349,0
R009687,0
R017725,0
R072407,3
R058301,0
R057375,2
R035025,3
R023430,2
R065262,0
R060238,1
R044185,2
R025819,1
R057410,1
R095138,3
R049493,2
R041938,0
R030601,2
R093580,1
R016536,0
R098769,3
R056752,0
R033788,1
R026778,2
R093980,0
R023064,0
R065632,1
R086866,0
R075357,3
R035282,3
R090780,0
R061759,0
R046821,3
R025749,0
R058209,2
R079568,0
R068508,0
R092355,1
R089070,3
R028321,2
R032979,0
R002330,0
R085500,0
R044623,0
R090297,0
R004864,2
R016940,3
R007521,0
R038173,1
R044432,2
R075199,3
R042286,2
R009221,1
R082963,3
R051290,0
R052264,0
R050039,0
R086637,0
R005069,2
R008644,0
R052252,0
R043342,1
R098321,3
R064287,0
R014944,0
R029465,0
R079927,3
R081578,0
R097690,1
R027296,1
R009680,0
R017444,2
R037188,3
R028477,1
R089493,1
R036400,2
R028296,3
R023099,0
R036124,2
R095484,1
R059448,3
R065167,0
R046923,1
R025106,3
R003360,0
R092940,1
R034510,0
R053746,0
R016704,0
R002658,2
R091095,1
R088052,2
R043299,3
R033315,0
R002713,1
R008163,3
R073586,2
R066084,2
R067862,1
R034898,0
R097429,0
R003274,2
R009599,0
R086028,2
R032648,0
R095018,0
R058104,3
R029498,1
R075504,0
R060757,0
R000666,1
R047432,0
R016632,1
R059390,0
R065047,0
R048871,1
R016735,2
R086954,0
R072719,0
R064785,0
R050427,2
R005559,0
R063946,3
R092316,0
R077703,0
R068019,0
R026882,0
R040949,0
R045022,0
R069212,3
R070582,0
R059537,3
R042216,1
R062773,0
R097621,0
R070278,2
R047159,3
R002997,0
R026524,2
R084729,0
R027509,0
R040244,1
R034820,1
R055445,1
R027493,1
R076109,3
R059508,0
R026200,2
R014044,1
R010687,2
R099035,0
R074851,2
R087116,0
R038319,0
R014916,0
R063144,0
R041939,1
R054587,0
R009105,2
R057681,0
R058186,0
R039665,0
R018557,0
R046478,0
R049234,0
R057971,0
R097584,0
R098949,0
R082647,0
R088727,1
R094534,1
R000815,0
R078716,0
R018254,3
R074726,1
R045949,3
R037873,0
R062534,0
R033794,1
R040228,3
R082106,0
R075597,2
R017363,3
R001495,1
R003331,3
R053299,1
R089246,0
R077398,1
R006772,0
R019751,0
R029888,1
R013234,0
R091211,2
R017729,3
R068918,2
R091543,3
R017639,1
R064937,2
R000661,0
R053733,0
R006293,0
R078695,0
R082287,3
R092613,0
R047435,2
R017426,3
R011811,1
R057619,3
R057545,1
R041312,0
R018005,3
R079716,0
R095032,1
R085990,1
R096720,2
R083021,3
R026756,0
R012938,0
R016068,0
R060179,1
R047548,0
R025269,0
R009124,1
R099736,0
R061296,0
R073568,3
R083296,1
R090148,0
R066634,0
R095882,0
R071472,0
R095969,2
R011713,0
R052850,1
R058721,0
R040229,0
R015249,3
R013818,1
R026061,3
R008850,0
R084182,2
R038862,2
R012005,2
R017300,1
R048438,0
R057508,0
R008055,2
R090548,2
R092653,3
R019187,3
R032895,1
R093166,0
R069035,1
R017465,2
R027518,0
R077672,1
R025292,2
R009263,0
R090275,0
R075218,1
R053060,0
R003725,0
R060269,2
R070950,1
R035062,3
R025976,3
R074848,2
R018964,1
R024032,0
R079667,0
R039317,2
R061618,1
R091272,2
R061466,1
R083365,2
R080520,0
R069621,3
R084406,3
R064423,0
R085368,2
R060173,0
R053825,1
R035708,3
R094346,3
R017128,0
R047141,0
R075004,0
R099264,3
R030989,1
R082666,1
R027800,0
R017693,0
R084630,3
R047892,2
R012055,2
R000731,0
R012646,1
R061468,1
R073007,2
R011454,1
R016193,0
R085051,3
R063275,0
R069154,1
R055075,0
R011627,2
R068302,1
R075944,1
R006691,2
R046733,1
R009615,2
R057556,3
R093868,2
R059522,0
R019287,1
R040010,2
R004547,0
R014180,2
R067090,3
R050070,1
R043039,2
R014867,0
R053785,0
R075668,3
R029212,1
R073939,3
R096890,0
R097240,0
R005939,0
R058940,1
R009477,2
R069713,1
R018861,1
R039916,3
R085476,1
R071279,3
R008252,0
R009468,2
R014480,3
R002353,2
R012125,0
R059558,3
R046357,0
R027938,3
R080390,3
R000246,3
R012856,3
R071647,0
R085948,2
R084654,1
R036084,0
R019638,0
R069861,0
R029087,0
R005676,0
R028392,2
R081854,0
R031394,0
R037090,0
R041028,2
R087976,0
R090931,0
R031562,0
R085660,0
R018508,3
R063313,0
R013185,3
R042290,3
R092361,1
R018002,2
R047736,0
R004168,2
R038833,0
R074015,0
R090366,0
R079939,1
R089516,0
R008565,0
R017612,2
R074671,0
R065296,1
R096909,2
R052284,0
R052319,2
R040490,0
R025709,2
R090557,3
R090589,1
R038194,0
R001997,0
R056985,2
R081232,0
R062183,0
R071805,0
R073054,0
R026616,1
R021505,1
R000962,1
R015168,0
R099128,0
R091987,1
R012042,0
R004934,3
R053796,1
R037646,1
R037649,1
R077330,0
R051396,0
R079567,3
R002115,2
R072164,1
R034380,0
R059758,0
R060281,3
R072518,1
R078521,1
R018774,0
R090717,0
R064935,0
R085255,2
R077190,1
R022259,2
R011167,1
R033317,0
R030369,3
R031907,3
R069397,0
R034398,0
R049381,1
R017140,3
R015039,0
R061785,3
R008478,2
R018327,2
R013455,0
R046987,2
R056633,3
R066974,1
R045625,0
R049606,2
R088951,0
R053409,1
R007014,3
R021967,0
R037450,1
R020215,3
R048492,1
R067842,1
R000431,3
R091184,0
R044920,0
R093213,1
R087240,0
R028593,2
R049207,1
R037362,1
R016790,2
R094427,3
R064080,1
R040597,1
R061227,2
R098768,0
R015070,1
R079273,1
R003546,0
R055516,2
R058079,3
R045403,0
R022196,0
R093217,0
R028942,1
R060328,0
R086458,1
R094817,3
R062956,0
R026829,3
R042917,1
R001381,2
R097170,0
R027223,1
R049318,2
R020521,2
R034277,1
R084468,0
R022547,0
R027849,0
R064654,1
R082286,1
R024781,0
R025526,0
R013086,1
R012449,0
R046152,0
R033805,0
R012468,2
R022686,0
R029609,2
R085328,1
R087380,1
R076004,0
R085554,0
R037359,3
R044206,1
R021022,0
R044188,2
R019717,2
R008873,0
R053666,3
R064170,0
R049734,0
R091229,1
R056153,1
R061024,2
R036091,1
R073554,0
R028292,3
R054672,1
R019378,2
R014607,0
R072209,1
R003410,2
R046229,1
R085794,2
R050713,0
R098167,3
R086851,2
R086916,1
R003736,0
R008065,0
R083308,0
R052281,0
R087095,0
R030838,3
R091527,0
R015832,0
R075408,0
R097657,0
R090995,1
R063320,1
R078150,1
R001194,2
R066922,2
R095163,1
R018453,3
R047360,2
R062556,3
R007962,2
R052139,1
R090764,3
R016056,0
R067126,0
R064172,0
R060521,2
R025450,0
R088866,2
R073266,0
R065752,0
R087932,2
R028263,0
R030248,1
R082269,2
R036041,3
R052491,0
R052392,3
R078862,0
R055018,0
R018763,3
R007548,0
R001347,0
R096015,3
R076714,0
R019580,0
R066496,2
R077442,0
R047598,0
R050975,0
R072140,2
R085850,3
R098068,3
R063945,0
R060523,1
R090869,2
R077848,2
R024251,0
R048296,0
R003099,2
R084126,0
R030351,2
R011190,3
R022752,2
R050761,0
R088816,0
R050787,1
R087936,0
R066800,0
R051950,1
R052299,1
R014750,0
R030591,1
R077941,1
R034812,0
R069452,0
R054965,0
R020803,0
R007513,1
R034939,1
R033122,2
R080647,1
R074782,0
R026805,3
R048521,0
R086811,0
R081227,1
R069389,0
R086227,1
R099136,1
R053142,2
R070588,2
R029076,1
R013379,0
R046202,0
R080591,3
R050314,1
R069583,0
R081428,2
R052723,0
R017799,1
R076767,0
R073384,1
R043603,2
R004946,0
R030255,3
R031724,2
R088842,0
R006024,0
R008587,2
R074008,3
R023830,3
R026191,0
R034842,3
R087813,1
R091885,2
R037075,1
R083258,3
R099488,0
R066796,1
R058908,3
R068656,0
R001350,1
R040581,3
R077517,1
R051810,0
R065142,1
R089230,1
R092947,1
R079989,2
R080313,1
R045509,3
R040422,3
R094558,1
R019609,1
R099883,0
R064127,1
R054060,0
R008636,0
R082363,1
R073974,0
R000456,0
R010713,0
R067593,0
R091122,3
R027205,3
R098664,2
R076490,0
R098468,3
R092873,0
R088000,3
R068801,0
R098078,0
R074883,3
R088724,0
R004386,0
R000178,1
R000201,0
R051269,0
R036175,1
R093497,3
R002821,1
R067439,0
R010739,0
R063216,2
R024402,1
R075232,1
R039833,1
R083815,2
R024949,1
R036097,0
R077669,3
R006239,3
R077631,0
R008422,2
R053609,1
R088883,2
R008681,0
R047057,3
R002743,2
R053283,3
R004391,0
R042225,3
R009734,1
R078420,0
R063711,0
R041780,0
R061053,1
R058234,0
R002924,3
R047955,2
R084230,3
R087368,3
R033021,3
R038346,2
R070421,3
R058307,0
R098519,0
R010328,0
R024448,0
R018787,0
R045322,3
R044989,3
R009393,1
R044838,0
R019421,0
R047045,1
R003091,2
R044125,1
R053770,1
R000890,1
R044507,1
R092372,0
R088782,0
R072449,0
R099434,0
R028447,1
R009106,0
R076920,1
R029322,3
R052283,0
R058221,1
R017483,0
R063053,0
R007484,0
R062946,3
R082980,1
R019080,3
R091441,0
R084615,2
R054049,0
R012540,1
R031979,1
R082242,2
R066555,0
R008377,1
R081780,1
R041089,3
R003090,1
R080771,0
R067577,2
R054251,0
R015660,1
R063566,1
R054951,3
R092706,0
R055676,1
R087038,2
R066389,0
R000202,0
R005740,0
R006053,3
R090235,0
R002482,2
R080774,0
R087011,3
R006952,1
R016630,0
R054374,1
R039811,1
R073604,1
R010666,0
R090384,0
R008604,0
R005801,0
R023704,0
R054962,2
R084365,1
R039272,1
R073784,0
R038900,0
R025677,3
R009386,3
R082755,0
R043579,1
R048614,2
R043490,3
R080947,0
R035825,0
R012343,2
R084883,0
R060212,1
R010222,0
R055494,1
R019146,1
R016738,3
R098692,2
R063642,1
R081010,1
R050993,2
R016222,0
R044699,2
R093072,0
R069210,0
R067319,1
R028927,0
R043286,3
R040607,3
R072191,2
R082403,1
R062525,2
R006167,3
R070853,0
R083129,1
R051914,0
R068409,2
R081032,3
R077007,0
R089592,2
R026719,0
R058107,2
R067472,0
R000663,0
R035043,3
R081362,0
R068501,3
R037288,0
R037900,0
R079393,3
R047458,0
R053848,1
R052540,2
R075578,1
R039254,2
R072893,3
R025322,0
R057960,0
R035435,0
R034598,1
R013836,0
R009747,2
R075127,2
R016959,0
R036347,1
R072126,0
R058891,0
R035521,2
R096234,3
R078318,1
R007126,3
R045126,0
R050105,0
R097692,0
R016311,0
R081614,1
R028971,2
R077491,3
R053811,0
R058564,2
R084560,0
R095115,0
R051239,0
R006692,3
R039844,1
R091974,1
R088804,1
R081925,0
R089152,1
R043178,2
R067846,0
R089226,0
R088126,1
R083405,0
R097678,0
R067100,2
R087008,0
R043236,0
R039989,0
R047974,3
R049079,0
R084431,3
R042227,0
R013152,0
R004759,0
R016858,0
R023844,0
R012831,0
R003699,2
R034891,2
R058163,2
R098782,0
R030895,0
R088657,0
R045739,0
R054081,3
R013105,2
R070548,1
R075766,2
R047370,0
R062972,1
R060093,0
R098624,0
R077457,3
R050712,0
R025003,2
R077497,0
R030532,0
R089838,0
R026784,0
R021865,2
R091319,0
R005985,0
R074024,0
R037412,0
R084863,0
R034886,0
R019969,0
R052050,0
R013042,1
R020189,0
R098077,0
R050095,3
R084785,0
R038808,0
R054005,0
R084523,3
R077422,0
R095798,3
R042436,0
R062410,0
R013512,0
R060150,1
R073748,1
R055660,3
R029838,3
R074296,0
R031017,3
R079992,2
R072858,0
R026345,1
R001636,0
R052364,0
R046295,0
R027423,1
R003282,0
R063052,3
R071725,0
R038140,1
R086740,3
R007144,0
R017498,0
R054594,1
R033210,0
R023143,0
R065076,1
R002026,0
R054124,3
R050073,2
R011317,2
R070785,0
R067761,0
R045848,0
R061874,2
R059731,0
R078107,1
R083966,1
R067701,3
R048034,1
R002601,2
R007769,0
R067845,0
R062268,1
R092359,0
R081080,1
R078999,0
R073305,1
R017009,1
R024581,0
R099961,3
R091459,1
R092985,0
R020274,1
R006326,0
R041766,0
R083149,1
R089657,2
R004299,0
R002577,0
R063079,1
R039754,3
R039177,2
R026962,0
R026570,1
R076760,0
R055096,1
R014796,2
R059073,3
R093646,0
R079854,3
R043185,2
R031254,1
R047828,3
R015128,3
R098578,3
R084221,0
R036241,1
R057720,0
R011639,0
R059485,0
R006110,3
R076743,2
R001887,3
R060270,3
R031479,0
R071834,0
R064344,0
R003781,0
R069935,0
R008678,3
R083225,2
R069229,3
R054704,0
R048820,0
R091997,3
R068137,0
R003878,0
R004035,0
R038693,1
R011850,0
R039647,3
R076580,1
R083638,1
R051093,2
R092823,0
R012327,2
R028007,3
R066025,0
R000219,0
R052426,2
R047651,0
R050162,3
R041928,3
R012562,0
R081035,0
R014249,1
R072502,1
R044421,0
R033494,1
R014467,0
R098197,0
R033559,0
R008846,3
R092062,0
R018685,0
R099063,2
R002372,0
R085482,0
R001847,3
R064193,2
R061708,3
R083222,1
R060015,0
R082149,2
R009518,0
R050008,2
R091871,0
R097336,1
R036489,3
R056443,1
R096005,3
R043921,0
R085942,0
R010474,0
R087018,0
R060482,1
R010340,0
R078355,0
R040621,0
R092142,1
R039653,0
R023633,2
R048758,1
R087801,2
R056388,0
R004634,0
R045895,2
R047552,0
R007474,0
R092674,1
R029374,1
R049620,1
R028809,0
R089439,0
R070682,2
R063455,0
R050885,0
R069672,0
R063853,1
R095912,3
R095561,1
R091610,0
R052966,2
R010252,0
R025843,0
R048179,0
R089609,0
R064168,2
R015445,3
R061242,0
R020762,0
R063423,0
R047033,2
R097079,1
R053817,3
R092195,0
R052090,0
R056459,1
R062355,3
R078104,2
R059176,0
R021951,0
R036354,3
R004958,2
R005860,1
R062009,0
R040798,0
R035513,0
R001969,3
R095379,0
R084559,0
R076418,0
R067946,2
R017065,0
R078552,3
R066126,3
R032439,2
R089345,1
R052184,0
R065440,2
R015627,0
R074863,1
R080518,0
R083596,1
R002892,0
R079009,0
R062944,3
R052259,3
R011718,0
R004013,0
R062746,3
R057595,1
R020930,3
R025113,3
R050344,0
R000864,0
R074943,1
R046871,0
R096502,0
R075953,1
R024898,0
R040433,0
R067859,0
R051420,1
R013380,0
R021650,1
R016254,3
R002263,0
R016651,3
R075940,0
R058463,0
R091331,0
R065174,0
R083343,0
R081805,2
R014410,0
R017044,0
R008154,0
R091667,3
R031206,1
R061905,0
R026412,0
R009461,0
R091593,0
R048016,1
R002751,1
R096018,0
R087410,2
R045388,0
R043393,0
R097723,1
R024292,1
R023547,0
R083056,0
R010277,0
R011977,0
R050644,3
R008910,0
R068372,0
R047759,0
R068962,1
R052754,3
R097197,1
R014899,2
R059062,1
R073673,3
R000489,2
R052022,0
R010526,0
R060221,1
R024291,0
R027359,1
R082089,0
R057476,1
R071574,2
R028604,3
R095226,0
R080977,2
R079583,2
R007404,0
R064087,0
R026248,0
R094986,0
R071783,0
R049565,2
R096243,2
R013918,0
R063230,0
R082045,0
R076395,3
R096771,2
R046626,1
R076358,0
R012667,3
R073763,1
R026505,3
R023182,0
R098762,2
R079457,0
R089678,3
R091269,0
R051585,2
R088142,2
R002349,0
R002215,1
R088609,1
R035977,2
R026936,0
R073930,0
R067824,0
R048461,0
R078339,1
R049365,1
R086545,0
R021978,0
R066646,2
R004988,0
R014950,0
R048309,0
R066212,0
R037052,0
R069470,2
R029596,2
R002213,2
R023317,3
R069608,3
R049383,1
R018758,0
R086621,0
R085345,0
R022108,1
R060381,1
R093456,2
R066676,0
R053431,0
R071031,2
R028751,1
R016187,1
R035941,3
R059015,0
R049587,1
R077000,1
R047217,1
R072111,2
R030158,0
R093618,0
R091204,0
R020377,0
R003745,1
R027136,0
R059123,2
R030865,0
R067792,3
R045940,2
R018097,3
R019606,1
R013401,2
R026970,1
R002551,0
R082993,1
R047809,1
R050743,0
R086338,0
R005583,1
R046226,0
R079631,2
R042470,2
R049703,0
R029487,1
R056428,0
R084735,0
R005199,0
R078632,0
R018151,0
R011451,3
R039806,3
R025577,0
R059327,0
R035498,0
R046000,3
R021260,0
R063638,1
R055502,0
R079149,1
R014940,1
R078276,3
R044402,1
R060785,0
R038472,1
R054338,3
R000710,2
R022236,0
R091077,3
R015728,3
R079351,0
R074274,0
R083907,0
R069644,3
R037427,2
R020329,3
R099201,1
R068725,2
R074739,3
R015401,1
R054178,0
R064560,0
R071998,0
R026536,0
R057025,0
R069525,3
R014566,1
R086315,0
R067354,0
R040924,1
R009785,2
R074237,1
R091010,1
R014134,0
R016209,3
R083381,1
R077698,0
R036945,0
R073747,2
R004291,1
R045613,0
R012818,0
R051058,0
R012957,2
R094760,0
R019519,3
R073626,0
R060454,0
R003689,3
R026030,0
R049947,0
R071697,2
R032754,2
R073947,3
R070418,2
R076863,1
R009312,2
R001994,0
R039101,2
R091669,0
R065353,1
R086998,0
R091027,1
R025491,1
R003945,3
R078053,0
R068691,1
R014575,0
R035390,2
R020128,0
R065442,3
R002365,0
R073720,1
R049411,0
R090530,1
R093592,1
R010446,2
R048234,0
R006469,0
R081160,2
R021321,3
R011598,0
R067983,2
R096723,0
R026976,0
R084310,0
R078875,0
R007649,0
R056929,2
R013650,1
R091467,0
R048896,1
R044529,1
R088446,2
R073368,2
R047479,1
R035961,0
R094896,0
R041122,0
R097979,1
R071653,2
R020735,2
R035900,0
R098340,0
R057173,1
R074021,1
R088077,0
R083452,2
R009696,0
R045660,0
R047282,2
R014759,3
R031325,0
R071173,2
R052087,1
R052241,0
R058840,3
R068144,1
R031255,2
R039760,2
R084362,0
R068863,0
R085712,0
R004532,2
R001130,0
R092542,1
R059725,0
R062537,0
R097877,0
R068044,1
R086965,3
R004240,2
R012859,0
R041249,1
R051043,1
R044602,1
R031101,2
R033348,0
R028213,3
R033314,1
R019691,0
R026400,2
R057291,0
R076701,0
R006610,2
R040715,1
R028772,3
R058402,1
R070568,3
R009040,1
R020583,3
R005414,1
R087660,0
R059230,1
R037446,0
R007005,0
R087807,0
R073829,1
R058943,1
R083442,0
R071016,1
R096677,0
R056011,0
R072731,0
R081021,3
R099898,0
R072116,1
R033890,1
R023398,0
R034733,0
R016018,0
R046571,1
R046729,1
R040465,0
R080061,1
R044126,0
R016343,0
R079420,0
R072534,2
R050882,3
R080770,3
R020995,3
R018803,0
R074459,0
R067134,2
R075091,2
R031543,2
R099997,2
R076521,1
R067715,1
R043918,0
R063901,2
R048000,1
R029449,3
R008954,2
R014907,1
R051354,0
R013730,1
R068480,0
R080902,0
R007007,0
R091245,3
R045074,0
R058330,0
R006008,0
R067690,0
R062934,0
R039580,2
R050235,1
R075274,1
R037874,1
R027628,0
R094265,2
R095770,3
R031967,2
R037762,0
R096257,1
R031568,0
R045881,0
R025332,0
R067962,1
R096899,2
R043689,1
R040233,0
R038179,3
R023062,0
R091586,0
R032221,0
R088404,3
R049390,1
R068719,1
R071601,1
R050846,1
R074386,1
R009818,2
R044307,1
R017221,3
R082074,0
R025780,0
R086187,0
R084332,0
R017859,1
R056455,3
R001566,1
R091704,0
R087282,0
R054437,0
R049337,0
R088708,1
R076302,3
R033772,0
R057444,0
R070490,0
R048888,0
R090159,0
R041156,2
R030559,0
R047616,0
R084783,0
R037431,1
R076961,0
R077095,1
R020828,2
R007085,0
R086784,2
R096048,0
R043444,0
R082754,1
R038295,0
R072418,1
R044574,0
R050378,0
R032230,1
R088811,0
R090276,0
R030701,0
R084701,1
R014525,0
R000704,3
R030013,1
R045273,3
R086416,0
R002956,2
R024680,0
R079380,0
R064959,0
R069927,0
R053738,0
R040603,2
R080007,0
R023390,3
R028230,1
R044585,0
R036745,0
R088134,1
R095809,0
R003226,3
R057810,1
R026615,3
R080744,3
R023313,0
R063115,2
R043616,3
R032822,3
R000818,3
R069497,0
R035868,0
R078012,0
R090274,3
R064391,3
R052824,1
R015838,0
R003095,2
R045688,3
R035407,0
R066373,1
R058939,0
R094823,0
R010749,2
R044328,2
R061042,1
R086824,1
R005854,3
R081336,2
R097521,0
R079203,0
R040675,1
R057821,0
R048108,0
R058806,3
R068995,1
R053296,3
R047812,3
R040429,2
R060679,2
R097526,1
R057684,0
R061635,3
R011790,2
R037196,0
R048536,3
R027311,0
R004153,2
R041735,0
R091850,0
R085806,2
R023616,0
R067695,3
R047873,2
R001214,0
R083369,1
R096378,0
R075982,2
R029510,0
R095475,0
R058921,2
R072047,0
R084076,0
R066528,1
R026450,0
R036650,2
R013865,0
R007655,2
R066252,1
R070643,0
R094355,0
R020304,0
R020477,0
R082499,0
R011353,2
R014984,3
R072357,3
R014792,1
R037767,1
R042880,1
R037837,0
R004819,1
R085674,1
R065853,2
R006624,0
R095434,0
R088824,0
R071722,0
R065406,2
R039878,0
R092866,3
R086062,2
R034417,3
R098669,1
R076620,0
R025041,0
R034613,2
R014335,1
R030992,1
R006822,2
R054059,0
R059748,3
R026766,2
R010505,0
R051076,2
R098934,0
R092665,0
R052879,0
R070355,1
R030549,0
R062499,1
R099699,1
R055823,2
R075863,3
R028046,0
R008000,1
R076653,0
R007364,2
R025173,0
R030082,2
R025889,3
R084960,0
R067883,0
R021146,0
R028871,1
R013545,3
R096409,1
R064251,3
R069612,1
R084300,2
R055641,2
R079334,2
R010639,0
R084799,0
R076657,1
R007956,0
R047850,1
R002236,1
R068592,0
R088839,0
R089795,1
R008255,1
R091779,3
R052810,3
R063064,0
R003517,1
R047453,0
R024219,0
R044940,0
R065004,1
R007389,3
R087468,0
R094628,0
R087767,0
R062121,0
R005254,0
R055982,1
R007617,2
R090903,1
R099058,1
R015171,0
R044513,1
R011706,2
R068654,3
R032570,0
R018178,0
R030770,0
R043847,3
R049419,0
R041268,0
R063127,0
R091291,3
R055939,1
R030997,1
R019578,3
R090432,0
R073515,0
R075818,3
R097895,0
R071159,3
R025541,1
R053529,0
R006669,2
R092973,1
R023640,1
R035328,0
R077166,0
R005341,1
R041060,1
R046401,0
R074478,1
R008401,3
R008886,1
R051401,2
R038732,2
R095691,2
R023644,3
R066885,1
R091433,1
R026171,0
R018384,2
R068149,0
R068738,2
R056643,0
R017613,0
R062019,2
R096979,0
R033862,2
R027740,1
R023441,1
R082327,2
R096828,0
R006300,2
R075733,0
R086875,0
R065109,1
R008957,0
R088920,0
R061314,2
R050481,1
R033546,2
R053702,0
R076154,2
R059813,2
R007358,0
R095185,0
R030550,0
R081114,0
R096359,2
R034069,2
R042222,2
R089558,2
R088691,1
R027316,2
R006552,0
R095964,2
R043649,2
R032265,0
R035814,0
R032993,2
R067380,0
R088781,0
R077889,1
R057384,1
R028625,0
R037278,3
R093838,0
R059156,1
R011588,3
R013671,2
R035690,2
R084625,1
R069463,3
R029400,0
R002038,0
R056292,0
R000417,2
R087569,0
R002393,2
R052157,1
R056377,3
R078282,3
R048813,1
R079082,3
R069874,3
R048587,0
R019348,1
R040849,0
R011027,0
R084032,1
R010499,3
R067725,0
R085479,2
R063788,0
R002166,2
R021080,0
R074307,1
R057874,2
R076351,2
R055422,1
R079455,0
R026953,0
R082261,1
R005195,2
R062255,0
R093045,1
R062688,0
R088578,0
R095834,3
R031583,1
R008801,2
R045835,2
R024247,0
R058688,1
R008942,1
R094626,0
R086142,1
R041431,0
R035525,2
R086398,2
R011527,0
R094264,2
R058923,0
R024388,0
R021132,1
R037981,3
R062749,3
R010859,0
R024917,3
R040039,0
R009799,2
R027002,1
R048041,3
R011535,1
R058323,0
R040435,0
R030622,2
R049531,1
R060295,3
R017505,1
R082392,0
R086547,3
R026971,0
R068919,2
R085225,1
R097739,0
R035287,0
R072727,1
R052236,2
R067705,0
R062690,0
R040594,1
R080909,1
R067762,2
R035235,2
R014979,1
R023418,2
R039435,1
R045534,0
R035929,2
R053934,0
R039537,0
R066535,3
R012471,3
R065995,0
R087765,2
R044072,0
R030267,0
R000801,3
R034420,2
R013610,0
R098455,0
R084251,0
R060220,1
R091569,2
R025908,0
R039832,2
R065061,0
R044806,2
R049189,0
R061260,1
R083937,0
R094664,3
R050466,0
R058350,1
R004655,2
R061483,2
R070743,0
R026033,3
R016733,0
R014383,3
R056460,3
R051528,0
R096532,0
R040351,0
R036568,1
R021768,1
R050537,0
R000791,0
R010196,0
R099605,0
R046746,0
R045404,0
R047916,1
R059388,0
R027607,0
R098146,0
R064059,3
R029674,1
R063218,0
R091693,2
R096548,0
R009483,0
R031569,0
R012480,1
R082200,1
R079924,0
R024487,0
R037192,0
R039967,0
R028138,2
R007845,0
R028273,3
R074334,0
R000301,1
R043247,0
R082151,0
R019825,0
R037723,0
R041600,0
R085393,1
R003581,3
R093209,2
R040891,2
R005176,1
R094095,1
R087442,1
R007819,3
R023372,2
R045382,2
R098689,1
R016752,1
R011815,0
R037544,0
R024915,2
R054019,0
R021337,1
R088508,0
R081790,0
R034538,0
R078853,0
R069910,1
R027825,1
R001583,3
R052008,0
R020478,3
R084867,0
R096139,0
R025329,0
R009562,2
R088248,0
R013911,1
R004568,1
R096680,0
R059158,0
R036402,0
R000174,0
R006171,0
R037786,3
R080595,1
R040541,2
R093595,2
R091792,3
R050272,0
R085593,1
R069457,0
R072472,1
R033542,3
R005023,0
R057493,1
R044545,1
R058459,0
R055709,1
R066735,2
R017920,1
R018664,2
R061957,2
R038409,0
R008327,1
R046085,0
R052432,2
R018268,0
R029286,0
R003486,3
R001746,0
R063051,2
R037973,3
R099825,0
R029546,0
R017577,3
R046057,1
R033028,1
R075060,0
R020682,1
R021422,1
R072784,0
R057632,1
R020793,0
R054856,1
R058812,2
R032200,1
R057756,3
R085267,0
R054742,0
R027499,0
R082420,2
R095425,0
R083099,1
R028493,1
R016268,0
R030179,2
R063055,1
R071680,1
R012073,1
R012333,0
R056565,0
R083533,0
R055810,0
R039439,3
R010185,2
R037162,2
R035840,2
R028956,0
R071316,3
R029556,0
R093158,3
R053905,0
R084037,1
R009450,1
R011951,2
R069642,0
R041370,1
R093982,0
R006178,1
R038897,2
R016313,0
R078833,2
R081862,0
R088017,3
R025028,2
R001157,0
R083210,0
R037313,1
R083419,1
R073261,0
R026920,1
R051060,1
R003542,2
R071254,0
R036416,2
R092774,1
R047577,0
R074780,2
R084910,0
R041398,1
R045277,0
R098676,1
R068928,0
R089696,1
R094057,0
R080528,0
R009326,1
R000430,1
R003830,0
R017775,0
R019038,1
R003909,0
R012386,1
R080821,3
R056271,1
R053527,3
R098235,2
R081848,2
R046016,0
R089863,0
R072389,1
R061546,0
R060167,0
R093901,1
R054274,0
R039377,0
R074213,2
R001324,1
R029635,3
R026718,0
R039826,3
R045524,0
R098645,0
R001366,1
R054284,0
R086303,3
R053695,1
R073691,0
R062143,0
R077673,2
R023035,0
R090708,0
R034631,3
R032659,1
R047197,0
R026147,0
R097337,1
R094921,0
R065008,1
R084439,0
R026260,2
R043573,3
R085823,0
R094278,3
R053036,1
R004900,3
R027578,0
R031039,2
R050193,0
R051724,2
R024006,0
R079810,0
R076127,3
R069796,1
R029657,3
R093944,0
R045222,2
R030798,1
R004699,0
R025548,1
R073360,0
R047167,1
R023112,2
R092854,1
R023436,2
R077418,1
R025032,0
R092900,3
R089081,1
R069878,1
R045441,3
R004190,1
R009705,2
R001579,2
R014508,2
R082182,0
R096060,2
R004916,3
R034629,0
R029363,0
R086862,0
R017290,1
R044486,2
R009185,0
R049353,1
R074981,0
R095565,0
R098186,2
R010941,1
R017309,2
R044178,1
R015763,2
R045859,0
R010980,0
R026924,0
R082217,0
R080997,1
R054375,0
R076807,1
R083226,0
R002446,0
R082342,0
R076839,2
R002993,1
R037181,2
R027453,1
R073812,2
R091407,1
R060104,3
R016857,0
R018265,1
R094054,0
R021279,0
R043047,0
R015137,0
R098613,3
R044677,1
R084838,1
R015429,3
R036864,0
R079065,3
R056038,0
R059279,2
R054305,1
R014101,0
R080481,3
R052578,0
R057129,2
R065967,3
R094186,0
R033453,0
R089145,2
R004280,2
R055070,2
R085903,3
R000228,3
R056909,1
R044804,0
R079596,2
R030520,0
R065503,1
R046697,2
R088177,0
R032368,1
R077665,3
R078682,0
R085596,0
R031450,3
R027974,1
R078293,1
R096553,3
R081773,1
R048349,2
R099399,0
R005971,0
R060070,0
R070572,1
R039292,3
R081611,1
R069123,2
R049949,0
R046565,0
R085025,3
R025671,0
R014242,1
R004698,0
R097506,1
R024541,0
R090549,2
R088570,2
R063624,0
R035397,2
R031408,0
R097935,0
R096210,0
R051049,0
R075527,2
R001989,1
R097976,1
R031614,0
R083675,3
R069956,0
R046431,0
R063557,0
R051124,3
R035313,1
R020703,1
R096886,0
R010317,2
R062228,0
R058909,0
R038826,2
R002860,3
R089541,2
R054020,0
R079534,0
R025605,0
R067653,3
R017753,2
R021050,3
R018141,2
R074012,0
R042316,1
R019254,1
R098278,1
R062427,3
R033445,0
R052835,3
R016433,0
R077853,0
R083107,0
R046233,0
R051619,3
R085699,0
R033775,1
R058775,2
R045113,1
R044713,0
R001831,2
R009724,0
R015498,0
R014883,0
R058027,2
R096320,0
R028713,3
R092763,3
R080882,1
R026325,0
R048314,0
R027027,0
R038287,0
R086257,1
R082559,3
R035425,0
R044408,0
R063406,0
R041160,1
R035703,1
R047715,1
R073339,0
R003357,0
R097870,0
R038920,0
R066365,0
R043245,0
R075989,1
R014089,1
R051104,0
R046223,0
R017083,0
R085753,0
R011814,0
R062977,2
R078977,0
R026495,1
R020745,2
R088089,3
R018476,1
R012061,0
R080100,0
R051569,0
R069661,0
R063956,1
R040325,2
R021864,0
R048366,0
R093941,1
R013873,3
R070189,0
R043595,3
R078281,0
R018560,0
R087704,0
R024652,1
R026054,0
R072243,0
R048073,1
R043547,3
R024427,0
R047757,0
R089773,0
R055412,0
R078638,3
R076594,3
R069474,0
R062854,1
R023626,2
R091461,0
R028117,3
R085599,1
R011989,3
R049379,0
R010609,0
R040695,2
R016544,3
R001144,0
R014645,2
R005228,0
R015557,0
R077692,0
R099937,1
R079819,1
R046244,0
R095420,2
R075110,0
R098281,0
R078206,0
R041465,2
R040339,0
R067166,2
R083338,3
R010119,0
R058265,3
R038915,0
R016473,0
R051475,1
R082771,1
R005796,2
R034823,0
R043995,0
R096629,0
R004911,1
R008507,0
R038480,2
R035418,1
R084824,1
R074664,3
R026532,1
R048617,0
R034359,0
R049494,0
R004360,0
R071232,0
R084920,0
R057815,0
R022423,2
R061673,1
R064016,2
R099026,0
R041695,2
R087522,0
R012734,0
R047946,1
R075884,0
R044738,3
R063252,1
R061331,0
R024494,1
R025004,1
R071614,2
R048612,0
R052679,1
R042574,3
R068625,0
R047989,0
R005266,2
R098426,1
R076086,0
R038244,0
R098487,3
R001212,0
R030726,0
R086435,0
R023842,0
R068857,0
R030428,0
R075138,2
R077722,1
R005910,0
R084593,1
R076976,0
R023508,0
R047595,0
R016402,0
R021946,2
R094804,0
R013256,0
R057101,1
R049687,3
R039411,0
R054604,0
R027324,1
R068285,1
R012366,2
R010796,0
R006961,0
R048324,1
R024125,0
R076820,1
R099834,3
R096589,3
R007039,2
R086437,0
R050695,0
R086459,3
R006511,1
R027280,0
R007149,2
R070290,3
R014516,1
R037564,1
R061660,0
R072593,1
R032596,0
R047634,1
R094130,0
R038575,0
R062013,2
R067933,0
R020840,1
R081222,0
R051465,3
R028890,0
R028250,1
R043569,0
R068539,3
R073917,0
R095884,0
R041872,2
R046242,3
R005029,1
R079162,0
R089837,1
R095174,0
R065426,2
R031695,3
R078402,0
R094097,3
R014114,0
R028814,0
R055802,0
R004221,1
R008372,0
R025263,0
R064095,0
R002209,2
R075195,0
R047445,0
R049962,1
R089654,0
R059844,1
R020651,3
R018288,0
R094600,0
R055489,0
R070480,0
R009300,3
R058141,3
R085621,1
R039120,2
R043946,0
R085769,1
R075384,0
R067283,0
R026011,1
R080039,0
R013792,1
R043955,1
R085318,0
R053413,0
R055616,1
R032342,1
R082745,3
R026665,0
R036562,3
R004471,0
R015527,1
R005728,3
R050392,0
R059079,0
R065261,3
R000049,3
R015699,3
R026262,0
R061706,2
R031803,0
R004131,0
R076477,1
R041165,2
R085673,1
R088646,2
R084378,0
R041118,3
R073296,0
R046319,0
R094748,3
R087071,0
R053887,1
R083690,3
R003796,1
R053478,3
R068528,0
R060512,1
R027850,0
R002598,0
R010849,0
R017499,3
R068671,1
R017769,3
R026427,0
R021177,1
R065912,0
R063184,0
R003537,1
R093854,2
R073392,0
R020732,0
R043515,0
R060864,3
R028607,1
R066497,2
R087925,0
R042530,1
R043305,2
R042193,1
R074195,2
R079476,2
R053616,0
R037008,0
R006463,0
R025174,0
R045571,1
R078157,2
R019921,0
R013040,0
R016761,0
R070795,0
R022611,1
R075821,2
R010678,1
R053057,0
R031224,0
R064764,0
R039025,3
R087493,0
R046043,0
R096181,1
R080219,0
R099928,3
R031662,3
R026854,3
R092398,3
R067818,0
R074468,0
R064857,0
R008651,0
R076612,0
R097465,3
R022040,2
R022917,2
R020153,3
R005267,1
R031600,2
R092768,2
R090392,1
R052095,0
R096400,0
R088192,1
R083416,0
R013535,2
R069139,2
R029393,2
R067609,0
R000697,0
R080519,0
R089851,0
R037690,1
R084342,0
R081681,0
R051272,1
R040434,0
R008878,0
R078087,0
R036336,0
R003191,0
R055440,0
R006495,2
R053858,2
R009261,0
R093799,0
R091838,2
R088930,0
R077924,0
R021361,0
R057662,2
R021111,2
R006313,2
R088152,2
R054388,0
R026131,3
R068722,0
R099768,1
R025339,0
R050807,0
R038233,0
R075364,3
R029071,0
R094811,0
R069629,3
R021053,1
R062912,1
R071556,0
R047092,1
R078493,0
R008389,1
R060194,3
R061819,0
R088491,0
R041994,1
R028974,1
R025510,0
R094070,3
R060184,2
R007159,3
R079132,0
R058941,1
R033138,2
R058890,1
R026121,2
R003220,0
R096284,0
R004844,0
R089888,3
R070856,1
R019276,2
R080648,1
R088965,2
R010289,0
R022364,3
R029559,3
R066540,1
R004459,0
R025560,0
R097706,3
R053866,0
R073241,0
R070866,3
R076058,1
R027354,3
R010737,0
R059386,1
R019838,0
R075032,0
R069254,2
R006242,0
R036198,3
R092785,1
R073670,0
R063045,2
R067912,0
R030222,1
R051476,1
R044514,3
R062463,0
R082663,0
R066518,1
R084905,0
R059223,2
R015923,0
R085116,0
R044525,0
R068098,1
R060369,3
R051827,2
R054141,0
R044283,1
R056576,0
R050128,1
R058774,0
R008771,1
R086684,0
R033808,2
R048132,1
R092289,0
R004469,0
R079702,1
R096101,0
R040069,2
R028932,2
R051205,0
R040878,1
R076988,0
R022216,0
R075551,1
R098238,1
R062103,1
R024554,0
R047157,3
R052463,0
R095586,0
R028941,1
R069428,2
R057578,0
R063953,0
R088005,0
R054427,0
R070830,3
R071299,1
R054450,1
R062432,0
R075035,3
R014218,1
R010307,0
R025278,0
R068680,0
R097256,0
R042892,2
R091737,0
R062392,0
R098397,2
R098518,0
R012991,0
R055009,1
R017437,0
R092580,0
R059606,1
R029689,2
R082648,0
R084554,1
R094510,2
R012321,2
R038512,1
R094297,1
R022265,2
R029595,2
R023029,0
R089883,2
R013505,0
R025707,0
R003580,2
R000254,2
R012693,0
R077835,3
R095203,2
R047720,2
R083009,1
R058004,0
R021968,0
R046128,0
R065443,0
R087278,1
R020813,0
R061503,0
R023197,2
R049696,2
R017414,0
R091205,3
R066787,0
R050935,2
R016657,3
R011006,0
R084636,0
R012987,0
R063524,3
R050939,1
R028073,1
R043032,3
R003680,0
R077829,0
R007859,0
R030732,0
R013317,0
R036233,0
R058598,0
R039283,0
R015932,2
R046220,3
R004441,0
R070338,0
R028425,3
R013817,1
R015409,0
R037171,0
R042417,1
R036509,1
R040596,0
R029012,2
R029548,0
R021543,0
R007348,0
R017328,0
R064444,0
R078255,2
R060824,3
R040965,0
R068077,0
R095048,1
R017864,1
R056727,0
R066815,2
R021622,0
R065330,1
R025697,1
R015079,0
R034464,1
R053698,0
R094951,2
R052051,3
R076557,0
R064361,0
R095920,1
R032162,0
R065589,1
R052093,0
R067864,0
R090716,2
R018158,0
R098820,0
R075909,1
R062875,1
R014711,3
R057976,2
R061982,2
R056696,0
R049069,2
R012097,1
R075606,0
R031717,0
R051599,0
R079510,0
R001823,0
R033676,0
R010118,3
R013106,1
R083514,2
R064755,0
R045051,0
R098908,1
R049688,2
R060960,0
R013797,0
R047771,2
R035917,1
R044484,2
R011879,3
R008776,2
R066107,0
R023780,2
R006776,0
R009811,1
R039529,1
R001483,0
R027871,3
R059836,3
R040009,1
R003218,1
R008250,0
R080190,1
R002602,2
R076340,0
R032363,1
R053676,0
R059516,0
R000133,3
R020680,2
R001560,0
R069546,0
R075624,0
R026300,3
R080476,0
R010808,2
R025534,1
R095143,1
R037854,2
R031027,0
R013607,2
R037131,1
R036834,0
R019836,1
R078612,0
R057943,1
R013775,1
R038031,3
R094576,1
R039887,2
R062446,0
R052622,2
R090674,0
R078758,3
R047450,1
R059444,2
R016983,0
R002063,0
R020238,0
R061701,2
R009653,1
R012470,3
R031645,2
R029854,0
R082336,1
R001174,3
R031560,0
R052941,1
R034273,3
R049707,1
R081580,0
R064455,0
R057872,1
R086449,1
R011770,0
R008089,3
R072571,2
R040799,2
R099688,1
R094226,0
R023512,0
R062713,0
R031129,0
R023758,1
R074946,0
R095968,1
R026990,0
R042147,3
R044100,0
R045205,0
R007424,1
R007243,0
R018673,0
R076265,1
R018598,3
R041124,0
R077383,0
R032598,0
R010032,0
R081259,0
R000928,0
R080231,0
R025635,0
R058690,0
R051219,0
R021429,0
R070004,1
R029890,1
R051663,1
R064332,0
R026896,0
R072981,0
R094185,0
R033712,0
R074741,0
R096242,0
R073502,3
R042181,0
R097247,0
R030923,2
R033137,0
R057347,0
R020956,0
R037309,0
R044474,2
R002805,1
R044686,0
R025118,0
R068957,3
R059300,3
R045780,1
R076509,2
R022872,0
R033617,2
R063654,0
R074721,0
R036367,1
R096958,0
R090534,3
R011982,3
R047205,0
R085913,2
R024272,0
R056928,0
R057903,2
R046896,1
R018988,1
R018923,1
R034082,3
R016224,2
R053405,1
R083890,3
R011028,0
R073313,0
R052741,3
R028987,0
R053509,1
R018600,0
R013705,1
R018046,1
R047424,1
R074075,0
R059577,0
R088123,0
R078622,1
R047744,0
R051181,1
R069063,1
R021913,3
R039886,3
R035722,0
R025360,1
R013218,0
R078290,3
R054419,2
R058394,0
R046148,1
R088699,1
R069540,3
R029842,0
R073147,0
R038976,1
R052639,0
R092912,0
R004867,1
R084485,2
R021689,0
R084792,0
R054954,3
R052166,1
R099554,0
R008398,1
R019507,1
R084186,0
R002596,2
R074025,0
R046682,0
R093662,0
R090696,3
R041951,0
R029167,2
R044899,0
R015952,2
R053251,0
R070908,0
R019870,0
R035163,0
R024536,0
R025791,3
R048734,0
R073174,2
R022102,2
R086969,1
R036366,0
R037249,0
R052403,0
R030079,0
R043285,2
R081783,1
R051792,1
R016159,0
R021455,0
R007601,2
R057213,0
R028957,0
R024117,1
R056765,0
R022515,0
R037314,3
R064382,3
R043206,1
R011671,0
R073450,3
R008909,0
R025863,0
R063332,0
R076151,0
R025844,0
R093229,3
R034351,0
R061352,1
R011707,0
R006891,2
R052841,0
R060199,0
R074801,0
R050670,0
R069581,0
R018376,2
R019447,3
R076933,3
R037253,0
R005110,3
R075744,3
R044358,1
R043386,1
R087000,3
R076049,0
R078034,0
R010576,1
R065321,0
R057598,0
R052964,3
R055620,0
R094892,0
R081298,2
R002506,1
R047412,0
R064288,1
R071822,0
R048186,0
R077635,2
R047738,0
R063245,1
R009661,0
R075891,0
R068353,2
R013590,0
R044972,2
R013746,0
R013024,1
R065821,0
R072444,2
R039981,0
R061657,1
R062034,2
R061408,0
R083378,0
R047714,2
R055706,1
R002148,2
R025669,2
R062841,1
R038519,1
R000403,0
R065462,1
R080460,0
R000326,1
R041873,0
R068650,1
R097083,2
R043509,2
R033276,0
R085086,2
R086093,3
R049121,1
R099941,0
R075534,0
R059976,1
R002104,0
R089923,0
R020090,1
R036773,0
R004798,3
R040791,2
R088649,0
R071144,2
R090444,3
R086599,1
R025179,0
R018494,3
R062613,0
R068116,2
R022603,1
R057996,3
R094650,0
R000054,2
R051036,3
R005702,0
R054087,2
R021568,0
R077622,0
R018989,1
R086147,1
R017113,0
R032955,3
R003383,0
R084977,0
R097438,3
R034226,1
R008435,3
R027121,0
R053793,0
R047998,0
R062186,0
R078364,2
R011021,1
R076363,0
R007080,0
R021421,0
R076600,0
R000561,0
R098101,1
R037365,0
R038837,3
R008813,1
R022876,0
R023803,3
R032949,1
R077218,0
R010137,0
R087106,0
R094139,0
R034737,2
R047280,1
R019305,2
R042405,1
R081519,2
R038175,0
R066012,0
R043706,1
R019974,0
R025982,3
R062511,0
R098464,2
R033916,0
R097103,0
R018687,1
R065629,1
R042591,0
R009297,0
R075124,3
R030730,2
R025602,0
R028747,0
R029895,3
R042809,3
R020992,0
R022104,0
R043703,2
R089712,0
R016347,1
R087549,3
R045862,2
R023005,0
R041840,0
R049617,1
R041490,2
R016786,1
R001728,0
R092697,2
R033005,0
R097807,3
R099715,0
R016686,0
R048110,0
R047374,3
R028388,3
R060034,3
R039569,2
R083318,0
R073003,3
R041982,1
R075655,1
R003084,0
R052524,1
R015792,1
R040207,3
R039257,2
R003883,0
R050546,0
R014963,0
R041814,0
R072747,1
R006149,3
R071308,2
R089847,0
R034065,3
R089830,2
R028836,0
R058366,0
R061714,0
R026490,2
R008510,0
R046306,3
R062378,0
R065117,0
R091936,0
R045592,1
R079010,0
R067856,0
R076576,0
R048873,0
R002266,0
R075261,0
R019423,0
R088837,0
R044770,0
R061453,0
R061698,2
R050380,0
R023999,1
R064782,0
R035145,0
R014641,1
R063604,2
R013022,0
R040892,1
R091320,3
R078980,0
R043837,2
R083917,0
R038853,1
R053152,1
R078735,2
R097473,3
R048500,3
R010295,0
R029905,0
R059262,1
R059968,2
R024338,3
R068369,2
R008117,0
R062528,1
R009619,0
R031414,0
R071059,3
R003977,3
R040018,0
R040972,0
R069107,3
R003799,0
R078677,1
R070601,3
R074535,0
R019137,3
R020650,0
R074911,0
R045595,3
R045482,0
R094853,1
R031180,0
R056256,0
R040832,0
R055976,1
R074599,1
R023532,0
R078417,2
R003057,2
R046555,3
R011541,2
R062542,1
R026522,0
R050306,0
R033935,0
R036956,3
R023692,0
R000852,1
R097612,0
R073564,0
R092437,1
R075568,0
R027241,0
R062794,0
R096829,1
R076071,1
R061786,0
R061204,0
R076131,0
R066243,3
R040160,0
R038011,1
R000325,1
R059707,3
R000952,0
R006793,2
R025668,1
R025876,1
R018480,0
R062199,0
R097051,0
R034356,0
R037512,0
R028582,0
R093314,0
R024385,0
R062829,3
R047194,0
R051473,0
R007422,0
R064010,1
R070103,0
R016788,2
R023280,0
R086099,2
R005173,0
R092120,1
R032183,0
R034034,0
R069175,2
R000263,1
R057837,0
R000799,0
R005374,1
R088484,0
R031119,1
R052952,0
R093400,0
R015154,3
R089671,1
R058438,1
R019091,2
R051921,3
R027261,1
R023460,2
R047756,0
R045525,1
R036668,0
R001187,3
R015143,2
R028253,0
R088174,0
R076629,1
R027643,1
R048401,1
R020016,0
R020015,1
R077151,0
R095375,1
R030695,3
R049901,0
R015131,1
R035711,2
R029525,0
R054222,1
R045916,3
R021358,3
R075545,3
R079794,2
R088277,0
R071688,0
R034006,2
R062647,1
R045152,1
R017901,0
R072212,0
R068403,1
R019799,0
R085667,0
R099785,0
R004962,0
R053931,0
R021092,1
R047498,1
R026512,0
R075695,3
R016551,1
R039824,0
R092166,0
R009972,0
R009527,1
R056894,0
R072484,3
R080901,2
R008488,0
R020045,1
R022927,3
R007729,2
R040445,0
R031515,3
R042510,0
R024854,0
R077912,2
R061390,3
R033047,0
R026281,3
R058162,0
R007560,0
R094810,3
R075853,2
R004506,0
R098185,1
R065893,1
R093594,0
R088125,0
R088213,0
R081450,3
R097654,0
R053913,0
R097389,0
R014653,3
R054925,0
R091402,1
R074219,0
R090733,1
R069101,1
R036962,0
R026655,0
R092887,1
R011884,3
R077902,1
R053877,3
R008373,1
R044223,1
R024345,1
R093973,3
R040549,1
R082995,2
R020877,2
R038458,2
R000327,0
R062575,0
R042040,3
R067600,0
R085953,0
R017275,1
R036447,0
R008246,0
R006981,0
R005519,2
R000817,0
R053917,0
R085561,0
R016341,0
R032603,0
R060430,2
R038558,1
R046528,1
R025218,2
R014841,1
R032141,1
R039551,0
R017876,1
R055213,2
R095610,0
R044407,3
R054476,0
R024656,0
R001394,3
R001115,1
R040877,1
R095682,0
R054592,1
R010248,0
R000017,1
R047589,0
R058737,2
R001133,0
R097061,1
R080941,2
R090170,2
R060752,0
R071853,0
R084229,0
R007119,3
R048319,0
R063475,0
R059183,1
R010689,1
R090977,0
R071051,0
R034173,1
R095984,2
R081297,0
R006066,0
R040170,0
R050236,1
R094500,1
R090116,3
R046386,1
R096957,3
R039009,0
R002879,2
R034199,0
R019422,0
R016332,2
R069461,1
R007292,3
R075494,1
R005545,0
R063874,0
R057944,0
R091947,1
R044744,1
R097042,3
R031341,0
R074140,1
R049363,3
R009088,0
R035775,0
R032055,0
R047710,0
R050350,1
R050216,2
R030463,1
R053789,0
R055113,2
R077987,1
R018080,2
R018131,0
R058337,2
R046976,0
R067113,0
R037844,1
R027172,1
R010091,0
R074187,0
R044983,0
R087966,0
R011704,0
R072724,3
R064737,1
R088844,2
R049530,0
R046556,0
R076235,0
R029459,1
R067616,1
R037366,0
R008589,3
R051871,3
R031756,0
R035573,0
R028511,2
R026768,1
R070660,1
R000738,1
R093890,1
R027335,0
R096458,1
R001371,2
R001697,1
R056896,1
R005070,2
R038801,1
R092820,0
R019405,1
R066205,1
R015315,1
R096494,1
R051391,0
R069813,3
R065865,3
R006953,3
R057802,1
R005562,2
R048762,1
R000255,3
R038567,0
R072034,0
R030561,1
R035317,0
R025036,0
R005289,2
R063123,1
R060891,0
R081692,0
R033296,2
R054687,0
R005275,0
R032760,0
R054624,0
R051844,0
R081565,0
R078812,0
R002220,0
R014879,2
R067972,2
R026027,1
R017568,1
R078574,3
R029333,2
R028914,0
R098392,0
R019849,0
R078444,2
R004024,3
R099951,0
R078393,3
R032524,0
R020427,2
R016607,1
R034397,0
R065526,0
R043757,0
R091721,0
R057531,0
R086516,1
R069234,0
R088380,0
R058731,0
R024589,0
R068805,0
R081430,0
R086917,0
R000702,3
R078310,3
R026058,1
R080578,2
R074604,0
R084879,0
R094646,1
R017510,0
R049073,1
R039634,1
R015680,2
R059581,3
R031807,0
R064545,0
R063325,1
R058635,1
R085206,0
R076406,1
R056181,3
R006298,0
R051301,0
R076859,0
R074640,1
R067273,0
R074191,0
R025929,1
R051994,0
R013896,3
R033266,0
R044560,3
R099733,3
R053052,2
R028638,3
R015106,1
R029466,2
R022077,0
R034860,0
R079270,2
R064290,0
R019514,3
R039314,0
R031120,3
R060373,3
R025440,2
R038982,0
R032171,0
R016992,3
R046795,0
R085666,1
R073944,0
R043430,1
R060930,1
R045282,1
R077247,0
R091824,1
R052367,0
R018301,3
R028235,0
R016962,0
R057325,3
R037829,2
R061599,1
R014812,2
R076756,3
R066132,0
R060916,1
R009593,1
R072888,1
R040472,0
R061685,3
R018186,0
R001263,1
R020101,1
R087820,1
R056452,1
R071426,2
R091851,0
R055165,0
R014323,3
R099564,3
R020001,2
R093575,3
R073760,0
R087381,1
R096912,2
R027174,2
R050244,0
R052256,3
R073075,0
R098393,0
R095360,3
R069897,1
R043668,2
R084199,1
R082527,0
R095686,3
R005788,2
R028491,0
R089080,3
R018009,1
R065523,0
R087853,1
R089534,3
R052476,1
R002504,0
R006895,3
R016652,2
R022068,0
R049343,0
R098200,0
R082892,1
R078903,0
R086342,0
R052310,1
R034463,0
R051609,3
R090070,0
R099612,2
R022129,3
R041436,2
R070335,0
R095342,3
R081237,0
R073473,0
R012629,1
R050400,3
R064134,3
R059610,0
R008442,0
R061953,0
R027692,0
R023130,3
R025958,3
R069349,1
R089252,1
R061730,1
R011046,0
R009398,0
R006632,0
R076950,2
R004593,0
R028151,3
R098574,0
R001095,2
R039485,1
R066253,0
R003241,1
R095757,2
R034163,2
R049848,0
R091831,1
R041865,1
R077596,0
R018034,1
R003438,0
R071056,2
R043196,1
R003271,0
R018263,0
R020420,3
R084275,0
R069940,0
R013138,3
R091920,3
R002251,1
R088734,3
R035858,1
R012666,0
R087698,1
R013930,2
R019541,1
R063172,2
R066175,0
R099790,0
R085176,0
R041781,2
R000425,2
R059039,3
R050157,2
R000834,1
R063253,3
R017208,1
R082958,0
R091498,3
R042700,3
R031997,1
R041573,2
R073976,2
R057638,3
R035771,1
R051538,0
R016964,0
R081083,3
R050891,2
R035321,3
R014208,0
R076113,3
R005359,2
R084445,2
R067981,0
R048138,1
R001724,1
R081153,0
R071427,1
R084962,3
R062444,0
R025136,1
R061199,1
R007515,2
R067503,3
R087243,0
R071252,0
R020326,1
R036576,0
R023703,1
R047648,1
R061140,3
R069242,0
R004500,0
R065969,3
R032686,2
R099051,0
R027579,3
R082973,3
R004152,0
R062559,0
R096177,0
R082069,0
R051117,0
R006765,0
R024220,0
R059898,0
R086474,2
R021399,1
R041043,2
R099507,1
R099978,0
R048961,0
R080691,1
R052512,2
R084674,1
R065017,2
R004110,0
R007839,0
R033570,0
R023501,0
R015960,1
R038827,2
R097512,2
R098363,0
R047897,0
R039837,2
R076286,3
R026808,0
R050876,0
R023592,0
R080814,0
R041506,0
R034212,2
R091988,1
R059239,2
R095999,0
R021107,1
R077392,1
R026074,0
R081482,0
R036031,2
R081353,2
R044913,1
R082513,2
R098841,0
R092450,1
R014923,3
R039401,1
R025619,0
R024632,0
R084220,0
R075665,2
R006046,2
R076770,1
R065520,0
R098928,0
R059487,0
R012023,0
R089180,0
R014478,1
R066647,0
R093344,0
R074355,1
R058720,0
R065982,0
R023491,1
R091401,1
R068423,0
R031226,1
R044170,2
R062302,0
R055495,1
R096584,0
R029582,0
R080193,1
R030810,0
R059437,0
R046151,1
R096776,2
R032020,0
R092917,1
R092898,0
R022635,0
R052806,0
R012399,1
R007214,0
R031544,0
R002675,0
R033150,2
R028177,0
R058374,0
R068003,2
R004090,1
R004972,3
R014322,1
R010355,3
R044847,3
R072167,0
R087997,3
R042322,1
R058614,1
R098967,0
R047787,3
R010484,0
R059538,0
R075556,0
R069382,0
R058140,1
R026256,3
R006420,1
R058131,0
R089240,3
R007070,1
R044595,0
R066284,3
R073348,0
R034645,2
R052360,1
R057057,2
R002927,0
R088832,1
R093159,0
R020324,2
R098454,3
R063389,3
R049594,2
R024098,3
R050604,1
R086229,0
R092131,1
R010246,1
R023500,2
R004173,0
R034431,1
R022189,1
R067948,0
R010842,0
R032704,1
R017637,2
R092944,0
R001660,1
R065963,0
R064063,3
R078848,0
R009217,0
R085107,1
R091332,1
R079461,0
R044704,0
R019635,1
R004498,3
R089390,0
R090540,3
R052343,0
R095144,1
R097884,1
R000784,2
R023424,0
R092149,0
R000646,3
R079571,2
R005428,1
R039264,0
R035882,2
R092732,2
R096003,1
R096970,0
R048755,0
R099816,0
R088750,2
R096299,0
R084936,0
R039405,1
R098132,0
R001340,0
R005083,1
R094038,3
R097477,2
R024244,3
R042302,0
R024746,0
R049940,0
R075368,1
R008160,0
R086776,1
R024598,3
R081956,3
R075996,3
R022201,0
R040276,1
R056340,1
R093530,1
R039563,1
R006946,2
R066015,0
R058118,2
R058931,2
R091525,3
R053944,2
R023823,0
R030662,2
R021165,2
R056897,2
R084503,0
R082573,1
R067879,0
R062601,3
R068969,0
R034658,0
R039793,0
R049249,3
R027599,1
R035916,1
R088643,1
R054766,1
R003788,0
R002933,1
R091559,3
R087140,1
R028045,0
R060946,0
R011008,0
R094573,0
R033936,1
R099924,3
R086766,3
R063080,0
R056372,2
R072145,0
R095681,0
R038672,0
R094088,0
R064683,1
R041684,1
R045629,1
R018166,0
R012108,1
R005378,0
R094104,0
R031641,0
R018550,1
R092997,2
R038634,3
R060828,2
R087421,3
R059918,3
R060364,3
R093572,0
R098092,2
R044718,0
R024317,3
R040419,3
R055681,3
R058865,1
R098632,1
R093987,0
R008616,1
R073069,0
R083789,0
R084140,3
R023555,2
R093600,1
R083400,1
R062381,3
R014298,0
R051127,1
R047107,1
R042958,0
R063471,0
R023244,1
R015969,2
R089693,0
R000744,2
R079311,2
R067857,0
R031978,0
R003561,0
R087593,0
R033086,1
R063652,2
R081843,0
R022334,3
R071430,1
R081183,2
R080980,2
R004241,2
R034309,2
R055892,3
R018116,0
R049821,1
R032933,2
R035763,2
R030700,2
R044023,0
R024080,1
R039364,0
R018660,2
R054367,3
R038401,1
R061934,2
R087201,0
R035118,1
R068494,0
R067159,1
R081845,0
R093202,1
R035410,2
R066709,0
R062035,0
R036184,3
R029567,0
R053647,1
R074032,1
R034188,1
R062437,0
R045409,1
R023229,3
R024433,1
R080960,3
R008292,0
R019074,0
R012569,2
R055602,1
R038635,0
R056804,2
R023562,0
R064597,0
R065851,3
R072554,0
R078894,0
R068042,1
R048236,2
R060921,0
R011556,0
R073711,1
R098901,2
R016681,0
R001976,0
R006237,1
R038649,3
R037368,3
R011119,0
R047334,1
R036638,0
R047436,2
R055895,3
R086443,1
R032650,0
R064504,2
R088544,1
R003758,3
R012062,2
R048486,0
R019720,3
R021199,0
R019442,1
R043242,0
R076398,2
R042015,0
R043546,1
R018027,1
R080256,0
R030648,3
R029740,2
R084015,0
R090947,1
R026036,0
R034330,0
R046071,0
R005007,3
R045531,0
R041479,2
R039281,0
R017805,3
R088913,3
R075099,2
R008049,3
R094541,2
R082231,0
R090052,1
R098399,0
R023383,0
R039221,0
R052052,2
R053802,2
R056563,1
R035260,0
R002959,1
R076318,2
R038439,0
R004905,0
R061494,1
R037442,0
R094071,0
R067579,0
R043366,0
R077555,2
R013454,0
R079438,0
R094525,3
R086018,0
R001924,0
R091034,0
R020570,0
R072159,0
R076206,0
R041790,0
R038442,0
R019162,3
R066731,1
R062107,1
R008276,0
R038025,3
R062235,0
R009256,1
R051457,2
R033765,0
R006410,1
R077234,0
R060227,0
R060407,1
R097432,2
R048674,0
R065695,0
R058680,0
R047614,0
R005972,3
R088217,1
R094717,2
R056526,0
R025741,0
R097677,1
R048938,1
R027652,3
R086254,3
R030156,1
R028753,1
R062591,0
R055250,0
R015849,1
R059713,2
R021569,0
R061920,1
R005238,2
R026314,1
R036068,0
R013740,0
R054848,1
R064513,0
R010175,0
R035534,1
R017438,2
R018665,2
R049237,0
R056082,0
R007151,2
R073547,2
R042437,1
R012648,1
R033825,3
R005549,0
R014422,0
R086243,0
R000231,2
R060027,0
R097404,1
R014289,1
R057979,1
R087896,1
R084794,3
R026660,0
R012681,2
R031023,2
R073283,0
R087968,0
R030818,0
R045844,0
R078739,2
R095365,0
R069172,0
R003060,0
R075398,3
R007330,1
R004402,0
R016105,0
R021459,2
R061770,0
R004829,3
R063790,3
R076562,1
R086513,1
R031160,3
R044563,3
R003024,0
R094538,2
R062416,0
R071521,0
R049454,1
R026666,0
R028290,1
R095815,0
R095699,2
R008803,0
R095707,0
R044147,0
R092208,1
R041240,0
R017671,1
R016873,1
R006351,0
R034026,0
R072639,3
R005108,0
R017449,2
R072557,0
R090624,0
R034467,0
R078656,0
R005022,2
R054478,0
R009113,2
R062600,0
R054118,0
R028656,3
R029821,2
R062654,1
R084787,0
R065543,1
R043527,0
R052177,3
R096471,0
R099304,0
R047492,0
R004865,2
R069095,3
R078238,0
R097185,0
R049126,3
R066224,0
R094192,0
R099795,0
R060153,1
R043138,0
R035094,0
R084596,2
R031589,0
R097811,1
R074842,2
R077232,0
R064769,0
R070460,3
R060748,0
R015918,1
R038625,3
R019141,3
R069830,0
R048976,0
R004342,2
R041517,3
R042358,0
R089960,3
R098417,1
R012436,0
R022138,1
R082776,3
R005103,0
R022143,0
R098275,1
R086311,2
R039187,2
R087192,3
R029258,0
R009310,0
R039217,2
R025860,3
R043684,2
R047358,0
R053608,0
R025896,3
R022574,0
R066319,0
R014748,1
R094037,0
R070077,0
R072329,2
R026294,2
R027730,0
R055906,1
R037126,1
R063673,1
R000995,2
R043352,0
R064021,0
R045969,0
R054588,0
R038254,1
R018627,0
R049505,0
R088968,0
R027507,2
R031575,3
R099357,1
R074444,0
R059723,0
R089335,1
R082383,0
R058881,1
R008941,3
R077944,0
R087213,0
R000516,0
R075539,0
R044487,0
R017844,3
R086195,0
R003895,0
R024556,0
R004374,2
R076499,1
R011505,0
R060214,0
R078831,0
R092901,1
R034971,0
R066339,0
R098115,0
R023075,0
R079577,0
R046588,0
R017550,0
R027890,1
R046951,3
R088293,0
R014862,3
R018000,0
R009200,1
R039700,3
R058902,3
R080247,0
R029885,3
R079736,3
R046368,3
R082644,2
R084583,0
R099223,1
R046759,1
R038141,0
R007555,0
R044774,0
R054859,0
R039658,1
R057582,0
R070416,2
R017870,1
R078311,0
R022771,0
R033121,0
R093267,0
R072424,0
R057321,1
R087455,0
R093672,1
R042368,2
R091325,3
R090838,1
R056010,0
R044689,3
R042096,0
R007653,0
R015347,3
R095627,1
R054065,0
R027046,2
R072303,3
R076360,0
R056166,2
R080366,0
R093362,1
R082290,2
R050642,0
R012316,0
R094013,0
R068606,0
R016233,0
R087784,0
R098900,1
R020996,0
R045682,0
R029660,2
R006880,0
R025582,0
R026898,3
R035869,0
R097423,0
R074567,0
R009016,0
R021342,0
R058651,0
R052882,1
R076435,0
R047468,0
R060812,2
R082670,0
R021636,1
R069496,1
R074485,3
R051022,3
R011576,1
R099631,3
R017534,1
R029521,1
R098703,0
R049903,0
R057661,1
R047863,1
R062888,1
R026390,1
R014714,1
R072290,3
R027006,1
R087089,0
R060190,1
R053440,3
R079501,2
R014843,0
R033151,0
R097589,0
R088749,0
R051232,2
R016147,2
R011452,3
R009716,3
R025244,1
R044592,0
R037039,0
R084367,0
R055882,0
R073055,0
R076195,3
R062137,2
R068154,0
R063346,1
R098129,1
R086743,1
R022516,0
R044344,0
R095247,1
R078671,0
R044400,1
R054945,1
R045346,1
R091620,3
R045236,1
R088235,2
R018716,1
R040781,3
R093240,0
R020806,1
R056143,2
R097803,0
R076093,0
R050033,3
R086002,0
R028175,0
R033970,3
R017064,2
R071744,0
R000961,2
R029771,0
R073820,2
R030187,3
R028755,1
R068676,3
R045683,0
R008123,3
R056997,1
R075916,0
R063980,0
R054083,2
R036177,0
R049560,2
R034498,0
R054115,0
R076436,1
R075999,0
R012728,3
R025206,3
R036143,1
R019147,0
R003250,0
R040071,1
R014443,0
R040618,3
R065346,2
R086756,3
R035075,0
R022267,1
R078591,0
R035314,0
R033586,0
R064048,0
R069373,0
R004615,0
R020927,0
R027003,0
R059340,1
R033705,0
R018296,1
R033761,0
R079479,0
R077216,3
R063841,2
R026435,0
R096949,3
R039389,0
R035731,0
R065587,3
R055219,3
R065976,0
R058034,1
R097688,0
R073041,2
R077344,0
R026210,0
R087978,0
R055162,1
R088765,1
R053404,3
R068547,0
R057550,1
R049671,1
R042126,2
R079424,0
R009913,0
R013014,1
R080500,0
R044828,0
R007462,0
R090154,0
R014775,3
R045306,3
R087276,0
R070346,2
R019048,0
R048577,1
R097059,2
R012417,0
R052669,3
R020099,3
R024199,1
R023097,2
R049230,1
R051513,1
R070331,3
R020791,1
R029634,0
R073541,2
R089286,0
R058420,2
R029728,0
R081101,2
R037297,1
R005715,0
R071589,3
R094714,0
R057938,3
R065616,2
R009723,3
R084480,0
R091483,0
R029421,2
R095603,2
R020763,3
R014758,1
R073579,1
R097022,3
R033503,1
R065163,2
R035320,3
R039148,0
R077812,1
R030280,2
R018731,0
R080162,0
R023733,0
R091000,0
R061441,3
R067015,3
R088455,0
R086489,0
R032794,1
R020613,0
R090837,0
R056257,0
R082689,0
R070976,2
R046045,2
R019416,0
R094691,1
R089114,1
R097161,0
R045934,3
R030867,2
R053208,2
R018054,2
R003656,0
R011955,0
R015674,1
R010071,0
R040044,2
R007741,1
R078441,0
R015111,0
R052973,0
R070302,1
R063651,0
R099377,1
R044854,2
R064467,0
R084606,0
R087871,1
R094624,0
R088062,2
R027053,3
R037462,0
R004508,0
R035007,2
R032263,3
R089407,1
R021707,0
R093247,2
R014135,2
R002434,0
R023411,1
R070499,0
R025765,0
R018174,3
R013583,0
R056867,0
R055613,0
R032026,0
R036168,3
R042506,0
R005449,0
R056677,3
R029409,0
R041017,1
R036012,1
R022909,1
R012750,2
R071090,0
R026991,3
R034406,2
R044341,2
R040688,2
R054173,1
R070272,3
R078742,0
R078132,0
R024256,3
R099073,2
R041877,0
R046177,0
R028821,0
R064500,2
R074257,0
R047387,0
R054229,3
R044817,0
R056303,3
R046417,0
R079323,2
R013856,2
R014852,0
R037038,0
R089208,0
R051188,1
R065735,2
R092679,0
R022610,1
R055427,3
R011453,2
R038944,0
R035337,2
R002012,0
R037493,1
R014407,2
R077570,1
R018076,0
R019761,0
R060092,2
R085702,0
R002889,0
R043749,0
R089901,0
R054818,1
R086444,0
R049566,3
R024601,0
R005175,0
R000707,0
R033344,0
R083399,0
R030602,2
R069142,0
R096766,0
R051846,0
R093859,3
R071304,1
R097150,1
R083485,1
R056986,3
R027962,0
R049627,0
R036810,1
R086960,2
R045408,3
R098168,1
R005336,2
R056777,0
R012356,3
R036357,2
R063600,3
R046092,0
R065495,2
R023388,2
R052869,0
R071911,0
R060426,2
R073013,1
R017056,1
R082059,0
R043425,3
R092573,2
R090162,0
R059791,1
R000617,2
R053515,0
R085579,0
R048899,0
R057935,2
R014924,0
R006299,0
R083683,0
R023880,0
R077715,0
R094449,2
R081520,0
R069635,0
R079880,1
R049176,0
R023857,0
R058824,3
R051267,0
R092444,3
R095469,0
R072471,0
R058447,3
R011212,0
R046361,1
R054798,2
R099517,2
R093473,3
R000400,0
R090701,3
R075559,1
R039562,1
R023455,0
R066797,0
R050545,1
R010747,2
R021340,0
R061823,1
R035312,0
R036206,3
R015703,0
R094743,0
R042018,0
R071129,2
R079283,1
R019579,1
R026408,3
R047839,1
R065676,0
R073987,0
R062409,0
R047922,0
R024930,0
R027667,1
R074295,0
R075093,0
R087561,0
R004505,1
R011787,0
R080851,0
R045769,2
R053734,0
R015561,1
R040253,1
R073483,0
R020191,0
R021698,1
R024900,1
R077432,0
R023986,1
R084989,2
R006841,3
R038044,1
R029345,1
R015551,3
R028439,1
R023815,1
R054601,0
R062369,1
R056507,1
R017153,2
R079091,0
R087753,1
R069134,3
R061329,1
R046061,3
R094073,0
R043578,3
R019762,0
R003970,0
R043637,0
R074159,0
R099748,3
R035640,0
R015472,1
R015924,2
R075374,3
R082677,0
R031591,2
R084542,0
R066176,2
R091452,0
R005427,0
R094135,0
R097950,1
R079346,0
R019437,1
R005472,2
R022809,1
R044310,0
R048575,0
R066066,1
R010315,0
R014364,3
R024762,0
R016817,0
R011658,1
R002729,3
R022729,3
R073445,1
R051203,0
R012268,1
R009930,0
R067335,0
R024685,0
R022287,1
R082598,0
R033980,1
R051248,3
R065424,1
R087366,0
R001402,0
R008808,3
R017893,1
R068366,0
R070315,0
R073475,0
R007710,0
R032695,1
R010913,0
R063905,2
R068099,1
R002480,0
R061274,1
R034210,0
R091444,0
R090007,2
R008849,1
R030232,0
R058158,0
R005206,3
R028407,1
R000585,0
R024903,0
R098954,1
R000031,0
R049791,1
R012996,0
R082105,0
R017839,0
R006177,1
R096307,0
R015921,3
R046801,0
R091548,1
R067004,0
R028540,1
R055229,1
R080114,0
R035842,3
R014103,0
R004120,1
R069528,0
R013977,1
R016679,0
R069246,0
R042261,1
R043989,3
R093154,0
R043230,2
R031556,0
R090652,1
R025917,0
R022215,0
R031539,3
R037029,0
R091117,1
R054555,1
R006428,2
R087017,3
R083455,2
R038874,0
R002793,0
R058769,1
R025746,0
R035133,0
R085265,0
R003061,0
R057573,0
R008531,2
R046753,3
R080650,0
R054617,3
R038022,3
R096922,1
R013136,0
R070583,1
R059532,0
R080249,0
R074647,1
R032181,2
R092536,2
R060044,2
R092526,2
R013772,1
R087582,2
R070898,3
R031083,2
R040497,2
R020348,2
R098136,3
R020426,0
R055726,2
R074168,1
R056611,1
R051733,0
R015400,1
R073319,3
R085844,0
R020209,2
R083390,0
R077296,1
R037161,1
R073919,2
R008063,0
R046982,2
R039538,0
R020792,0
R044066,1
R069169,3
R065300,1
R097334,2
R093077,0
R025165,0
R031185,3
R034234,1
R004862,1
R097378,3
R001919,0
R011133,0
R011069,1
R065774,1
R043804,1
R040741,3
R017461,1
R030006,0
R074649,0
R074134,1
R079863,2
R061339,0
R070160,0
R016778,0
R046191,3
R037800,3
R065908,0
R041376,0
R082166,1
R065622,3
R076838,0
R034973,0
R015882,0
R021163,1
R074932,0
R099085,1
R021193,2
R036199,1
R093927,2
R006936,3
R049283,2
R065532,0
R037486,2
R063038,0
R099850,0
R095628,0
R035685,0
R088917,0
R083409,3
R033367,2
R065699,1
R079987,1
R013904,2
R004410,3
R036446,0
R088831,0
R042161,0
R062447,0
R065218,0
R001922,2
R001573,0
R042894,3
R080956,0
R085044,2
R068498,1
R068824,3
R055034,0
R071226,0
R084866,1
R023858,1
R064595,0
R085494,1
R084297,0
R013604,3
R021856,3
R031874,0
R088397,0
R027369,0
R042762,0
R086165,1
R027243,0
R002231,0
R023872,0
R050078,0
R019396,1
R094062,1
R089991,0
R097442,1
R041656,0
R063875,0
R092416,0
R055462,0
R087678,3
R038213,0
R064171,3
R092140,0
R000994,1
R071137,2
R062250,2
R049651,0
R062322,0
R004997,0
R092248,3
R039312,3
R066699,2
R042657,0
R021068,3
R013914,0
R027709,0
R053521,1
R047204,0
R025408,1
R021803,2
R090663,1
R032827,3
R064473,1
R044149,0
R012747,1
R008142,0
R054596,2
R012620,0
R092274,0
R010149,1
R052249,0
R094721,1
R054963,3
R054640,1
R092043,0
R006280,0
R034614,2
R060650,0
R055636,0
R084827,2
R041553,1
R078469,0
R006254,2
R041894,2
R081858,0
R005680,3
R061581,0
R071312,1
R094670,3
R064726,3
R075485,0
R089061,2
R049420,1
R010055,0
R039023,3
R007427,1
R003601,0
R045549,1
R005772,0
R049130,3
R018625,0
R066200,0
R033545,3
R006458,2
R093523,0
R087480,3
R020086,0
R011104,2
R048161,3
R000658,1
R042804,1
R017537,0
R096105,3
R065118,1
R037410,2
R092617,0
R095799,0
R010171,3
R073036,2
R064819,2
R006307,1
R017179,0
R061116,1
R030018,3
R065014,3
R075353,1
R098178,3
R098171,1
R031564,1
R060597,2
R020067,0
R086543,2
R017351,0
R074245,1
R002361,0
R075555,0
R072812,2
R077590,0
R080403,3
R059111,1
R014552,0
R057819,2
R062668,0
R053954,0
R059891,0
R082150,1
R053486,3
R026066,3
R065968,3
R042210,1
R084829,2
R017291,3
R019690,0
R048088,3
R010587,0
R083268,3
R071604,1
R059828,1
R081717,1
R013885,1
R096975,3
R054307,0
R015484,0
R016745,3
R096506,0
R058220,2
R051603,3
R046866,1
R073152,0
R048458,2
R029691,0
R080657,1
R030995,0
R042817,1
R043807,0
R026039,3
R048277,2
R015292,1
R098104,3
R089499,0
R013846,0
R057557,0
R080335,3
R091984,0
R022327,0
R041519,3
R044808,0
R010936,2
R001970,3
R005099,2
R049804,1
R096406,0
R056742,0
R008916,0
R082962,0
R013305,0
R009666,0
R057018,2
R035083,2
R052596,1
R054355,0
R078624,3
R095800,1
R017088,0
R005330,2
R075702,2
R006275,0
R044968,1
R048564,0
R003520,1
R045875,3
R075418,1
R014042,1
R086248,2
R089389,0
R019408,3
R096085,0
R095198,0
R076102,0
R014501,3
R094523,0
R007117,0
R027137,0
R006317,0
R044544,3
R035231,0
R014330,0
R068537,1
R085064,1
R004987,2
R059070,1
R067244,0
R044628,1
R019295,0
R067804,0
R031452,1
R041192,3
R078256,0
R064797,0
R019082,0
R015953,1
R088581,3
R089529,0
R034088,0
R054515,3
R069810,0
R086450,3
R083873,1
R053386,0
R021559,1
R020084,0
R029584,2
R019793,0
R056387,0
R063743,3
R056467,0
R005325,2
R029526,3
R094140,0
R060821,0
R041051,1
R059338,0
R019391,0
R083379,2
R018163,1
R077260,0
R000739,2
R041046,0
R086177,0
R090588,0
R063498,2
R020897,0
R055827,0
R050420,2
R061210,0
R029795,0
R016565,0
R077453,0
R089367,1
R053820,0
R009038,3
R012707,3
R009295,2
R028328,1
R089501,1
R050309,1
R008648,2
R049044,0
R096187,3
R073033,0
R022372,0
R037504,0
R026360,1
R000085,0
R018209,0
R093041,1
R084942,0
R015684,3
R010804,2
R042385,0
R050668,1
R015246,1
R020960,1
R047286,0
R065120,2
R080096,0
R069087,0
R054823,2
R034307,0
R023577,3
R035414,1
R055318,0
R081290,0
R090891,1
R022237,0
R006619,0
R030123,3
R078475,0
R044382,1
R060320,3
R085450,0
R041288,1
R095402,0
R020362,3
R045371,1
R020993,0
R081105,1
R041773,0
R040391,1
R028796,1
R062838,1
R019991,1
R055351,0
R061938,2
R005169,1
R028240,2
R013645,3
R083172,0
R060243,0
R057736,3
R048684,0
R079888,0
R032473,3
R067381,1
R033237,1
R073285,1
R073187,3
R055921,3
R068432,2
R068860,1
R011880,2
R031458,0
R042085,0
R028214,0
R079354,1
R008908,1
R052686,0
R092320,2
R027844,3
R006621,0
R059061,3
R039331,2
R056132,3
R093239,1
R078687,2
R030268,0
R092286,0
R038115,1
R032681,2
R002109,1
R009370,0
R088843,3
R092903,0
R075248,3
R009612,1
R054855,3
R041429,0
R078192,3
R038313,3
R037232,0
R083858,1
R071411,0
R057559,2
R012687,0
R072991,1
R050072,0
R064639,0
R024634,3
R056317,0
R063277,0
R099302,3
R066157,0
R085224,0
R093331,3
R003922,1
R060616,0
R001354,1
R099375,1
R068964,0
R068286,0
R075352,0
R044233,3
R062230,3
R050837,3
R094581,0
R075209,0
R073228,3
R055646,3
R083370,1
R060753,1
R010404,0
R052636,1
R056874,0
R023247,3
R020907,2
R036799,0
R017866,3
R078262,0
R088846,0
R029932,0
R056839,1
R049820,0
R015901,0
R080803,2
R075995,1
R052330,0
R036838,2
R042575,0
R029655,3
R040575,3
R037696,0
R017086,3
R059467,0
R076662,0
R041581,0
R040420,1
R010415,2
R022022,0
R004201,0
R002810,2
R048268,1
R040898,1
R008086,1
R090739,3
R047944,2
R076884,0
R009954,3
R033013,3
R017420,2
R073630,1
R047272,1
R003551,0
R041945,2
R007662,1
R055762,0
R012336,1
R020598,0
R025222,0
R013177,0
R022899,1
R032863,2
R075113,3
R001545,0
R098516,0
R079882,1
R060928,0
R054713,0
R082425,2
R015487,1
R095606,0
R042387,1
R021941,3
R004587,0
R058490,1
R024492,1
R054162,0
R064461,1
R045717,0
R082627,0
R076269,3
R077642,1
R020088,1
R047603,0
R003132,0
R025675,1
R000906,3
R089071,3
R023663,0
R035610,3
R086116,1
R078269,0
R029081,0
R085006,0
R007799,0
R021314,2
R069726,0
R082852,2
R076359,0
R079258,0
R007140,0
R027657,0
R052083,0
R070609,2
R026741,0
R059464,0
R067763,2
R083096,0
R072894,2
R095178,0
R027838,3
R015339,0
R002536,3
R031752,1
R017342,2
R027295,1
R037945,3
R064774,0
R054101,2
R029053,1
R037307,0
R046130,0
R002092,3
R004045,0
R086578,3
R023594,1
R006216,0
R037145,0
R008408,3
R023598,3
R038768,1
R007517,1
R037555,3
R042843,0
R031338,0
R058527,1
R038149,0
R074965,0
R073177,3
R089131,1
R049327,2
R093629,1
R045426,0
R083548,0
R098528,0
R040238,2
R078933,1
R092480,3
R093822,0
R069943,1
R027433,0
R068035,0
R035784,0
R054129,1
R086993,3
R009059,0
R069501,0
R084688,0
R072649,0
R064120,0
R008265,0
R037911,2
R054158,2
R048019,0
R043168,3
R049625,3
R002059,1
R089745,2
R038959,0
R083012,0
R053454,1
R006821,0
R084699,0
R099411,2
R092436,0
R092721,3
R070539,1
R003367,1
R091771,2
R085092,0
R027772,1
R096089,0
R059973,0
R016120,3
R051583,0
R095987,2
R084038,3
R058177,1
R014618,1
R064527,0
R007696,1
R036017,2
R082656,0
R015280,0
R010310,0
R065706,2
R038490,1
R090599,0
R060800,3
R074877,0
R005413,0
R081644,1
R046444,3
R077258,2
R067418,1
R023001,3
R087457,0
R018063,1
R074563,0
R049292,0
R072175,2
R011436,3
R093673,0
R028654,0
R004751,0
R099076,0
R011299,0
R003937,3
R012955,0
R031835,0
R059484,2
R093744,0
R020171,2
R034966,0
R021971,1
R049548,0
R062482,0
R066049,2
R049197,1
R064108,0
R028064,2
R018269,1
R030517,0
R029188,2
R035252,0
R030980,0
R067144,0
R022759,1
R040380,2
R010599,0
R079614,3
R085966,3
R002438,2
R056163,1
R067404,3
R089551,0
R048123,0
R089623,0
R032678,0
R060133,1
R090119,0
R090360,0
R069400,3
R085346,2
R095269,1
R070109,3
R085045,1
R022354,0
R094420,0
R055118,0
R054415,1
R081583,2
R055383,1
R063006,0
R026565,0
R090944,0
R036856,0
R052066,2
R033360,0
R003703,1
R046690,3
R025867,2
R054042,3
R086406,1
R094936,3
R020372,1
R030385,1
R022426,0
R042263,0
R002366,3
R042176,3
R044128,1
R003808,0
R059009,0
R069148,0
R031709,1
R078753,0
R035047,1
R044453,1
R097714,1
R007494,3
R040373,1
R035488,1
R085209,1
R067498,3
R013488,2
R096542,3
R086043,1
R033616,0
R077843,2
R048553,1
R052465,0
R057878,1
R073512,1
R061357,0
R081792,0
R047512,0
R069416,1
R029747,3
R007415,3
R059498,0
R035487,1
R037705,0
R001852,0
R005991,0
R033026,3
R074420,0
R056661,2
R076263,1
R032079,0
R049471,0
R076912,0
R002718,0
R033837,3
R040887,2
R068365,0
R072007,1
R014932,1
R099298,2
R030281,2
R003501,1
R068971,0
R038745,3
R033635,3
R062522,0
R038407,0
R065641,0
R035102,1
R013475,0
R032611,3
R006003,0
R052571,2
R023747,3
R047699,0
R053872,0
R034094,0
R095132,1
R096732,0
R091855,2
R062414,2
R086527,0
R052740,0
R042727,0
R074559,0
R032579,2
R031965,2
R083710,2
R079627,3
R031640,0
R039129,0
R068198,1
R097787,0
R024064,3
R084990,1
R011961,0
R054270,1
R033437,0
R061344,2
R011852,1
R025364,0
R032108,0
R052111,0
R031782,1
R067581,1
R070982,2
R006867,1
R032669,0
R091742,3
R002628,0
R004043,1
R092962,3
R090860,0
R003216,2
R048585,0
R036636,2
R046963,0
R056339,0
R058762,1
R012756,3
R001781,2
R038734,3
R096224,0
R088328,1
R043970,0
R059349,1
R054547,1
R022107,1
R006086,1
R000376,2
R043263,0
R080748,2
R071674,2
R031772,0
R067447,0
R041155,0
R045094,2
R052992,2
R068327,1
R056480,1
R096595,1
R012721,2
R033268,0
R087322,0
R068233,3
R056394,0
R074306,0
R009880,3
R075544,2
R036671,0
R005629,2
R021426,0
R081474,0
R021666,0
R063308,0
R070851,1
R099946,1
R021548,0
R071982,2
R031448,2
R082005,0
R008087,0
R028044,0
R029725,0
R093024,1
R021538,3
R078367,1
R010869,0
R031380,3
R088003,3
R022151,1
R099920,2
R034068,0
R065505,2
R085837,1
R090023,2
R065905,1
R014982,0
R089447,2
R089231,0
R064800,2
R007514,0
R047473,0
R094337,1
R008297,1
R081588,0
R035049,0
R030002,2
R050499,0
R002621,0
R014282,2
R032860,0
R032104,0
R021810,0
R067711,3
R099489,2
R083180,1
R004406,3
R064833,3
R009539,0
R085400,2
R050424,0
R060051,2
R099691,0
R065721,3
R052579,0
R012875,3
R075510,1
R059117,0
R029315,3
R005145,2
R036429,3
R022807,1
R019705,0
R033293,0
R037240,0
R078130,0
R067806,2
R023442,2
R059688,2
R054985,2
R010951,1
R050673,0
R001838,1
R070491,1
R024452,3
R077097,3
R099823,0
R052946,1
R029972,2
R005936,3
R015291,0
R034122,2
R012511,1
R050399,2
R014159,0
R004262,0
R029744,0
R075037,1
R042943,2
R071233,0
R064001,0
R081317,0
R046276,1
R085376,2
R088878,1
R050443,3
R065861,0
R094797,3
R046461,0
R073309,1
R009006,0
R044013,3
R074882,1
R045130,0
R031953,2
R002401,0
R039165,2
R082339,3
R002397,0
R012369,0
R027014,0
R088662,0
R030206,3
R038255,3
R099415,3
R086849,2
R011311,3
R097921,0
R061177,2
R038705,0
R042528,1
R081527,1
R096736,1
R005107,3
R030518,3
R013964,2
R090289,0
R081625,0
R057205,2
R040508,0
R002074,0
R038525,0
R064421,0
R052525,3
R089916,1
R013853,0
R099118,1
R002870,0
R027171,0
R081622,2
R084739,3
R041678,0
R051651,1
R073728,0
R093033,0
R076129,1
R010790,0
R020085,1
R074738,2
R051565,0
R042621,1
R067552,0
R044067,0
R066018,2
R031719,0
R026053,0
R092885,0
R010503,1
R005639,1
R029557,1
R024086,1
R006942,3
R007831,3
R041620,2
R095781,3
R031061,2
R017885,0
R018990,1
R008329,0
R054279,0
R046359,3
R010719,3
R062532,2
R030253,0
R009296,1
R080692,1
R044269,2
R037724,2
R019152,0
R031944,0
R098254,2
R090354,1
R093902,0
R000786,1
R014617,0
R005616,2
R099686,3
R081120,2
R072675,1
R044926,2
R006041,1
R027903,3
R017261,3
R003645,0
R097604,2
R068246,1
R006606,1
R044158,0
R063769,2
R098012,0
R019945,1
R076103,0
R042969,2
R031204,0
R041369,1
R003016,0
R070838,0
R022855,0
R095101,2
R069534,0
R084148,0
R042520,1
R091629,1
R060174,0
R001519,1
R037037,0
R039802,3
R029542,0
R074413,0
R078294,1
R011855,0
R003164,1
R045434,0
R001222,1
R035795,0
R057761,1
R013424,3
R024436,3
R083562,2
R070264,0
R042337,1
R071575,3
R043531,1
R032019,1
R091641,3
R067054,2
R072337,3
R088895,0
R011188,0
R063314,0
R078662,0
R039255,0
R086333,0
R093450,0
R066294,1
R000625,0
R069122,0
R025361,1
R009278,1
R094922,0
R084319,3
R051233,0
R007531,0
R054023,1
R076973,0
R035615,0
R047405,3
R039733,1
R057504,0
R056225,3
R050012,1
R022609,0
R094629,0
R071273,0
R067578,3
R030435,3
R022645,3
R020914,0
R001471,0
R069473,3
R007752,0
R008057,0
R070448,1
R088940,3
R064040,0
R019167,0
R028041,1
R040217,2
R042769,1
R096188,0
R028310,0
R063760,3
R019618,0
R028792,0
R042511,3
R070699,0
R087579,1
R042916,3
R047866,0
R010513,0
R002693,0
R059459,0
R090455,1
R016882,1
R056117,2
R063603,3
R003261,2
R066042,3
R045220,3
R003376,2
R025396,1
R054256,3
R069415,1
R072410,0
R091769,1
R097941,3
R042439,0
R033628,3
R005164,0
R092383,2
R042841,0
R084377,0
R005521,0
R006966,0
R015525,0
R005952,0
R093500,0
R043037,0
R082489,0
R082600,1
R021777,1
R090009,1
R059594,1
R077309,2
R043555,1
R008155,0
R030510,1
R057755,1
R096232,0
R001652,3
R033294,0
R067277,1
R012469,1
R040969,2
R016543,2
R048172,1
R078345,0
R007890,2
R083934,0
R067694,1
R044330,2
R048699,2
R023413,1
R075115,0
R099467,0
R025884,2
R046249,3
R063161,0
R015617,2
R058838,2
R086671,1
R089363,2
R066519,1
R086576,3
R071819,0
R035794,0
R002040,0
R030068,3
R027341,0
R059803,2
R039639,0
R082379,0
R042255,0
R003433,3
R016428,2
R040543,1
R037635,0
R007556,3
R014365,1
R064805,0
R098031,3
R033160,1
R069434,2
R096167,3
R028451,0
R045059,0
R046164,3
R088538,1
R085555,2
R076692,0
R083919,1
R007489,0
R003341,0
R070637,0
R054314,3
R074533,1
R076092,0
R077824,2
R006218,2
R001681,3
R000025,0
R036717,3
R097147,1
R098950,1
R067309,0
R043537,1
R043589,1
R019964,0
R058071,0
R019071,3
R096918,0
R093047,2
R084944,0
R023397,1
R046329,0
R090057,0
R060402,2
R079339,1
R083014,0
R049507,1
R055778,1
R030357,3
R057584,3
R047248,2
R042107,2
R076726,1
R013501,1
R067212,3
R032389,2
R048083,0
R027024,0
R054422,1
R057704,2
R031056,1
R085669,0
R040230,2
R089710,1
R053992,0
R082220,0
R011525,0
R005432,0
R043415,0
R090992,1
R095566,1
R048067,1
R088361,0
R008837,2
R014577,0
R051046,0
R041219,1
R096389,0
R068600,0
R017804,0
R099856,3
R027761,3
R057118,0
R009188,3
R021820,2
R012315,1
R052369,0
R084967,2
R052508,0
R084191,3
R029065,1
R053997,3
R051842,2
R005509,0
R032630,3
R076919,1
R010995,0
R021990,2
R092083,0
R068885,1
R026525,0
R097649,3
R009437,2
R081882,1
R064698,0
R028265,3
R020423,0
R014469,0
R076504,1
R084364,1
R030616,3
R084278,0
R054122,0
R083681,1
R028906,2
R014489,3
R040632,0
R073885,3
R016887,0
R070289,0
R099346,0
R063014,3
R080430,2
R075869,3
R021908,3
R098194,2
R058170,1
R092118,0
R087419,1
R081044,1
R095212,1
R010506,0
R015469,0
R055621,3
R059821,0
R019077,2
R060838,2
R070437,0
R081374,0
R041739,0
R012685,1
R029995,0
R077965,0
R027965,0
R060984,0
R098499,1
R007174,0
R051920,1
R048945,0
R082047,0
R061166,0
R073166,3
R007071,0
R045155,0
R011743,0
R052097,2
R094176,3
R098775,0
R010193,3
R001279,2
R057728,3
R062469,2
R037672,3
R020549,2
R023187,0
R060609,0
R059547,0
R090609,0
R067944,0
R042742,0
R096209,2
R065931,0
R063210,0
R043253,0
R082707,2
R020858,1
R034262,0
R051611,3
R055960,2
R057161,0
R045891,1
R076393,3
R019712,2
R046997,0
R060944,3
R081164,0
R020155,2
R032946,0
R014119,1
R070988,0
R056610,1
R064017,0
R045673,2
R076860,0
R036818,2
R082853,3
R014001,0
R039465,2
R076752,0
R037461,1
R009214,1
R034766,1
R051229,0
R078103,0
R066378,3
R032448,2
R097323,1
R000836,0
R032135,0
R087948,0
R000407,0
R088889,1
R000483,2
R052713,1
R063431,1
R092538,1
R002436,1
R057988,0
R005040,1
R088574,0
R034418,1
R076172,0
R045812,0
R057686,0
R047129,3
R038797,0
R015582,0
R001370,3
R003480,1
R094255,0
R044687,0
R007304,2
R082427,0
R027089,1
R010088,0
R067104,2
R004613,0
R076909,2
R025050,2
R037298,1
R099950,0
R049544,3
R087230,0
R090516,3
R060635,1
R082787,0
R075828,0
R007603,0
R067875,0
R091344,3
R073207,0
R077890,2
R093472,3
R092399,3
R084810,3
R012274,1
R059313,1
R026391,0
R094801,2
R005673,1
R043053,1
R027919,0
R069192,0
R050018,2
R043367,3
R080868,1
R001258,1
R061488,0
R096083,3
R001003,2
R037375,0
R035048,3
R001099,1
R036324,0
R077990,1
R003733,1
R083706,1
R011205,1
R028981,3
R085612,0
R083787,3
R058232,3
R054346,1
R030877,0
R012169,0
R050086,0
R072024,1
R013107,0
R042761,2
R059493,3
R087077,1
R022619,0
R028286,0
R099486,0
R057152,1
R056424,3
R067597,0
R075501,1
R083187,1
R052170,0
R068166,0
R033650,0
R061009,3
R058577,0
R045276,2
R088702,2
R006285,1
R018859,0
R090059,3
R006586,0
R054993,1
R043268,2
R028699,3
R023582,0
R003245,2
R037339,1
R059189,1
R013855,0
R097227,0
R096557,3
R097332,0
R020137,3
R092745,0
R016488,3
R096174,1
R087053,2
R008960,2
R053674,0
R019512,0
R086597,0
R005687,1
R024886,0
R041441,0
R086540,1
R004537,0
R099757,1
R080955,0
R081284,1
R051744,0
R024832,1
R020114,0
R038726,3
R081100,2
R072842,3
R053178,3
R004112,1
R001915,2
R005612,0
R097603,0
R001108,0
R083331,0
R082742,2
R025532,1
R020983,2
R057597,1
R069916,0
R061753,1
R048062,0
R025940,0
R074372,0
R091023,1
R032466,1
R083782,0
R096869,1
R097354,3
R066455,3
R073625,0
R002015,0
R016452,1
R020920,1
R072109,2
R003411,2
R073764,3
R097553,1
R044499,0
R066265,3
R058807,0
R089049,0
R059916,1
R095237,0
R070717,1
R036790,0
R095288,0
R069786,1
R080352,1
R031747,1
R019548,0
R017245,2
R013776,0
R057030,1
R017580,0
R096474,2
R097779,0
R013854,0
R099363,0
R028136,1
R070827,1
R050889,2
R002162,1
R082912,1
R001398,1
R023132,0
R084552,2
R060072,0
R032913,1
R015990,0
R065639,3
R049080,3
R078101,0
R034002,2
R012104,0
R085682,1
R081006,1
R041996,0
R049358,1
R050408,0
R090824,1
R071251,2
R098653,2
R030070,0
R027587,0
R030827,2
R077230,2
R096436,3
R052844,0
R042673,0
R045058,3
R047671,0
R039424,0
R086484,0
R027649,1
R018152,1
R066298,0
R071899,0
R096814,0
R018201,3
R070479,0
R029720,2
R026329,0
R051266,0
R077857,0
R016475,2
R028006,1
R018556,2
R009846,0
R035552,3
R085629,0
R057827,0
R079976,0
R068007,2
R019874,0
R082476,0
R045056,3
R024008,0
R002137,1
R015794,0
R056905,2
R020212,0
R082948,0
R050302,0
R066925,0
R051786,0
R030855,3
R081276,1
R017706,3
R001496,2
R047110,0
R071522,1
R056641,2
R040175,3
R013001,0
R050087,0
R069211,0
R086653,1
R089738,2
R007029,0
R001025,3
R082843,1
R018161,0
R071963,1
R092712,2
R093628,3
R077749,2
R036621,1
R060388,1
R017634,2
R048201,0
R030478,0
R056379,3
R023864,2
R092197,0
R047080,0
R017849,1
R007000,0
R099889,1
R019933,1
R091160,3
R046515,0
R069722,2
R072594,0
R004337,0
R069090,2
R024864,0
R075345,1
R079995,1
R083720,1
R030420,0
R071315,2
R063411,0
R027634,1
R029726,0
R007577,1
R011896,0
R072052,0
R004307,2
R044832,3
R014059,0
R077808,0
R099433,0
R052556,0
R041178,2
R097850,1
R046181,3
R041601,2
R047019,1
R003550,0
R011644,2
R024206,2
R077825,3
R078366,0
R077532,1
R030996,2
R030676,0
R080606,1
R077921,0
R098311,1
R042440,0
R027665,2
R015580,0
R003793,2
R034661,0
R086896,1
R025969,0
R051664,1
R045163,1
R032159,0
R018440,0
R015645,0
R009082,0
R003159,1
R080952,1
R019452,1
R060855,3
R097204,2
R015221,3
R035298,0
R083770,0
R049971,2
R050947,0
R089771,0
R084525,0
R049317,3
R056972,1
R007049,0
R064633,3
R033748,1
R090902,3
R021105,1
R009643,3
R000442,0
R043736,0
R028032,3
R089552,1
R011968,2
R083866,1
R065722,2
R006175,0
R011175,1
R039817,0
R085239,0
R049092,1
R041950,2
R083961,1
R001707,0
R007913,1
R075600,2
R060087,0
R060992,0
R020349,0
R089296,0
R082243,1
R098160,2
R097966,0
R055435,2
R080750,3
R021372,0
R037663,2
R074688,3
R016954,1
R076968,1
R007698,0
R086256,0
R021246,0
R036109,3
R002673,0
R054755,3
R006005,2
R053249,2
R069245,3
R032440,0
R042289,1
R067445,3
R078501,0
R014667,0
R066531,1
R073619,0
R001914,0
R063185,3
R065601,1
R012682,1
R061480,0
R029999,0
R085575,0
R071979,0
R021061,3
R007945,0
R081250,3
R099590,0
R056552,1
R089785,2
R065499,3
R009363,0
R086933,0
R088326,0
R097936,0
R089452,0
R099603,2
R092686,0
R072223,3
R016585,1
R052146,1
R081364,3
R060246,3
R097056,2
R053503,0
R008899,1
R079137,0
R015866,0
R074210,2
R013273,3
R070408,0
R008635,1
R064787,1
R065171,0
R095576,2
R029241,0
R030287,0
R077716,1
R038171,2
R024582,0
R019049,3
R087971,0
R003552,1
R039741,2
R079648,1
R080969,0
R037657,2
R005367,3
R053213,0
R033930,0
R080274,0
R005044,3
R010097,2
R090346,3
R031751,3
R030190,0
R021695,0
R035295,0
R049684,0
R019962,2
R066222,0
R000721,3
R098003,0
R058599,1
R014859,1
R086424,0
R043017,1
R006119,1
R029659,2
R089347,1
R003148,0
R048169,3
R030413,3
R011829,2
R022688,0
R098495,2
R097047,2
R014887,0
R076941,1
R062954,0
R033799,0
R046410,1
R058127,0
R077974,2
R000426,0
R073262,1
R049247,1
R065527,3
R071831,3
R012500,1
R011740,0
R008701,2
R067629,2
R019319,2
R073217,2
R049325,0
R020530,1
R049300,2
R092414,1
R069328,0
R049644,0
R058517,0
R016996,2
R045704,1
R066394,3
R036485,0
R046845,1
R026105,3
R024223,2
R015030,0
R022043,0
R071395,1
R002662,1
R025231,1
R037138,0
R024110,3
R094769,0
R026814,0
R013312,1
R094466,2
R004317,0
R040714,3
R011275,0
R035619,2
R088602,1
R004187,0
R035892,0
R016518,3
R060640,1
R007737,0
R066032,2
R005065,0
R057627,1
R048573,0
R004642,3
R098693,2
R001971,0
R008406,0
R074674,2
R064437,0
R089537,0
R044561,2
R042144,0
R011851,2
R045897,2
R015810,2
R002804,3
R022191,0
R011793,1
R010194,2
R048786,0
R035726,0
R039686,1
R068766,0
R064094,2
R067369,1
R040460,1
R095582,0
R010165,1
R022315,0
R093889,3
R091891,0
R038411,0
R046824,1
R059560,3
R089444,3
R027791,0
R093192,0
R099325,3
R026270,0
R052464,0
R062998,0
R029306,0
R035462,0
R098688,0
R086927,1
R051681,0
R006911,1
R075553,1
R045690,1
R010663,0
R096936,1
R001158,1
R066950,0
R057322,0
R089673,0
R054484,0
R021376,2
R097234,0
R023354,0
R037281,1
R011229,0
R098184,0
R098524,0
R024371,1
R072130,2
R038086,0
R035396,1
R030769,1
R067393,0
R080828,0
R060769,3
R022918,0
R088535,3
R071796,0
R040577,2
R058088,0
R030579,1
R067296,2
R006919,0
R082444,0
R031796,2
R010647,0
R051838,0
R067877,1
R077154,2
R016612,0
R076549,1
R001843,1
R059655,0
R056440,0
R039026,0
R077267,1
R039856,0
R054121,0
R003267,0
R039116,0
R076401,0
R003359,2
R043568,3
R065585,3
R065295,0
R033284,1
R043127,2
R034141,1
R038650,0
R099474,2
R061220,0
R026020,2
R042997,1
R082883,2
R068415,0
R013479,1
R050147,3
R026614,0
R083228,2
R055458,2
R095493,3
R095084,0
R095003,3
R059802,0
R019403,1
R068641,0
R067110,0
R038113,0
R023729,1
R070517,0
R002757,1
R088221,2
R060453,3
R002522,0
R047814,1
R036242,3
R071480,1
R046207,3
R098141,1
R024202,3
R011448,3
R008563,0
R044005,1
R027464,1
R087584,1
R060669,0
R064876,2
R062541,1
R001595,0
R065747,2
R077937,2
R021500,3
R068529,2
R080924,3
R094044,1
R033052,3
R010614,2
R062948,0
R057111,3
R067034,2
R000719,2
R084384,2
R088945,1
R003043,2
R029046,3
R053639,1
R023761,1
R085024,0
R075151,2
R068226,1
R036750,0
R038817,3
R009394,0
R016459,1
R031220,3
R005984,0
R074820,0
R054817,0
R061671,0
R054436,0
R075024,0
R061060,0
R083350,0
R021554,3
R075044,2
R019020,0
R000693,2
R056828,3
R087797,0
R034025,0
R050056,2
R031022,1
R080503,3
R081562,0
R066576,0
R039353,1
R089090,0
R063511,0
R084154,0
R042691,3
R038735,3
R099984,1
R038791,1
R007224,3
R082899,2
R009902,0
R073665,2
R080784,0
R014840,2
R053623,0
R075957,1
R025019,1
R002635,0
R001704,0
R064983,2
R045992,3
R031627,0
R082815,1
R061729,1
R044576,0
R053421,3
R056263,2
R057596,1
R053928,0
R087065,3
R016990,1
R096570,2
R013788,0
R090748,3
R073248,0
R009485,0
R011592,1
R021296,0
R015016,1
R017184,0
R069372,2
R045776,1
R087756,2
R067423,0
R059350,3
R028667,3
R024351,1
R091476,0
R076419,0
R008037,0
R014927,0
R026979,3
R073698,1
R026680,1
R087470,0
R093447,1
R094828,0
R095899,2
R023031,0
R013434,0
R061592,0
R078220,0
R028564,0
R092790,0
R075102,0
R090913,0
R012180,1
R045362,1
R090018,3
R012762,1
R050809,0
R008309,0
R084258,1
R040307,2
R097266,3
R038883,0
R087700,3
R023444,3
R096801,1
R005100,0
R088896,0
R078178,1
R046496,1
R098250,0
R096119,0
R041550,1
R061736,2
R076606,3
R023489,1
R094229,1
R002043,0
R024378,0
R091299,0
R002028,3
R016219,3
R082579,0
R022176,0
R022457,3
R078451,1
R084514,1
R012882,0
R006657,0
R036289,3
R052712,2
R088308,1
R052265,1
R004091,2
R084304,2
R001541,1
R035151,3
R053031,0
R063570,3
R092934,0
R087390,0
R001122,0
R082239,1
R051086,0
R049758,0
R016088,0
R078796,2
R055452,2
R018206,1
R055066,0
R059177,1
R000276,3
R029968,0
R075302,1
R052566,0
R081393,3
R028769,2
R011568,1
R075525,3
R038320,0
R031415,0
R016261,0
R095206,1
R094239,1
R082552,0
R040486,0
R084081,0
R034441,3
R089233,0
R049954,0
R059512,0
R008735,1
R002890,0
R080531,3
R013940,0
R000270,2
R092603,2
R018038,1
R028260,0
R059589,0
R037928,0
R058110,3
R057780,2
R005880,2
R038256,1
R095199,0
R069060,0
R047442,0
R015389,1
R045701,1
R033059,3
R057814,2
R057844,3
R025355,2
R053856,1
R033157,0
R090325,2
R085877,2
R087311,3
R000188,1
R084498,1
R022901,1
R086344,2
R079038,3
R059946,3
R017174,1
R059395,3
R012643,0
R091166,1
R061411,0
R054296,1
R053447,2
R004397,3
R091088,0
R051579,1
R016756,3
R036833,3
R048183,0
R070573,0
R068350,0
R007688,3
R060215,0
R064795,3
R085654,0
R020864,1
R037495,0
R094916,3
R022690,0
R058621,0
R034180,0
R084467,0
R023682,3
R075676,0
R061528,3
R035773,3
R007984,0
R089171,1
R004319,1
R065873,0
R071787,1
R084033,1
R024955,0
R096804,2
R088541,0
R039690,3
R009197,0
R083066,1
R030234,0
R082455,0
R034294,0
R068778,3
R077406,1
R098830,0
R072679,3
R007877,2
R070026,0
R032753,0
R080102,0
R015501,0
R049350,0
R037213,3
R063691,1
R057417,0
R007492,0
R054392,0
R056152,0
R019161,0
R077185,0
R061772,1
R014072,0
R050149,3
R079381,0
R088768,2
R094765,0
R049918,1
R036861,3
R091789,3
R097548,1
R089994,1
R082144,0
R090054,0
R087855,2
R024418,2
R038963,0
R054983,0
R088015,1
R030210,0
R018084,1
R042548,0
R080138,0
R048200,3
R086979,0
R001362,0
R073361,0
R066937,2
R018878,0
R015979,1
R006153,1
R005114,2
R054922,0
R052233,0
R053367,1
R079685,1
R058125,0
R079452,0
R056065,2
R095520,1
R057080,0
R011824,3
R039487,1
R003285,1
R076865,3
R017618,2
R022123,2
R094094,1
R074768,2
R017907,1
R068980,0
R044047,1
R031806,0
R097693,1
R087204,0
R023264,2
R030663,1
R052902,1
R027045,0
R028309,3
R035983,0
R024881,3
R019417,2
R085104,1
R085165,1
R057884,0
R070410,0
R065419,1
R057881,0
R005907,1
R037747,0
R007267,0
R061298,1
R016723,0
R085932,0
R015999,3
R059517,0
R086505,0
R079917,0
R024454,0
R004842,3
R061576,3
R053488,3
R049434,3
R054730,0
R049890,1
R053710,0
R000098,0
R084301,0
R073389,3
R038936,2
R073105,3
R052563,1
R083297,1
R040399,0
R042987,3
R056546,1
R083922,0
R060662,0
R013346,2
R056333,0
R006054,1
R084175,0
R086907,2
R001612,0
R000527,1
R043769,0
R084811,1
R053977,0
R048640,2
R051099,1
R043632,0
R022117,0
R041378,1
R023271,0
R047088,1
R031579,1
R005897,3
R055589,0
R069710,1
R062248,1
R051641,2
R096099,0
R083656,0
R075724,0
R094657,3
R038363,3
R003321,0
R021896,1
R014600,2
R060339,2
R022967,1
R090682,2
R068921,2
R075836,1
R030574,2
R040654,1
R089934,2
R083531,0
R033256,0
R079919,0
R055718,0
R003309,0
R057587,0
R046651,2
R056645,1
R067324,0
R044728,0
R054341,0
R096341,1
R094212,0
R068912,0
R041750,2
R002319,0
R090575,3
R079081,3
R040064,3
R042165,0
R094077,3
R080867,2
R012223,1
R087156,0
R036896,0
R062464,1
R089264,0
R063214,0
R092173,2
R064618,0
R027716,2
R083637,1
R064743,0
R029055,0
R093888,2
R071482,0
R067929,3
R078194,1
R065082,0
R050333,1
R092133,0
R017524,0
R055754,0
R033903,1
R058669,0
R042187,2
R036666,0
R029908,0
R055957,2
R064951,1
R029848,0
R090376,3
R040610,0
R082198,3
R042435,2
R018167,0
R079483,0
R038988,2
R098869,0
R026266,1
R086072,3
R072511,1
R089489,1
R076219,0
R075518,3
R083205,1
R007453,3
R001934,1
R096631,2
R088352,0
R006755,0
R046765,0
R038050,0
R025068,0
R045003,1
R017046,2
R018747,3
R020802,2
R072723,1
R016608,3
R060211,0
R092353,0
R054558,0
R061642,3
R070606,2
R088798,0
R058592,0
R086734,1
R016054,0
R062674,2
R002874,2
R041987,1
R033387,0
R047082,0
R032117,1
R027726,3
R077573,0
R045819,1
R073259,1
R046398,0
R047044,3
R082343,3
R072395,1
R049027,3
R048176,0
R094003,0
R046187,2
R097370,0
R068065,0
R021745,3
R040026,3
R010761,3
R005410,0
R078154,0
R014971,3
R062454,1
R044016,0
R091343,0
R060009,0
R018331,1
R005105,1
R013721,0
R005565,2
R071263,3
R066571,1
R082174,3
R016797,1
R023133,3
R055507,0
R079120,0
R007482,0
R020507,0
R044844,0
R096491,2
R096290,0
R030804,0
R037208,1
R033649,0
R098648,1
R096740,1
R075908,2
R035137,2
R026930,1
R022097,0
R038938,0
R054732,0
R006771,3
R094469,3
R099993,3
R044419,1
R079135,1
R046789,1
R001299,2
R081872,1
R091575,1
R054076,1
R006143,1
R051814,0
R049094,0
R056995,0
R090510,0
R060697,0
R023101,1
R096025,0
R075445,2
R047191,2
R081969,0
R028382,2
R034087,0
R095347,2
R031094,0
R093534,1
R046120,0
R054814,0
R048294,0
R004907,0
R080489,1
R031668,2
R051384,0
R090318,1
R086574,1
R018515,1
R018474,2
R055389,2
R074554,3
R079024,0
R023607,0
R061039,2
R041923,0
R031493,3
R047273,0
R069277,1
R035449,0
R059825,0
R088440,1
R017321,3
R071836,1
R015344,0
R067397,1
R075681,0
R044775,0
R008627,0
R030445,3
R020481,3
R044180,0
R024132,0
R039081,2
R069489,1
R062049,0
R074515,0
R019192,0
R068633,0
R086716,2
R003553,3
R074954,0
R007867,1
R013301,0
R076893,0
R054088,0
R074646,1
R054455,0
R081646,0
R021558,0
R041992,0
R040491,1
R058920,3
R000725,0
R011759,3
R074935,1
R071323,1
R006779,2
R069267,0
R007800,0
R081034,0
R073709,3
R038652,1
R051328,1
R047986,0
R077916,1
R002474,3
R077429,1
R050262,1
R071854,1
R056167,0
R084761,1
R005488,3
R090771,2
R031612,0
R010975,3
R092620,1
R012549,0
R071770,2
R097415,0
R064196,3
R050999,3
R059593,0
R021999,2
R004775,0
R018452,3
R005506,0
R096356,0
R094509,3
R048517,0
R064524,2
R014144,2
R058031,0
R012172,2
R095141,3
R044651,3
R059773,0
R023382,1
R019713,0
R040951,1
R000032,3
R016556,3
R027545,2
R025018,0
R093461,1
R058766,3
R014202,0
R002780,0
R042457,3
R029429,1
R059114,1
R039015,0
R011182,1
R035265,0
R053706,1
R074971,0
R094453,2
R051570,0
R072316,2
R035186,0
R050623,1
R080266,1
R087750,0
R027165,2
R082165,1
R086268,1
R004295,0
R012633,2
R025656,0
R014198,0
R011164,0
R025443,2
R069901,1
R011432,0
R089168,3
R014546,0
R073787,1
R065899,2
R031095,3
R090222,0
R063879,3
R049217,1
R011239,2
R020303,1
R081300,2
R050473,0
R043981,0
R070192,0
R007153,2
R069320,0
R071214,2
R083691,0
R050951,0
R089634,1
R049246,0
R073379,1
R016825,0
R011417,3
R045332,0
R022519,2
R089271,0
R076983,0
R077922,3
R000827,3
R032576,2
R052895,0
R057201,0
R094202,0
R093827,1
R092928,0
R097729,1
R016344,0
R099663,0
R024212,0
R011286,2
R000918,0
R030922,0
R095635,1
R004802,1
R040747,0
R069944,1
R045658,0
R013578,0
R042871,2
R065187,0
R016993,0
R083106,0
R024958,0
R004880,0
R047184,2
R073767,0
R017040,0
R046156,1
R068790,0
R097943,1
R057302,2
R043511,0
R046356,1
R053485,0
R037129,0
R047064,3
R011657,1
R054692,0
R038838,0
R051971,0
R095122,0
R010767,3
R073407,0
R068146,2
R052298,0
R043723,1
R091132,3
R068652,2
R029562,0
R029769,2
R028036,1
R018413,1
R021536,0
R078164,0
R040463,2
R070538,0
R075031,0
R022054,0
R005553,2
R057082,3
R017954,3
R027160,0
R016303,2
R090655,3
R015474,1
R035183,0
R056259,0
R068906,2
R000715,2
R075356,1
R078881,0
R074853,0
R006758,3
R006348,3
R052503,2
R073039,0
R050035,0
R008964,0
R039609,0
R094627,0
R035483,0
R093991,3
R054636,0
R013822,0
R044276,1
R062435,0
R089454,1
R070789,1
R015982,2
R042562,1
R075622,3
R061181,0
R038718,1
R068821,2
R035325,0
R012732,2
R010863,0
R090856,0
R057373,0
R078760,1
R099632,1
R097948,0
R085186,3
R045980,1
R012662,2
R097241,2
R036959,2
R086238,1
R058679,1
R052567,2
R032088,0
R074251,0
R076427,2
R094684,0
R063137,1
R040659,0
R080058,0
R072250,2
R080332,0
R087386,1
R043373,1
R052988,0
R058334,0
R026348,0
R094952,0
R043456,0
R082792,2
R011243,0
R019036,1
R072695,1
R063462,0
R093676,1
R091870,0
R089364,1
R035172,0
R026387,0
R001561,0
R062907,0
R054628,0
R017990,0
R050407,3
R059271,0
R089175,1
R055651,0
R025245,0
R021793,3
R011929,0
R000602,3
R022589,0
R011667,1
R020589,0
R044794,2
R086727,0
R045458,0
R068488,0
R062588,2
R000594,1
R031925,2
R012313,0
R045025,2
R009293,1
R010836,1
R052570,3
R040199,1
R061360,0
R045623,1
R041757,0
R035400,2
R028623,1
R084270,3
R030915,3
R073927,0
R076531,0
R051371,3
R075351,0
R036490,0
R065829,1
R034544,0
R040854,1
R023565,0
R016453,0
R075987,0
R020249,3
R072587,1
R004403,0
R075546,1
R050308,0
R078598,1
R098714,0
R078546,0
R059310,0
R066239,1
R041765,0
R068672,0
R025421,3
R075265,0
R000268,3
R000102,2
R040047,0
R005784,0
R059709,3
R021965,0
R066251,1
R091437,2
R090980,0
R008545,2
R091538,0
R031348,2
R042461,3
R056373,0
R029523,1
R004970,2
R045002,0
R046235,1
R002360,0
R049412,0
R009627,0
R006510,2
R016330,1
R090087,0
R063276,0
R050465,2
R092959,1
R030325,0
R018692,1
R038911,1
R070842,0
R029601,2
R074862,1
R052443,2
R082669,0
R050346,3
R087163,0
R012517,1
R094388,3
R060118,0
R027156,3
R069536,3
R017921,1
R033321,0
R065471,0
R056403,2
R010876,3
R031040,0
R041416,1
R075980,1
R066142,3
R044539,3
R055168,0
R062842,0
R005288,3
R026803,3
R012647,3
R044410,2
R091171,1
R005312,3
R069767,2
R034935,1
R016903,1
R044329,0
R072545,0
R027077,0
R006284,0
R057949,2
R075746,3
R013747,1
R086138,0
R046940,0
R074374,0
R049757,2
R072591,0
R020645,0
R088424,3
R058916,1
R019395,1
R032005,1
R089969,0
R026193,2
R081731,0
R006490,2
R034732,1
R026398,0
R007826,0
R021685,1
R067878,2
R054364,3
R069625,0
R042367,3
R096908,0
R001059,3
R007137,3
R008643,1
R043541,1
R092577,2
R086626,2
R015384,1
R012447,0
R006590,2
R017235,1
R001286,1
R025388,1
R078219,1
R072335,0
R010043,0
R001581,2
R021764,0
R076588,0
R041461,1
R053290,3
R007841,0
R089932,0
R044830,1
R008891,1
R083322,0
R006970,0
R089265,0
R005316,0
R071918,1
R012085,0
R074103,1
R005242,0
R048442,1
R037596,1
R051553,0
R007607,1
R049009,2
R043485,2
R092090,0
R028903,0
R045136,1
R084952,0
R074170,2
R089542,2
R012753,2
R048157,1
R014063,1
R098977,1
R082193,3
R095166,1
R062370,2
R009131,1
R023492,1
R065608,0
R073134,0
R007156,0
R027447,1
R030074,3
R011666,2
R004625,0
R062789,2
R004209,1
R039932,2
R041761,0
R041772,1
R041214,0
R036866,1
R097235,2
R021290,0
R086989,0
R009302,0
R040080,0
R090969,3
R052621,0
R048558,1
R037284,1
R046598,1
R008366,1
R048829,2
R001250,0
R004296,2
R080117,0
R029636,1
R027387,0
R096600,0
R026848,0
R036538,3
R027450,2
R007229,0
R001812,1
R088573,1
R026760,3
R088296,1
R086589,0
R037193,1
R014785,2
R047534,1
R004062,3
R024077,2
R079624,0
R080548,0
R048354,0
R016334,0
R015023,3
R007088,1
R074711,2
R027984,2
R091213,1
R085490,2
R047391,2
R095524,0
R096318,1
R066570,2
R036714,2
R042058,1
R049827,2
R028542,2
R008758,0
R080221,1
R054216,1
R058573,1
R086786,1
R077861,2
R012858,0
R014604,0
R001308,2
R067132,0
R039480,3
R052108,3
R065427,1
R095134,1
R051230,0
R057299,0
R059382,3
R038460,1
R028606,0
R079974,0
R070263,1
R002771,0
R006306,2
R011748,0
R021416,2
R074324,2
R004974,0
R034816,2
R038514,0
R049546,3
R092637,3
R092488,0
R063823,0
R038176,0
R050338,1
R028743,0
R010395,0
R081981,0
R072616,3
R074627,1
R007244,3
R039549,0
R002589,0
R047909,2
R065446,1
R094017,2
R003748,1
R050597,1
R015899,1
R057015,0
R074211,0
R079417,0
R035914,3
R010174,2
R053787,1
R065113,0
R084851,0
R016998,0
R088620,1
R038387,2
R003318,1
R048227,1
R070696,1
R078096,3
R081965,2
R033843,2
R064881,0
R021528,1
R001874,0
R011166,0
R088120,0
R029921,1
R061925,3
R055848,0
R081151,1
R005231,1
R001571,3
R079298,0
R073560,3
R083759,1
R040236,0
R036885,0
R015046,1
R079008,0
R001538,0
R038338,0
R089075,1
R038059,0
R075323,0
R083606,2
R034907,1
R042632,0
R096770,3
R037794,1
R055232,3
R079460,0
R056741,0
R049370,1
R054633,1
R094415,0
R042612,1
R050210,2
R094058,1
R047724,0
R026028,2
R066247,0
R034056,1
R069093,3
R042542,2
R056023,2
R084061,0
R055967,0
R061434,3
R047305,1
R043510,2
R001782,0
R049742,1
R041521,3
R030990,0
R062826,1
R084858,1
R041599,0
R080319,3
R002592,0
R088985,1
R082268,0
R097925,3
R052913,0
R088982,1
R032471,0
R005213,0
R025776,1
R010333,0
R080504,0
R087817,0
R039941,0
R041088,3
R095476,0
R065780,0
R025038,0
R055685,0
R074969,1
R077049,3
R055202,0
R019101,1
R018571,0
R004150,0
R077335,2
R013173,2
R094858,1
R046702,1
R094944,3
R071365,0
R042907,1
R085521,1
R094787,0
R043784,1
R035054,3
R024337,0
R033710,2
R079816,0
R077727,0
R053408,0
R057070,0
R090416,0
R082008,3
R012285,3
R030718,2
R067527,1
R061268,1
R061686,2
R067303,0
R020010,2
R047717,0
R081435,1
R089911,0
R050789,0
R070286,1
R075854,0
R075567,0
R028980,2
R012967,1
R062039,0
R073946,0
R063420,2
R089413,0
R092641,0
R034512,1
R043072,0
R056671,3
R007376,0
R090273,1
R047111,0
R015181,0
R081048,3
R067321,2
R000724,3
R001411,1
R036185,0
R070653,3
R018481,1
R009862,0
R036081,2
R087594,0
R023699,2
R076068,0
R049800,2
R080584,3
R058135,3
R081579,1
R082941,0
R089467,0
R080463,1
R093653,3
R086160,0
R042603,0
R065240,3
R064747,2
R053324,0
R072760,1
R093872,0
R015147,0
R095821,0
R022785,0
R095732,0
R058758,2
R098750,0
R016031,3
R079883,1
R006761,1
R020413,3
R004169,0
R027210,0
R005071,0
R069695,0
R062901,0
R022788,0
R083339,3
R091876,1
R053438,0
R004251,1
R075985,1
R001129,0
R062518,0
R009376,2
R044044,2
R078398,3
R018783,0
R076628,3
R031266,0
R097795,1
R023469,0
R087302,1
R005641,1
R077188,2
R081770,1
R046467,1
R043622,3
R015594,3
R005564,0
R010282,1
R085007,0
R020272,0
R045656,3
R097202,1
R063382,1
R008188,0
R052131,3
R072921,2
R066130,0
R029818,2
R000595,2
R017104,0
R067759,0
R024164,2
R067571,0
R023741,0
R064360,0
R072035,0
R061272,0
R054900,0
R032404,1
R011391,3
R068429,0
R037741,2
R028921,0
R074873,0
R049235,0
R052565,0
R053583,1
R098969,1
R067710,2
R049282,1
R029549,0
R052124,1
R079998,3
R008905,0
R033143,2
R046560,1
R027219,1
R042977,0
R013051,0
R052394,1
R040662,0
R077492,0
R025916,0
R075896,3
R093244,2
R068390,3
R069932,0
R050273,1
R012181,0
R098106,1
R021766,2
R015099,3
R045928,2
R063501,1
R099616,1
R074644,3
R045581,1
R098423,1
R067617,1
R012650,0
R012192,3
R028095,0
R015380,0
R023567,0
R081866,1
R073697,1
R035360,0
R012387,3
R007950,0
R010024,0
R098975,2
R097164,1
R016180,2
R033779,0
R075233,3
R007725,1
R015213,2
R075236,0
R056596,3
R073409,0
R013536,0
R047263,0
R087631,2
R031954,2
R039397,0
R070903,0
R063262,0
R003487,0
R068831,3
R045129,1
R050739,0
R088215,0
R040830,1
R067561,1
R072064,0
R098166,1
R080473,0
R082378,1
R006186,0
R064986,0
R055189,1
R031292,0
R072590,3
R096433,2
R063591,0
R067940,2
R027374,2
R050922,2
R060289,2
R002617,0
R031181,1
R096314,3
R011834,1
R084411,1
R031761,0
R026078,1
R058398,3
R092089,3
R035182,0
R098296,3
R052063,1
R061532,1
R052557,3
R091283,0
R041132,2
R014314,1
R031780,0
R023015,0
R035529,2
R082850,2
R043827,0
R090898,2
R045640,0
R069403,1
R043271,0
R063375,2
R025407,0
R006905,3
R099028,0
R077798,3
R059012,1
R054584,0
R080416,0
R039089,3
R068975,0
R032292,2
R007773,0
R094528,0
R086538,2
R086880,0
R084050,2
R006680,3
R067270,1
R054942,0
R092678,0
R075601,2
R012506,2
R042576,1
R059409,0
R007068,1
R025640,0
R060073,0
R097898,0
R081905,1
R069980,1
R080778,1
R090761,1
R098364,0
R070091,0
R095200,2
R023497,0
R004576,0
R076114,0
R097143,0
R081433,1
R052965,0
R001155,2
R055385,1
R036033,0
R082759,0
R097617,0
R003369,0
R080080,1
R029579,3
R052867,2
R006775,2
R011649,3
R048334,1
R061201,0
R011143,0
R037756,2
R097964,0
R046544,3
R060692,3
R093907,2
R038159,0
R066468,0
R001132,2
R044161,0
R027130,0
R005789,3
R003851,0
R017956,1
R037867,0
R067288,1
R060617,0
R061398,3
R046237,0
R072346,0
R096793,0
R036125,3
R062440,0
R052822,2
R075713,0
R064883,3
R050808,2
R056058,0
R050270,3
R049579,0
R057599,0
R053199,1
R046931,1
R031435,1
R048530,1
R037132,0
R041127,0
R005514,0
R042235,0
R006695,0
R025295,1
R086842,0
R093183,0
R090835,1
R053441,1
R031465,2
R042327,0
R014216,0
R093112,0
R007353,1
R063413,1
R049248,3
R025592,0
R020320,3
R049683,2
R088315,0
R073320,2
R010654,0
R070620,0
R037223,1
R030789,2
R010741,1
R017202,0
R045150,0
R093700,0
R076906,1
R099791,0
R045505,0
R083762,3
R015531,2
R045513,0
R064746,3
R031486,0
R092722,1
R056755,0
R032826,3
R092890,3
R000990,2
R004771,1
R087875,3
R069961,1
R060648,0
R011433,0
R029396,1
R030110,2
R099613,1
R062411,1
R083716,0
R009078,0
R049394,1
R061944,0
R029252,0
R033216,1
R086553,0
R055199,0
R086659,3
R050131,1
R011792,0
R035451,3
R042291,0
R029269,0
R081877,0
R009156,0
R006414,3
R076535,0
R023153,3
R092756,2
R092458,2
R061497,3
R003134,2
R031358,1
R083426,3
R073679,0
R036383,0
R085542,0
R071476,0
R005779,0
R048428,0
R093226,3
R061221,2
R047650,0
R016615,0
R069658,2
R013283,0
R048833,2
R039102,2
R062585,1
R017347,0
R018906,1
R007488,1
R058899,1
R069435,0
R023771,0
R085221,1
R094878,3
R068842,1
R072733,0
R057760,0
R089166,0
R071953,1
R053214,2
R022078,3
R083437,0
R038926,0
R077104,1
R080119,2
R033579,2
R073887,2
R084745,1
R072892,3
R007208,2
R077322,0
R063191,2
R071956,3
R018495,0
R097245,0
R071567,0
R048511,0
R090056,2
R004277,2
R032962,2
R097972,2
R010482,0
R079891,0
R031548,2
R078286,1
R044811,0
R059959,2
R006114,0
R090194,1
R006858,0
R073530,0
R088243,3
R011369,3
R058357,2
R004219,0
R056792,0
R075342,1
R092280,0
R014115,0
R063764,2
R096676,3
R007347,0
R064262,2
R061500,0
R035205,0
R051926,2
R062053,1
R013320,1
R029714,3
R018130,1
R042202,0
R092936,1
R082326,3
R047949,1
R025873,2
R089212,0
R082544,1
R038834,3
R041740,0
R004654,0
R085089,0
R004079,0
R002056,1
R018583,2
R014912,0
R022796,0
R014707,0
R078941,3
R093394,2
R018577,1
R040942,1
R070793,0
R098656,1
R082207,2
R072176,3
R076993,1
R076794,0
R063969,2
R046102,0
R097867,2
R091938,0
R074821,0
R017409,2
R034981,1
R019889,0
R069509,0
R070212,2
R011174,2
R093976,2
R043924,0
R060049,3
R044683,0
R003953,2
R074161,1
R087864,0
R018939,3
R001594,3
R061156,0
R014688,1
R083572,2
R065085,1
R097968,1
R093664,3
R017904,1
R025789,1
R097712,0
R033743,0
R057868,2
R061154,0
R080452,0
R041497,3
R006713,1
R006712,2
R007745,0
R063562,3
R027418,1
R048910,0
R088408,3
R043891,0
R082329,0
R092352,0
R039258,0
R077750,1
R077653,1
R058765,0
R053951,2
R016350,0
R029150,2
R019258,1
R059110,3
R008240,3
R088137,0
R027797,3
R038670,1
R034702,2
R073443,0
R089305,0
R078307,1
R038560,0
R065857,0
R004460,2
R095747,0
R051876,0
R097904,0
R015189,0
R082259,1
R094613,1
R045641,3
R073157,0
R077028,2
R040154,3
R032510,0
R048380,3
R068435,2
R052076,0
R067451,0
R047460,1
R054483,0
R081904,0
R041912,1
R015666,0
R071558,0
R057180,2
R060578,1
R009015,1
R014226,3
R026696,0
R016283,3
R082769,1
R001170,0
R014942,3
R095278,1
R043704,1
R087909,3
R022461,3
R035895,2
R020003,0
R091054,2
R094296,1
R062775,1
R081993,1
R067686,1
R009787,3
R065253,0
R060734,1
R031179,2
R038127,1
R071833,0
R055401,1
R062861,0
R053837,0
R051274,2
R095110,0
R048386,1
R078734,0
R072930,0
R015964,0
R097307,2
R094042,0
R047943,0
R077093,0
R039763,0
R016126,0
R038118,0
R001622,1
R002695,0
R046374,3
R050430,2
R024446,1
R035413,2
R099601,3
R038712,0
R022695,0
R067702,1
R020539,0
R062822,0
R038062,0
R067844,0
R042226,1
R016841,2
R012997,1
R077794,1
R097958,3
R029781,2
R004381,1
R052006,3
R030499,1
R040548,2
R099430,0
R029930,2
R040855,2
R015756,0
R010033,1
R097357,0
R097639,1
R046749,1
R097205,0
R030527,2
R046511,2
R036015,1
R058365,0
R004010,0
R050592,0
R095852,0
R073861,0
R071839,1
R034763,2
R007044,3
R089468,0
R015319,2
R087244,0
R014939,0
R091836,0
R054110,1
R008138,0
R044534,3
R051739,2
R064799,1
R060310,0
R078196,1
R014654,1
R091180,0
R059700,0
R022869,1
R079033,3
R083083,1
R021814,2
R036222,0
R071887,0
R032158,2
R039242,0
R006253,0
R049639,0
R065461,1
R075845,0
R061287,0
R017852,0
R093568,0
R056826,0
R062506,1
R081137,2
R079623,2
R079269,1
R011161,1
R055140,3
R089591,1
R007906,0
R054934,0
R071326,3
R070067,0
R095364,2
R096857,1
R032432,0
R027877,0
R073377,1
R016508,0
R061971,0
R051008,0
R093438,1
R048039,2
R093396,1
R094977,3
R081414,0
R065236,0
R062387,0
R004578,3
R001753,1
R048260,0
R011973,1
R019976,0
R002339,0
R042983,0
R010624,0
R057501,0
R095614,3
R044409,2
R016644,2
R005981,1
R085348,0
R037176,1
R036090,1
R028334,3
R020037,1
R029378,1
R054543,1
R061324,0
R011988,3
R054235,2
R027659,0
R097120,2
R072662,0
R066156,0
R069523,1
R091600,0
R083270,1
R068195,3
R072310,0
R072105,0
R023530,0
R092747,0
R057947,3
R058326,0
R043532,0
R076399,0
R030151,0
R043358,3
R030088,0
R069518,1
R031388,0
R079859,0
R092276,0
R065244,1
R074035,2
R083376,0
R092946,1
R055042,3
R019563,0
R068936,0
R043875,0
R060550,1
R005605,2
R030751,0
R058303,1
R092245,2
R009318,0
R003252,2
R048916,0
R040421,2
R091373,2
R079189,3
R027752,2
R048153,1
R094636,1
R078667,0
R017066,3
R024654,0
R052197,3
R089273,2
R027617,2
R032004,3
R082735,1
R056984,1
R068511,2
R018113,1
R034427,3
R049268,1
R047323,2
R095427,3
R064211,0
R043160,0
R085732,1
R065938,3
R056235,3
R077682,3
R036365,0
R066150,1
R083039,0
R045207,3
R024370,0
R028754,3
R078757,2
R080192,0
R082540,1
R028784,1
R040283,2
R034715,1
R050948,0
R010452,1
R005777,3
R003952,1
R074529,1
R071294,3
R093388,0
R012527,2
R062394,0
R064184,0
R036532,2
R043478,1
R089095,0
R076846,1
R071931,0
R037992,1
R081386,0
R030702,0
R012676,0
R047448,0
R034236,1
R010806,0
R026717,2
R055937,0
R000339,0
R034698,0
R074301,0
R042644,0
R048794,2
R070309,0
R091066,0
R000611,0
R014581,0
R082560,0
R085764,0
R018537,1
R069742,1
R080134,0
R032730,0
R054525,1
R039589,0
R038632,2
R055573,2
R032832,3
R067935,0
R021600,0
R088530,3
R080380,0
R031786,0
R077954,1
R067509,0
R014861,0
R003743,3
R094604,1
R092447,1
R070881,1
R071706,1
R020317,3
R029675,1
R066155,0
R044360,3
R008597,1
R047784,1
R058121,1
R046513,0
R058917,0
R004787,1
R094681,3
R027930,0
R089480,3
R004065,0
R060183,0
R096928,1
R028827,0
R029865,1
R095483,2
R024081,3
R005054,3
R036332,0
R061239,3
R066124,0
R043870,3
R058886,2
R071442,2
R015442,0
R066371,0
R077480,3
R082904,0
R008044,0
R007518,0
R005635,0
R022580,0
R039164,2
R094292,0
R006894,1
R086345,1
R049355,1
R075922,1
R085320,1
R051959,1
R058267,2
R082245,1
R077094,0
R009609,1
R077625,3
R083565,2
R037384,2
R077977,0
R000377,3
R021918,1
R031395,1
R053929,0
R002009,0
R098694,3
R069028,2
R019289,0
R026793,2
R003302,2
R067674,0
R062269,0
R002970,0
R026984,1
R055575,2
R066578,0
R074641,1
R050640,0
R077932,2
R011225,2
R016282,1
R069711,3
R008774,0
R071497,0
R073008,0
R051911,0
R026707,0
R052162,0
R032813,3
R049464,0
R093765,0
R036501,1
R064801,2
R075317,2
R064086,1
R061005,1
R053645,0
R031085,0
R072565,0
R095783,1
R088461,3
R051113,1
R055903,1
R089521,0
R055894,2
R048100,0
R083460,0
R085404,0
R043943,0
R091294,0
R097708,0
R082891,3
R057529,3
R083024,0
R070227,0
R006536,3
R010649,0
R008907,0
R087553,0
R040350,1
R095570,1
R086510,0
R073915,3
R057997,0
R063186,3
R078228,1
R093433,1
R090605,1
R024735,0
R005338,1
R024079,2
R041395,0
R023325,1
R053661,0
R010782,0
R006091,0
R038628,0
R013147,0
R059919,2
R082557,3
R050090,1
R092568,1
R095167,3
R094194,1
R066293,3
R044500,0
R040542,0
R043471,1
R047249,1
R079525,1
R034745,0
R070523,0
R033872,0
R004730,0
R041302,2
R087170,1
R051471,0
R087527,3
R044271,1
R040171,1
R084211,2
R084773,2
R097629,2
R088605,1
R093774,1
R059641,0
R031934,2
R061570,2
R090263,0
R078226,0
R053314,0
R091828,0
R062105,0
R002184,0
R066758,0
R021223,0
R044326,0
R059353,0
R058811,0
R069559,0
R053898,0
R027595,1
R004790,0
R076803,0
R025259,0
R096344,0
R030598,1
R067495,0
R059121,1
R051591,0
R066210,1
R018586,0
R059192,1
R000408,1
R019577,0
R086230,3
R075710,1
R036428,2
R001227,2
R090355,3
R081855,1
R075805,1
R075001,0
R004964,1
R061359,3
R026148,0
R029124,0
R074415,0
R004444,1
R008993,2
R064479,2
R042003,0
R077466,2
R003111,2
R062989,0
R072343,0
R065139,3
R069439,1
R062449,0
R031058,3
R053709,1
R026908,3
R057855,2
R040776,0
R007582,2
R040640,1
R095753,3
R067602,0
R012173,1
R036157,2
R008792,3
R018117,1
R026303,1
R053819,0
R070267,2
R032538,0
R068400,0
R074142,1
R070516,0
R097765,3
R004848,0
R043534,3
R040914,0
R006392,0
R096386,0
R093272,0
R055689,0
R090657,0
R069044,1
R027424,0
R009753,2
R057461,0
R031165,3
R045143,2
R018028,1
R030870,0
R034421,0
R062551,1
R086541,0
R023604,0
R024804,2
R088176,1
R014531,0
R004408,1
R056353,1
R092746,0
R009426,1
R091195,0
R050091,1
R019291,1
R021475,2
R040260,0
R093591,0
R026357,0
R064539,1
R072626,3
R026646,2
R099444,3
R078839,2
R024028,2
R029226,1
R086407,0
R039479,0
R006863,2
R073151,2
R095026,3
R018949,0
R020046,0
R086300,0
R070801,1
R075458,3
R072021,0
R087226,2
R048996,2
R069329,0
R026864,2
R015659,3
R012319,0
R005803,2
R045017,1
R080173,1
R002923,0
R086829,1
R047242,0
R074471,1
R052439,2
R032571,0
R025114,3
R078618,0
R091546,0
R078786,2
R091628,1
R092529,1
R016143,2
R008898,1
R098748,0
R013529,0
R025499,1
R065617,2
R070206,0
R075061,0
R026695,1
R067788,3
R067502,3
R051433,0
R098128,0
R025156,1
R024518,2
R080383,0
R044577,1
R016067,2
R019700,0
R043105,0
R054214,1
R066700,1
R059676,1
R063785,2
R051300,1
R044888,0
R004191,0
R082066,1
R079506,0
R074377,0
R087241,0
R072957,1
R070865,1
R009186,1
R083540,0
R051908,1
R079045,2
R076232,3
R099242,0
R004404,1
R041956,3
R033231,1
R014471,3
R046309,2
R015153,0
R097954,0
R016902,1
R094019,1
R046036,3
R060742,1
R026287,3
R057352,0
R094149,1
R043646,0
R022008,1
R019644,0
R048555,1
R006557,3
R043484,2
R041597,1
R060286,0
R057845,2
R011614,0
R069746,0
R056508,0
R068924,1
R022039,1
R012521,2
R077855,0
R068509,3
R023276,3
R091992,3
R052923,2
R026482,1
R093290,1
R031513,0
R022652,3
R077710,0
R002260,1
R090113,3
R096220,0
R010424,3
R055871,0
R093001,1
R042433,0
R018951,0
R075871,0
R089263,0
R057162,0
R028738,0
R035195,0
R027490,1
R030240,1
R093471,2
R004851,0
R008679,1
R099571,0
R009080,0
R022737,1
R076006,2
R078016,2
R074439,3
R013622,2
R031670,3
R081859,2
R010846,3
R074419,1
R003943,0
R084122,0
R019095,0
R081643,0
R053094,0
R040755,1
R019244,1
R006583,1
R069733,0
R014583,2
R091660,3
R077499,0
R072824,1
R038520,0
R098797,0
R028233,1
R074361,0
R084387,1
R014998,0
R041909,0
R010553,1
R077518,1
R046647,0
R052243,0
R066068,0
R056462,1
R059257,3
R082157,0
R044581,0
R034387,2
R065584,1
R096260,1
R012300,0
R092751,0
R025774,2
R031830,0
R016889,1
R087610,3
R033258,1
R037415,3
R059415,0
R060417,3
R065714,2
R081533,3
R094064,2
R053752,1
R089705,0
R033075,1
R039923,2
R094699,3
R081331,0
R089590,3
R005209,0
R003636,1
R066696,0
R058714,0
R060952,0
R085647,0
R094291,0
R070190,0
R025006,0
R073267,0
R045806,1
R067727,3
R090089,0
R026134,0
R068125,3
R051976,1
R075794,0
R071750,0
R091561,3
R038651,0
R040248,0
R038170,0
R015780,0
R088882,0
R070813,3
R038471,0
R048958,0
R047439,2
R041114,0
R034290,1
R072714,0
R079299,0
R050111,2
R012979,0
R069147,1
R072288,0
R067203,1
R052926,3
R009330,0
R029574,0
R024923,3
R035512,0
R049061,1
R056478,3
R031121,0
R069494,0
R024121,0
R096420,0
R061228,3
R090111,1
R056708,1
R096126,3
R064403,0
R033305,0
R050517,0
R040673,1
R019768,0
R059255,1
R004516,0
R014068,3
R038790,3
R006131,0
R062806,2
R000588,0
R022853,3
R017879,3
R058764,3
R086340,0
R084833,0
R038860,0
R049302,2
R049095,1
R050684,0
R015727,2
R048469,2
R057856,0
R020253,0
R084886,1
R027212,3
R089320,0
R095403,0
R058585,1
R064745,0
R017337,0
R099162,1
R098637,0
R096473,0
R081517,3
R083031,0
R009857,1
R055971,1
R069487,0
R045583,0
R006545,0
R019464,1
R031125,0
R069959,1
R095452,0
R097013,0
R006645,1
R075053,0
R008010,3
R025490,0
R019923,1
R098274,0
R013223,0
R041625,0
R080809,1
R024851,0
R022243,1
R096197,0
R025756,1
R040408,2
R071968,0
R032938,3
R071396,1
R052807,2
R054570,0
R092277,1
R008090,3
R091905,0
R007390,0
R006385,0
R034746,1
R080961,2
R062021,0
R041366,1
R012020,3
R032322,1
R067760,0
R016910,0
R069613,1
R013073,0
R024820,0
R085822,1
R061747,3
R028254,1
R071682,3
R060723,0
R074220,0
R094687,0
R017553,0
R075591,1
R002906,0
R070707,1
R024570,3
R009199,2
R092080,3
R033476,0
R029372,0
R014116,3
R018147,1
R042866,2
R078961,3
R009504,0
R020500,0
R032049,0
R085018,0
R004860,3
R031620,0
R080145,2
R092990,0
R077623,1
R028660,3
R094739,0
R051502,0
R075337,1
R025152,1
R098327,0
R033000,0
R047154,2
R072807,1
R036701,0
R077991,0
R001027,3
R068811,0
R077814,3
R029318,3
R029710,1
R078498,1
R005725,2
R050864,2
R043200,3
R048756,3
R060483,0
R032991,0
R039161,1
R025071,2
R018994,2
R024440,0
R021784,0
R001735,0
R064411,1
R095508,0
R004023,1
R016692,3
R030474,2
R087466,0
R061165,2
R078737,0
R055381,2
R075997,3
R061683,0
R041973,0
R033158,0
R069558,0
R064195,2
R077527,3
R001401,0
R023581,3
R083184,0
R041819,1
R015892,0
R083043,1
R040054,3
R000149,3
R056716,2
R051764,0
R023040,0
R000467,0
R074166,2
R085626,0
R029512,1
R058457,3
R021860,1
R077801,2
R089517,0
R027291,0
R043257,3
R025017,3
R004415,0
R009037,0
R050672,2
R017116,2
R046326,1
R094408,2
R009989,0
R036767,0
R067481,1
R021526,0
R055570,2
R058296,0
R051829,3
R002384,1
R074659,0
R026000,2
R070511,1
R095847,0
R005708,0
R089410,0
R052695,0
R049849,1
R061137,0
R083569,0
R035589,1
R028418,0
R066024,1
R016012,0
R000312,0
R046508,0
R057349,2
R057176,0
R085334,0
R047926,0
R061871,3
R067850,0
R021713,0
R053381,0
R079086,0
R071580,0
R052666,0
R051485,0
R015786,0
R012880,2
R053602,1
R023542,0
R049496,2
R083487,1
R030566,1
R085588,3
R036876,0
R027470,0
R043567,0
R061894,2
R088745,0
R057648,0
R038358,0
R062933,3
R028268,0
R091942,0
R085110,0
R053704,2
R091906,0
R064007,3
R063145,1
R055485,0
R008524,3
R060805,3
R072442,1
R024073,0
R033709,0
R099952,0
R025829,3
R046143,0
R000429,0
R042823,2
R040708,0
R018657,0
R051803,2
R020644,3
R064138,0
R002408,3
R072827,1
R098711,2
R012898,2
R040077,3
R069009,0
R045100,1
R089346,0
R074920,1
R049033,1
R001992,0
R026115,0
R048883,0
R083271,2
R015045,1
R004029,0
R029050,2
R083178,0
R000603,0
R077772,0
R080448,1
R075496,0
R086517,3
R079044,0
R011398,1
R058486,1
R076542,0
R040574,2
R071215,3
R006902,0
R013664,3
R053669,0
R000075,1
R065903,1
R096807,3
R067079,0
R080339,1
R065202,0
R038805,0
R068953,1
R084200,1
R035293,0
R019814,0
R091943,2
R097675,3
R022003,3
R065448,1
R010508,1
R053882,0
R054467,2
R038323,3
R018303,0
R095599,3
R002168,3
R036479,2
R073387,1
R034363,0
R029632,2
R081466,2
R048915,0
R007406,3
R074153,1
R079973,3
R028787,2
R049426,2
R096251,0
R013907,2
R070966,0
R040127,1
R033966,2
R039028,0
R067154,0
R016354,0
R010977,1
R001699,2
R085421,0
R078384,0
R080459,3
R020601,3
R060811,2
R092009,3
R078066,3
R070292,3
R012809,0
R052684,0
R013056,0
R046995,3
R013932,0
R083167,0
R044944,0
R009279,3
R002884,0
R099988,3
R008499,1
R085453,1
R085565,1
R077639,1
R074729,2
R002684,0
R025300,0
R097260,1
R045104,1
R044138,0
R049351,3
R033861,1
R063907,0
R017752,2
R044040,3
R062252,0
R086762,0
R068039,3
R070725,0
R009473,3
R087445,1
R069039,0
R052203,1
R096041,0
R020556,1
R049173,3
R057414,1
R021231,0
R075499,0
R031074,0
R042649,2
R071248,3
R047562,1
R063193,3
R045810,0
R029514,3
R037276,0
R086040,1
R080635,0
R089338,0
R047245,0
R022152,2
R024163,0
R080886,1
R042721,0
R040777,0
R051089,1
R062786,0
R010932,0
R006188,0
R064156,0
R069366,0
R013465,1
R087832,0
R035523,1
R031042,2
R037817,2
R006006,0
R077714,0
R057029,1
R053682,1
R070232,2
R062323,1
R014374,1
R072294,0
R009133,0
R017599,0
R004652,0
R078092,3
R056598,1
R051917,3
R026866,0
R022424,0
R097661,3
R022590,0
R046458,0
R041516,0
R012846,2
R033363,0
R036736,1
R053974,0
R077986,0
R046727,3
R000335,1
R060502,0
R010698,0
R009372,3
R027623,1
R098294,3
R064575,0
R077530,1
R005035,1
R025903,0
R038689,1
R096702,1
R033220,0
R091492,0
R043071,2
R092627,0
R004196,3
R065737,1
R018286,1
R079858,1
R021360,0
R069471,2
R027636,3
R000740,0
R079073,1
R045217,0
R000366,0
R087559,0
R030360,2
R064440,1
R010801,0
R057865,3
R063804,0
R065172,1
R012423,1
R050910,0
R007057,3
R029708,0
R005436,3
R008306,0
R022604,3
R046568,3
R071749,2
R006288,0
R071707,0
R077313,0
R072391,3
R032324,1
R008719,1
R051367,0
R077634,0
R010732,0
R028438,0
R052337,2
R072296,0
R008867,1
R064070,1
R029705,2
R000371,0
R055667,0
R094871,2
R042551,0
R001459,2
R030386,0
R088593,0
R008275,3
R066814,2
R022158,1
R053054,0
R018243,1
R096769,1
R065009,0
R010853,0
R017131,0
R053558,1
R063463,1
R099891,2
R099633,0
R043945,0
R027488,3
R060090,1
R010575,1
R046101,1
R020108,0
R020083,2
R017674,1
R045655,1
R053395,0
R002898,1
R033939,3
R027307,1
R018410,2
R084205,0
R028458,0
R050608,0
R064722,1
R036148,1
R022497,2
R044615,0
R089496,0
R016284,0
R010344,1
R066487,1
R044609,0
R051422,0
R097841,1
R090258,3
R057885,1
R022289,2
R043781,0
R049792,1
R095868,3
R008249,3
R010857,1
R002276,0
R034683,2
R052004,3
R012878,0
R009352,1
R001549,1
R049309,0
R071345,1
R089625,2
R018107,1
R020718,0
R056032,1
R059529,0
R041322,1
R093066,0
R048776,3
R012548,1
R028068,0
R038998,3
R072026,2
R093707,0
R071547,3
R040721,1
R087029,0
R068965,2
R016259,1
R042363,0
R060045,1
R056364,0
R023715,0
R049805,3
R004969,0
R073064,0
R066649,0
R095080,1
R008952,1
R054763,2
R015808,2
R016072,3
R010809,3
R060147,2
R029326,0
R019027,3
R040040,0
R048731,0
R052092,0
R095896,1
R052860,1
R037291,1
R023970,2
R093421,1
R005431,0
R035833,0
R041256,1
R014380,2
R032825,3
R017773,3
R015569,1
R054387,1
R062023,0
R074224,0
R009388,3
R059103,3
R030744,0
R014689,2
R077359,0
R077038,3
R038690,0
R059745,0
R097186,0
R089078,3
R025146,0
R080973,0
R011603,2
R020050,0
R051306,0
R054801,1
R093644,0
R000125,0
R032881,0
R056410,2
R083499,0
R032195,1
R045036,2
R058431,3
R006752,0
R050971,0
R000969,1
R059540,1
R042743,3
R001642,3
R087420,3
R007614,3
R087547,0
R039395,1
R001198,2
R086654,2
R006338,2
R011355,3
R050047,1
R001397,1
R071491,0
R091282,0
R062004,0
R057380,0
R089206,0
R069285,2
R029910,1
R056062,0
R057613,1
R076519,1
R037059,1
R008564,0
R012910,1
R086123,0
R060004,2
R089446,1
R077471,2
R046481,2
R012096,1
R016709,2
R056358,1
R075592,0
R056312,3
R074196,0
R097218,3
R040645,0
R058210,1
R089814,3
R035964,2
R062474,0
R061334,3
R047264,1
R073962,0
R006537,0
R005873,1
R037436,1
R001683,0
R033079,0
R097952,1
R037312,0
R024377,1
R062047,0
R099752,0
R063035,0
R014052,1
R035621,0
R054193,2
R097978,2
R041587,1
R081181,0
R003104,0
R020801,1
R092007,0
R084104,3
R056283,3
R070576,2
R088766,1
R058611,0
R067092,0
R066079,3
R043713,1
R007006,2
R043307,0
R086500,0
R083555,1
R016297,2
R087200,0
R045262,1
R099475,3
R073216,1
R021823,1
R071414,0
R011681,0
R000948,3
R075097,0
R065487,1
R019205,1
R088759,1
R084848,1
R057788,0
R009557,0
R098112,1
R070059,0
R083386,1
R024471,0
R079285,2
R010201,1
R037967,2
R079372,1
R062664,2
R086470,3
R017303,1
R099476,0
R064496,0
R027188,0
R079873,2
R001904,1
R070760,0
R060233,0
R095445,1
R065550,2
R097270,1
R080686,3
R001221,3
R026668,0
R029826,1
R034313,0
R031491,0
R074130,1
R057290,0
R020195,0
R031824,0
R043550,1
R056791,0
R000999,0
R052293,2
R001570,0
R047862,2
R002964,1
R056513,0
R018904,0
R002527,0
R099217,1
R015022,0
R080262,1
R014919,0
R067465,2
R044228,3
R075230,3
R037766,2
R023113,0
R090286,0
R094428,0
R012881,0
R024189,0
R005876,1
R062337,0
R015915,0
R019726,2
R080055,0
R067052,0
R048721,1
R022812,1
R029765,2
R086363,0
R016675,3
R029799,1
R068510,0
R028156,0
R046547,0
R060522,1
R036267,1
R028146,2
R065719,3
R041402,3
R060437,2
R038282,2
R000599,0
R039211,0
R006622,3
R037130,0
R018128,1
R036027,2
R021378,1
R058386,2
R075880,2
R071518,0
R040651,1
R052987,3
R007131,0
R004436,0
R061074,3
R063044,1
R003769,0
R004367,2
R053217,3
R053625,2
R077598,0
R086073,2
R005368,0
R034401,0
R048777,0
R045503,3
R095207,3
R038392,2
R004370,1
R091733,1
R039259,3
R049970,0
R039228,3
R026631,2
R042963,0
R096254,1
R073957,0
R047816,0
R084060,0
R016956,0
R040492,0
R037095,1
R043011,2
R046580,1
R043261,0
R066264,2
R083188,1
R025345,2
R037178,1
R064534,3
R027988,0
R091692,0
R005140,2
R033373,1
R098070,3
R066301,0
R052943,1
R055447,0
R030244,2
R035879,3
R044211,0
R020116,1
R041714,0
R075868,0
R013991,0
R065513,2
R033082,0
R099140,0
R010680,0
R084899,2
R081504,0
R051851,1
R075463,3
R033744,3
R024372,1
R037667,2
R081230,3
R091309,1
R083753,3
R045597,2
R095648,0
R015604,0
R026211,3
R014357,2
R025127,1
R016357,0
R098610,0
R028327,0
R000006,0
R057658,3
R070589,1
R046422,0
R004125,1
R042737,3
R006402,0
R075554,0
R014057,3
R087160,0
R086830,2
R079171,2
R068536,0
R015635,0
R060155,1
R042175,1
R095479,0
R021487,0
R099332,2
R029328,0
R082079,1
R030030,2
R086399,0
R003210,0
R013939,0
R056689,1
R027038,0
R050158,1
R059874,1
R036575,2
R009549,2
R016408,0
R025944,1
R024885,1
R012378,1
R048501,0
R098490,1
R054616,0
R022103,0
R050278,0
R017415,3
R064808,0
R046245,0
R039247,1
R070389,3
R078370,3
R069425,2
R096988,0
R014120,0
R071419,2
R063692,3
R019490,0
R089683,2
R025631,0
R010366,1
R094692,1
R073663,0
R000652,3
R025777,1
R081394,0
R070716,2
R072847,0
R086715,0
R062367,0
R066965,3
R061316,0
R098628,0
R025126,1
R042379,1
R068277,0
R078547,3
R021167,0
R017062,3
R081700,2
R087087,2
R056541,2
R012110,2
R036784,2
R009314,3
R065684,1
R031690,0
R055156,1
R055849,0
R046117,1
R085836,1
R039527,3
R054950,0
R099401,0
R012456,0
R095442,0
R014194,0
R098958,1
R059351,2
R036795,0
R040624,0
R015946,0
R081761,0
R095305,0
R087284,0
R082039,2
R087595,0
R079712,0
R034983,3
R062450,0
R027142,0
R091785,0
R003498,1
R099627,0
R062115,0
R025609,1
R068707,0
R097107,0
R004697,0
R050944,2
R074467,2
R007033,1
R055563,0
R070316,0
R062180,0
R009915,1
R007978,0
R000696,1
R066532,0
R077618,0
R096044,0
R084395,0
R018343,2
R052523,0
R055501,1
R093100,1
R066909,1
R032969,0
R089995,3
R078167,3
R064796,0
R072671,0
R018070,1
R054767,0
R009901,0
R005067,3
R024148,2
R004808,0
R062916,3
R026672,1
R026501,2
R070363,3
R033535,0
R061091,1
R037381,0
R044164,0
R006750,1
R076607,1
R095083,2
R003166,1
R077823,3
R080116,1
R015325,2
R080834,3
R037272,2
R064270,1
R091515,0
R044906,1
R091389,2
R011618,1
R022220,0
R054511,0
R092386,0
R079675,1
R062349,1
R070990,0
R046907,1
R085408,2
R042130,0
R065375,0
R019801,2
R002934,2
R008106,0
R017234,0
R083052,0
R001832,1
R089044,1
R028426,3
R060144,0
R034338,1
R058915,3
R033528,0
R021224,0
R085896,0
R065486,1
R002387,1
R042702,0
R013011,0
R094639,0
R097431,0
R039288,0
R006396,0
R040703,1
R010493,0
R006301,0
R006585,3
R043249,2
R065739,2
R042353,2
R053456,2
R016385,1
R019197,1
R068627,0
R084356,2
R034289,0
R062237,1
R028775,1
R033659,0
R063384,2
R066852,0
R046070,2
R021028,0
R020571,1
R009983,1
R059157,0
R050258,0
R083924,0
R069374,0
R068304,3
R023493,2
R023353,1
R092495,3
R017842,3
R028180,2
R021410,2
R000297,1
R063596,3
R025947,3
R027685,0
R072660,1
R091621,0
R008226,3
R092677,1
R007175,1
R049753,3
R039338,1
R002622,2
R078845,0
R032971,2
R044041,1
R054255,0
R036807,3
R079925,0
R071287,0
R008584,1
R041282,1
R092955,0
R014541,1
R067516,1
R073793,2
R043414,1
R092073,0
R082125,1
R006518,2
R086959,0
R057735,1
R063739,0
R024564,0
R093042,2
R065668,0
R069976,0
R018150,0
R023485,2
R073162,0
R079742,1
R035671,3
R015950,0
R020382,1
R057561,2
R092683,0
R032623,0
R016519,1
R078888,3
R037675,1
R006312,1
R091365,0
R006215,0
R035068,1
R021626,1
R031200,1
R072661,3
R068095,0
R075286,0
R023637,1
R017165,0
R056454,1
R098852,3
R098492,1
R024861,2
R065040,2
R081690,0
R028866,0
R006036,3
R051713,1
R007254,1
R016384,0
R081115,0
R087735,0
R049286,1
R018251,2
R051854,0
R013787,3
R070424,1
R006974,0
R047677,0
R071999,0
R025818,3
R018428,2
R071333,1
R036203,2
R087702,0
R099503,0
R004364,1
R078284,1
R095786,0
R097243,2
R069772,0
R001316,1
R009380,0
R076402,3
R009003,1
R043129,1
R082356,0
R092432,0
R064899,0
R095556,1
R010866,1
R081267,0
R097277,0
R038581,2
R084305,0
R019364,3
R097138,1
R076229,2
R033812,2
R099552,0
R090636,0
R056893,3
R061326,0
R006884,1
R096524,3
R047719,3
R077572,0
R057643,2
R086773,1
R085876,0
R051789,0
R077082,0
R097922,0
R081880,0
R027630,0
R086095,1
R055002,1
R092091,1
R094153,3
R045216,1
R024869,3
R009126,3
R054520,0
R098855,3
R018722,0
R000280,0
R056919,0
R049410,1
R079572,1
R069999,0
R004491,0
R091059,3
R082250,2
R035635,3
R066558,0
R072499,0
R006530,0
R011240,0
R083865,0
R007728,2
R095327,1
R016407,0
R080250,0
R079385,0
R075505,1
R033969,0
R003022,0
R007165,1
R002412,1
R012345,1
R009985,0
R076952,3
R024672,2
R073278,0
R058159,1
R057915,1
R038230,0
R093204,0
R010793,0
R031396,2
R071678,2
R000679,2
R020672,0
R037502,0
R004335,0
R072839,1
R021794,1
R061568,0
R081494,2
R061842,1
R009927,0
R088364,0
R089392,1
R027043,2
R090206,1
R090508,2
R054792,1
R086501,0
R024997,3
R066767,2
R041525,1
R040028,1
R049109,0
R005132,0
R050620,0
R067398,2
R089174,3
R005351,0
R084999,0
R003133,1
R064999,1
R014046,0
R003467,2
R095350,1
R029392,1
R027928,2
R049158,3
R070033,1
R093911,1
R043950,1
R008829,0
R096338,0
R048406,2
R026436,0
R021762,0
R047865,0
R043914,1
R040377,1
R067408,0
R033174,1
R077115,2
R059740,3
R046035,3
R017820,0
R017435,2
R004389,0
R032276,1
R055540,3
R086583,0
R055144,3
R039175,1
R073656,1
R024863,3
R060129,0
R015034,3
R032551,0
R094334,2
R061478,0
R076130,0
R088345,1
R063797,3
R035398,0
R071731,0
R015455,0
R072895,0
R075602,2
R033458,1
R012861,0
R081765,0
R095535,3
R039773,1
R083181,2
R093218,3
R082361,1
R049253,2
R018713,0
R057204,0
R002058,2
R043634,3
R052274,3
R013124,0
R095217,0
R053551,2
R004070,0
R095502,1
R017578,2
R018753,0
R034504,0
R036334,0
R019245,1
R035993,0
R021201,0
R072043,3
R031250,0
R020263,2
R063678,2
R010076,0
R032567,1
R066884,1
R047574,0
R095895,3
R054234,1
R081996,0
R052351,1
R020604,0
R046201,1
R020785,0
R065320,1
R031021,1
R096297,0
R042348,2
R097804,1
R029983,1
R032413,1
R053089,2
R070757,1
R020158,2
R056115,1
R061141,0
R092063,2
R005320,0
R068123,3
R037073,2
R052569,2
R022246,0
R009639,0
R033741,0
R013510,1
R001482,0
R092643,0
R088464,0
R008348,1
R049356,3
R027559,1
R070823,0
R028794,0
R095527,0
R072956,2
R069941,2
R084893,0
R003230,0
R009519,0
R029029,3
R020630,0
R059872,0
R088334,3
R026861,2
R077114,0
R044777,1
R002182,0
R048837,0
R045521,3
R045040,3
R055265,0
R005597,1
R029088,2
R055175,0
R024035,0
R049399,1
R098421,1
R039239,1
R038494,1
R036346,0
R070735,0
R098122,1
R080159,0
R086519,2
R031184,1
R076583,0
R029013,0
R092633,0
R011416,1
R043733,1
R042480,0
R025606,0
R085250,3
R040545,3
R006264,0
R090205,3
R012951,1
R058894,0
R026181,2
R003079,1
R050651,1
R079406,2
R003614,0
R081461,0
R051015,1
R033289,0
R075876,0
R051811,0
R083653,1
R039304,1
R058511,3
R048206,2
R017413,3
R003003,1
R020623,1
R025178,3
R063851,1
R012998,0
R015421,0
R004839,1
R090985,3
R019917,1
R069265,1
R008352,0
R095551,0
R084756,0
R095692,1
R051012,3
R040190,1
R092163,0
R079900,1
R014586,1
R030122,3
R013348,3
R084089,1
R040406,0
R027554,0
R033496,1
R094901,0
R045013,2
R046916,0
R079689,3
R049723,0
R031459,0
R065344,3
R000087,2
R037636,3
R015602,0
R011680,2
R024306,1
R027416,0
R049533,0
R078285,0
R063631,1
R085502,1
R097171,0
R059944,1
R056324,2
R031166,0
R062029,0
R030724,1
R039872,1
R040414,0
R000983,3
R021961,2
R038278,0
R097421,0
R023125,3
R055148,1
R063376,0
R035643,0
R073572,0
R061522,1
R044864,0
R071752,1
R014805,2
R087811,0
R070796,0
R032867,2
R072721,1
R050558,1
R059084,0
R004662,0
R046076,0
R049938,2
R057980,1
R082574,3
R080214,2
R041411,1
R089035,2
R066760,3
R091811,3
R095071,0
R063098,0
R023600,2
R097364,0
R001910,1
R069649,3
R040458,0
R078005,0
R021065,0
R054928,1
R087611,0
R042543,1
R043092,0
R072896,0
R003155,1
R046349,0
R039267,0
R047752,1
R092253,0
R082927,1
R003439,1
R038614,0
R044142,0
R049049,2
R045630,0
R071099,0
R091185,2
R056638,3
R024422,3
R067947,1
R077057,0
R070427,0
R012895,1
R016960,0
R030904,0
R072595,0
R046621,2
R015374,3
R047403,0
R039605,1
R091788,0
R025839,3
R031444,0
R018010,0
R077643,0
R019810,2
R016280,0
R033594,2
R026149,2
R071937,1
R076396,1
R020148,0
R048008,2
R032393,0
R090851,1
R022228,1
R027012,0
R076473,0
R012758,0
R038200,1
R086241,0
R047760,1
R015632,0
R032558,0
R070043,0
R072314,1
R076423,0
R067835,0
R087639,3
R029782,1
R066122,1
R022846,1
R047581,0
R060998,0
R042567,0
R084151,0
R033906,1
R054896,0
R074573,0
R061626,0
R090807,2
R015688,0
R023226,0
R051204,0
R093281,1
R004879,3
R004638,3
R068291,2
R087511,0
R051432,0
R067896,1
R030636,0
R082179,2
R079110,1
R032327,0
R084588,0
R054041,2
R014672,0
R018295,3
R044927,0
R068908,1
R041348,3
R071663,3
R067121,2
R011030,1
R099958,0
R048191,0
R033475,0
R062595,1
R018931,2
R029668,0
R012572,0
R097580,0
R010261,0
R025453,1
R075621,1
R022331,0
R026014,0
R098304,0
R020364,0
R031674,0
R071904,1
R073009,0
R015770,1
R079280,1
R056679,0
R063917,2
R061734,2
R007615,3
R079492,0
R014772,0
R004164,2
R054899,1
R080290,3
R013745,0
R075192,0
R018036,0
R099903,2
R087242,0
R084841,2
R097609,2
R095019,0
R057482,0
R004211,1
R073576,3
R091596,2
R042136,1
R036786,1
R076789,2
R003374,0
R042196,2
R051747,0
R080835,1
R046305,1
R061151,1
R057946,0
R012965,1
R049956,1
R029417,2
R074663,1
R032761,0
R059871,0
R012919,2
R046426,3
R008156,2
R065534,1
R035476,1
R073511,1
R080232,0
R081085,0
R035090,0
R029896,3
R072604,2
R027866,3
R040678,0
R012220,0
R008231,0
R040533,0
R004184,0
R037254,1
R072435,1
R066864,0
R004033,0
R032498,0
R057301,0
R014608,1
R020017,0
R075589,0
R037475,0
R095100,0
R091427,2
R083963,0
R064327,0
R053846,3
R068574,0
R034856,1
R076870,2
R063963,3
R095239,0
R075585,1
R075929,1
R069993,0
R035734,1
R037565,2
R086902,1
R001623,3
R081005,1
R074978,2
R043043,0
R079023,1
R073334,0
R094396,1
R082340,2
R003631,1
R022618,0
R041080,0
R075159,1
R009216,0
R017880,0
R090045,0
R058270,2
R078422,3
R064940,1
R013309,1
R009900,3
R082840,1
R088633,0
R095813,2
R068412,2
R046832,0
R038803,1
R063826,0
R043775,1
R049120,2
R070021,0
R016603,0
R028405,0
R030704,3
R062026,0
R041726,3
R082528,0
R039968,1
R075517,3
R001409,1
R094876,2
R070621,0
R054914,1
R011335,2
R012695,0
R042271,0
R007975,2
R098963,0
R077283,1
R082772,1
R081550,3
R024397,3
R000347,1
R094705,0
R098024,1
R080153,0
R088002,1
R008761,1
R010948,0
R021067,1
R032751,2
R097422,2
R068715,1
R027233,2
R060260,0
R058823,0
R065383,0
R078705,0
R014411,2
R028884,0
R054869,0
R036915,1
R061071,3
R008947,1
R084350,0
R024131,0
R041336,0
R047625,0
R030977,3
R033824,0
R092313,1
R076226,1
R082253,0
R014871,0
R057656,0
R031454,0
R035017,0
R062297,0
R085364,2
R090924,1
R062814,3
R032766,1
R069097,3
R081984,0
R056361,2
R053687,2
R030026,3
R075490,1
R040783,3
R022960,2
R089425,1
R055512,0
R006548,0
R042589,2
R027215,3
R057926,1
R088391,3
R012837,2
R041138,0
R005435,0
R029639,0
R040187,0
R075694,2
R013826,2
R055262,0
R029043,2
R096887,0
R001303,1
R094145,0
R007691,1
R005594,2
R025847,3
R019587,0
R064719,1
R096013,1
R063353,1
R074239,1
R059824,3
R022260,1
R030788,0
R009357,0
R086650,0
R018378,1
R010212,0
R051630,0
R005719,3
R087655,3
R031594,0
R048345,1
R010743,2
R094242,1
R064984,2
R017085,1
R069301,1
R020782,1
R006637,0
R041786,0
R090420,1
R019796,0
R069065,0
R052580,0
R066714,2
R088820,1
R044200,0
R095290,2
R031498,3
R097239,0
R060340,2
R043333,0
R068552,1
R089596,0
R011978,2
R050173,0
R006170,3
R084622,1
R019861,0
R085435,0
R052414,3
R064253,1
R066091,2
R028052,2
R086368,1
R014537,2
R064209,1
R049168,2
R071008,1
R008433,2
R089595,1
R043153,2
R076537,3
R083611,2
R028645,3
R009556,2
R010423,0
R098558,0
R057968,1
R043718,0
R014137,1
R049872,3
R001942,1
R002154,1
R070833,0
R007382,3
R039373,1
R052341,2
R052837,2
R058630,3
R005058,2
R033434,0
R059962,2
R005748,0
R000678,2
R066988,0
R035338,1
R070069,1
R094416,1
R081029,1
R063473,0
R031990,0
R039944,1
R066842,3
R000637,0
R064548,0
R067945,0
R082129,1
R011678,0
R026371,3
R046378,2
R051644,1
R007991,1
R039644,1
R034081,3
R065567,1
R076691,2
R066140,2
R036484,0
R099368,0
R092834,1
R072670,1
R029299,0
R083528,3
R062184,3
R015560,3
R072204,0
R058487,3
R066062,3
R040983,1
R006042,0
R052226,0
R029696,1
R047312,2
R048265,1
R043449,2
R061185,0
R071910,2
R015508,0
R091609,1
R078567,0
R074097,0
R055476,1
R077474,0
R005743,0
R085123,0
R037212,0
R037024,1
R048360,1
R004731,0
R048636,0
R009996,2
R013874,1
R011219,0
R032034,1
R016547,2
R004312,0
R046781,1
R079601,3
R009029,1
R051051,1
R092099,1
R084748,1
R072462,2
R037204,0
R004286,0
R034080,1
R034312,0
R086452,2
R074677,1
R012099,3
R078655,3
R005424,0
R057699,3
R035632,1
R064789,1
R083632,3
R045489,2
R045228,2
R061977,0
R055016,1
R089013,3
R038307,1
R052798,2
R049501,2
R007053,2
R045516,3
R087597,1
R026520,1
R093425,0
R011533,0
R066048,2
R071183,0
R069230,0
R083585,1
R081014,0
R074048,1
R043128,0
R096276,0
R078545,1
R046100,1
R005013,0
R015461,0
R096128,1
R089008,0
R078223,0
R019469,3
R038770,0
R045099,0
R030251,2
R084110,3
R054560,1
R093797,2
R038612,1
R061414,1
R082470,0
R065097,0
R036456,0
R019908,3
R081948,1
R032151,0
R095478,0
R058242,1
R044541,1
R024093,2
R000509,1
R042214,3
R050150,2
R098833,0
R002752,3
R018518,1
R011297,2
R058253,0
R028708,0
R080444,2
R067345,3
R007187,1
R035798,2
R008805,3
R071035,3
R070676,0
R009349,0
R071244,0
R006949,3
R019684,3
R056654,2
R001995,3
R026070,2
R016919,0
R002808,3
R098661,1
R091716,2
R045296,0
R088938,0
R089507,0
R060897,0
R038671,0
R037503,0
R030673,0
R098974,1
R094927,2
R045350,3
R033405,0
R049042,3
R095087,0
R044785,0
R078911,3
R092492,0
R073712,1
R031654,1
R034948,2
R054306,0
R012730,0
R053039,1
R031186,0
R019303,0
R090504,0
R078125,0
R015420,0
R015237,0
R060715,1
R008740,3
R078919,1
R071022,1
R079868,0
R020197,0
R003013,0
R024249,0
R051740,0
R005862,2
R088779,0
R019371,1
R031522,1
R061535,1
R029927,2
R029902,1
R083108,3
R048654,1
R069681,0
R012056,3
R021749,0
R027868,0
R047768,0
R046720,0
R064435,0
R041752,0
R036215,0
R020028,0
R023955,2
R005525,1
R099687,2
R068176,0
R017786,0
R052287,1
R058018,0
R005768,1
R044033,0
R017996,3
R018199,1
R049413,3
R057326,0
R009132,1
R010601,0
R091366,0
R087788,1
R014369,1
R011566,2
R072652,0
R074167,1
R061942,0
R064735,0
R005926,0
R023807,0
R064458,1
R025757,2
R039555,1
R076650,0
R092335,3
R032033,3
R006156,0
R027406,1
R006846,1
R059450,0
R017819,0
R061617,2
R066121,1
R014532,0
R011905,0
R097220,1
R018312,0
R073300,1
R096222,1
R050925,2
R033734,1
R092485,0
R029208,3
R003863,0
R098422,3
R079519,1
R083496,2
R024603,2
R024278,0
R055106,1
R062319,1
R006081,0
R054024,0
R046525,1
R097187,3
R086430,0
R080349,2
R013910,3
R063838,2
R079833,2
R006423,3
R018936,2
R093087,0
R055657,3
R082996,0
R073245,3
R077728,0
R025288,0
R018633,0
R085580,3
R099774,1
R021153,0
R066001,0
R060980,2
R092395,0
R079359,3
R061757,2
R004650,2
R065046,1
R083324,3
R014151,2
R066929,2
R043131,0
R066860,1
R083713,2
R079200,0
R065680,1
R009177,3
R072127,1
R085417,0
R082549,2
R029673,0
R097998,0
R049408,2
R029275,0
R006915,1
R070867,3
R025820,2
R074624,1
R051218,1
R073571,0
R007509,0
R048679,1
R029130,2
R072741,2
R003143,1
R054828,2
R093798,3
R014884,0
R034785,2
R084193,0
R083105,0
R089867,0
R094047,3
R007438,0
R046874,1
R045303,0
R076834,0
R072526,0
R037523,0
R062283,1
R002348,1
R013395,1
R044717,2
R033066,0
R090578,0
R078316,3
R020746,0
R072304,0
R038182,1
R082551,1
R076539,1
R035835,2
R007405,2
R005143,3
R076027,2
R051776,2
R078373,2
R088517,0
R059662,0
R058185,1
R077178,3
R068063,0
R024108,0
R033267,2
R058364,2
R085852,3
R098019,1
R012595,2
R078718,1
R082362,0
R044701,0
R069173,1
R050674,3
R028100,0
R093752,0
R064008,0
R066470,0
R082424,0
R077431,0
R034024,0
R029161,0
R074989,3
R032676,0
R098862,3
R082855,2
R006220,0
R057097,1
R076380,1
R078994,0
R044112,3
R003862,3
R034920,0
R062350,2
R006009,3
R094976,1
R092209,2
R002250,2
R076250,1
R026428,1
R030050,2
R090340,2
R081663,2
R065651,1
R060695,0
R014799,0
R085402,2
R075430,1
R043304,2
R032294,1
R017946,0
R043009,3
R006164,3
R003690,1
R049050,3
R016425,0
R077998,0
R084090,0
R069013,0
R012068,0
R077776,1
R036437,0
R010420,0
R055408,0
R005600,0
R030132,0
R045882,0
R012221,3
R032022,0
R022329,3
R074819,3
R063113,1
R085155,2
R063460,0
R024242,3
R000854,0
R058974,0
R066713,0
R087648,0
R080410,0
R004657,3
R047791,0
R018395,0
R094448,3
R024505,0
R055745,0
R021012,3
R043641,0
R077132,3
R055468,0
R058338,2
R052193,3
R010049,1
R091410,0
R025809,2
R018889,3
R041946,1
R046278,1
R078208,3
R037047,0
R082599,0
R091306,2
R023586,2
R038495,2
R058639,1
R069785,1
R047332,1
R068720,0
R010798,1
R030475,3
R021986,0
R084172,0
R003628,0
R073857,0
R092200,2
R005243,0
R036181,3
R069881,0
R022375,3
R051349,0
R045342,1
R043904,1
R043892,0
R034473,3
R000620,0
R027263,3
R044819,2
R083008,1
R017285,1
R001387,0
R080375,1
R057609,0
R034095,2
R066935,0
R010162,1
R008091,0
R068522,2
R022579,0
R070280,1
R022596,0
R064355,0
R015362,2
R002940,2
R012701,1
R041161,3
R042334,2
R076985,0
R064325,0
R005197,1
R043303,1
R038869,0
R053228,3
R080651,0
R010744,1
R014414,0
R068668,0
R098573,1
R069136,0
R057094,0
R049096,3
R074938,0
R076675,2
R081549,2
R033088,1
R003864,1
R066233,0
R019876,3
R039091,2
R063902,3
R015298,0
R019545,2
R058191,1
R077543,3
R082572,1
R013415,2
R006599,0
R031374,2
R083090,0
R057758,0
R036374,0
R094378,0
R052261,1
R031908,0
R019650,0
R047190,0
R019589,0
R005085,0
R013786,1
R006845,3
R076180,1
R034641,1
R028777,0
R092886,0
R090946,0
R055040,2
R014831,0
R017204,0
R091865,2
R057831,0
R084540,1
R050827,1
R036161,3
R071225,2
R001589,2
R036984,2
R099225,1
R021627,1
R076874,0
R017019,1
R023032,3
R039057,0
R082847,0
R016007,2
R039567,1
R010774,1
R079096,1
R048238,0
R098827,0
R077062,1
R020353,0
R095558,1
R014291,0
R006611,0
R023307,0
R057706,0
R047289,2
R069037,0
R066453,1
R017539,0
R073099,1
R066283,0
R045257,0
R062884,1
R074884,0
R010914,0
R009526,1
R070185,3
R096649,2
R066009,1
R064716,0
R059370,0
R094232,0
R012082,0
R063368,2
R026927,1
R036180,3
R012577,2
R041457,0
R089866,3
R035324,3
R077089,2
R030594,0
R098741,3
R076462,2
R009977,2
R078869,2
R088793,1
R031319,0
R020784,0
R056718,3
R005747,0
R045153,0
R050143,2
R029107,3
R050771,1
R097030,2
R035884,3
R010560,1
R038807,1
R029434,0
R013779,3
R081952,3
R006734,0
R079649,0
R014811,3
R004671,1
R008866,0
R029529,1
R056780,0
R055936,3
R062579,2
R075183,0
R025627,1
R039673,1
R076818,0
R005518,0
R018594,0
R060591,0
R063617,3
R075371,0
R012782,0
R003324,2
R063984,2
R051967,2
R067179,3
R076025,1
R017388,0
R071077,3
R027658,0
R040141,1
R096864,0
R065924,0
R088666,3
R066720,3
R062152,0
R038528,0
R069370,1
R012982,0
R051057,0
R036313,0
R000844,0
R046499,2
R007311,0
R051493,1
R094172,0
R085172,0
R029772,0
R063994,2
R007964,0
R095529,0
R070641,1
R093221,2
R019654,2
R087112,3
R019299,1
R034098,1
R020408,3
R040653,3
R001332,1
R047796,0
R080551,0
R052652,2
R053827,2
R000788,1
R062209,2
R024591,1
R091356,0
R097391,0
R001304,1
R028845,2
R035367,2
R032631,0
R082987,3
R038930,0
R058608,1
R054607,1
R038684,2
R053559,0
R024331,3
R055442,0
R026312,0
R049917,2
R099388,1
R088732,0
R053122,3
R002006,0
R044155,1
R012908,0
R088823,2
R006370,0
R021283,0
R059289,2
R023483,1
R032918,3
R020904,3
R019745,0
R020833,3
R064371,1
R062163,1
R090328,3
R007719,1
R077791,3
R092065,0
R068430,0
R069577,0
R015050,1
R067177,1
R048767,3
R078950,1
R010659,0
R042790,0
R002018,0
R041131,1
R072352,0
R026496,0
R041334,0
R038057,0
R090312,0
R054968,2
R058219,3
R036330,3
R018712,1
R027570,2
R054590,0
R096972,3
R087446,0
R034395,3
R039693,0
R073664,0
R080487,0
R046839,0
R097183,2
R030394,0
R003031,0
R014741,1
R076227,2
R087988,1
R097792,0
R094909,2
R091339,0
R044216,1
R030069,1
R045793,0
R037827,1
R067996,0
R014425,0
R008323,0
R028518,1
R090302,3
R041626,1
R096489,0
R013718,0
R045265,1
R091979,3
R013623,3
R037207,1
R016165,0
R078559,0
R047446,3
R009020,0
R086624,0
R029861,0
R035947,1
R031182,1
R003074,1
R092413,0
R095352,3
R071945,0
R064416,0
R040086,2
R025930,0
R004665,0
R065035,0
R065538,0
R064997,2
R099204,0
R026887,3
R091512,0
R086412,1
R097674,2
R027821,0
R035832,3
R046917,1
R056357,0
R075712,1
R013860,1
R094363,0
R063840,0
R012424,3
R033318,2
R046285,2
R019318,3
R066288,3
R091739,3
R027033,3
R092764,0
R007312,0
R000624,2
R056734,0
R094332,0
R002900,0
R065947,1
R014830,0
R034169,0
R054150,0
R091428,1
R022937,0
R084139,0
R081985,0
R066673,1
R097248,0
R084312,1
R054271,0
R069020,2
R038467,0
R056837,3
R018385,0
R047515,0
R028390,1
R030707,1
R031488,0
R094641,3
R040744,1
R047331,1
R073034,0
R029217,2
R066757,0
R052899,1
R096733,0
R076707,2
R066441,0
R084433,0
R089191,0
R099918,0
R056240,0
R079345,0
R030911,0
R004902,1
R070668,0
R018528,2
R095283,0
R085890,1
R053065,0
R058657,1
R099190,3
R085016,0
R096132,0
R087079,3
R058709,1
R090772,0
R071609,1
R064791,0
R023385,1
R029442,3
R008241,1
R040728,3
R095016,3
R064439,1
R006837,0
R045520,3
R048399,0
R065415,1
R091663,0
R036972,3
R009074,1
R005502,0
R001344,1
R096860,0
R094640,2
R040921,0
R047914,3
R018751,2
R031029,1
R052238,0
R063587,2
R050725,3
R063083,0
R094456,1
R056836,1
R080877,1
R059908,0
R017241,2
R001539,1
R008934,1
R098203,0
R033286,3
R076190,0
R013397,1
R095685,0
R044521,0
R073011,0
R053654,3
R097254,2
R084653,1
R097121,2
R078556,2
R064776,0
R053528,0
R096214,0
R024434,0
R085220,0
R088119,0
R024721,0
R056448,1
R059218,1
R088561,2
R022376,3
R016184,2
R062374,0
R014269,3
R031401,1
R097806,1
R031943,0
R044467,0
R065918,1
R017360,0
R036979,0
R060621,1
R036830,2
R031354,3
R097299,1
R088209,1
R027817,0
R081988,1
R084832,0
R048262,0
R057491,2
R040464,0
R009807,0
R024802,0
R055541,0
R076146,3
R014337,1
R065836,0
R065496,2
R088406,3
R006247,0
R081404,2
R081572,3
R005046,3
R083422,1
R002265,0
R092240,3
R093884,3
R092429,2
R090778,2
R009001,0
R024696,0
R080738,0
R097886,0
R091043,0
R094370,0
R068069,2
R028910,2
R081371,0
R049749,3
R006491,0
R050437,0
R011442,0
R074091,3
R059071,0
R050978,3
R087250,1
R042087,2
R089205,1
R092293,2
R067610,2
R019950,0
R017364,2
R006457,0
R083361,1
R066398,3
R065029,3
R027157,3
R047137,0
R049676,1
R080224,1
R060508,1
R081202,0
R061838,0
R004967,0
R053601,2
R080797,0
R008940,0
R001385,0
R029245,0
R013494,0
R033917,0
R005993,0
R039325,1
R007215,0
R070348,0
R009350,0
R005659,1
R098460,0
R032940,0
R093103,2
R079141,0
R005919,2
R052211,3
R028527,3
R043175,0
R055838,1
R026025,0
R065825,2
R059685,1
R001211,1
R049151,1
R042826,0
R001118,0
R094654,1
R092966,0
R017506,0
R091087,0
R076540,0
R092226,0
R067720,1
R043213,1
R003248,1
R097812,0
R086703,2
R075688,0
R008012,0
R088356,3
R027486,3
R081779,0
R028349,3
R087957,0
R062758,2
R047247,0
R037824,0
R096051,0
R090414,1
R053983,0
R053186,0
R083004,0
R022908,0
R061085,0
R040998,0
R032012,3
R001987,1
R046271,0
R009613,2
R036901,0
R078510,0
R056091,0
R061200,2
R060519,0
R087718,1
R042920,0
R048322,0
R050231,3
R070489,0
R033648,1
R040507,2
R038103,0
R069601,1
R049668,2
R023376,3
R097626,2
R033124,2
R049269,0
R086313,3
R057807,1
R063166,0
R036166,0
R045131,0
R092219,0
R063961,2
R093374,0
R011512,0
R041346,3
R037790,2
R012990,0
R095171,0
R088273,1
R052975,1
R081867,0
R038027,0
R086136,1
R018422,0
R098061,1
R060690,0
R037857,0
R054168,3
R019096,1
R086719,2
R023731,1
R024887,1
R039357,0
R085941,0
R043874,1
R026639,2
R022488,0
R034215,0
R081054,1
R058799,1
R034853,0
R003424,3
R087833,1
R090066,0
R022263,0
R063706,0
R027240,0
R093085,0
R077552,0
R099418,2
R006249,0
R025993,2
R023743,3
R033037,2
R014988,1
R022416,0
R081678,1
R011207,0
R051482,3
R008445,3
R075112,1
R022554,1
R062467,1
R017730,1
R038425,1
R060747,2
R023208,1
R008330,1
R048563,0
R005898,0
R003755,0
R024488,0
R028427,0
R017829,0
R093276,1
R002509,3
R042253,1
R048003,0
R031590,0
R089767,1
R065907,1
R059664,0
R021598,0
R013444,2
R023685,0
R057023,0
R074026,1
R042975,0
R036003,0
R080194,1
R073256,0
R034525,2
R091556,0
R033891,2
R096374,0
R012547,1
R019979,1
R026222,3
R088167,0
R076059,1
R073610,2
R023063,0
R056042,0
R086107,1
R067837,0
R081055,0
R075434,3
R076108,0
R063425,0
R062994,2
R082721,1
R002565,2
R052864,0
R069112,2
R035689,0
R066276,3
R000071,0
R083473,0
R090426,0
R023621,3
R068175,0
R025549,2
R003340,1
R002711,0
R002698,0
R014529,0
R051023,0
R033393,0
R080198,0
R065077,0
R062271,0
R058864,2
R055585,0
R025044,0
R077458,3
R003881,1
R061021,1
R046056,1
R008665,3
R098894,1
R080823,0
R061350,1
R096633,2
R047068,0
R036466,3
R070141,1
R040387,1
R027289,0
R027457,1
R028257,1
R014564,3
R064701,1
R036294,3
R020854,3
R041001,1
R063986,0
R000128,3
R061076,2
R056093,0
R020729,3
R000556,3
R087695,1
R019603,3
R003853,0
R051155,0
R022778,0
R099261,2
R091278,3
R054127,0
R072460,1
R016698,0
R057602,3
R034932,1
R057698,1
R000038,1
R004362,1
R078754,0
R000644,0
R051240,0
R086878,0
R052974,1
R047502,0
R031464,1
R038219,0
R048861,0
R022559,0
R001690,0
R043436,2
R079607,1
R035206,3
R057478,0
R070524,2
R012176,3
R039921,0
R022667,0
R041921,0
R092570,0
R000061,0
R078351,2
R066717,0
R094118,1
R083995,0
R081691,3
R069868,3
R009780,0
R079729,0
R056069,1
R057146,3
R048388,1
R048064,3
R085767,0
R059729,3
R009554,2
R061756,1
R001703,0
R003373,0
R018901,0
R080049,3
R095429,0
R006738,0
R017228,3
R052300,3
R081262,1
R011647,0
R067560,0
R031875,0
R088230,1
R012156,1
R090210,0
R034117,0
R086748,0
R084117,0
R088097,0
R037671,0
R031151,0
R098909,0
R057519,0
R030983,0
R005171,1
R074360,2
R046919,3
R035046,1
R034744,0
R037383,0
R043048,2
R038355,3
R074425,0
R042835,2
R054310,0
R028331,0
R022523,2
R068679,1
R035038,0
R035782,0
R055692,3
R012661,0
R061558,3
R048700,0
R015392,0
R007993,3
R049761,0
R046666,1
R057775,0
R045027,0
R093380,2
R090709,0
R084259,3
R015485,0
R015108,0
R078491,0
R002873,0
R018444,0
R078425,3
R055365,0
R015465,3
R028462,1
R032717,0
R046153,0
R042722,2
R029106,0
R028127,0
R031977,2
R007592,0
R038332,1
R061276,2
R039189,3
R039519,2
R016487,0
R069805,0
R029467,0
R059016,3
R083023,1
R037637,1
R054117,3
R010696,3
R033880,1
R019368,1
R063550,0
R050477,1
R048543,0
R029288,2
R052633,0
R018252,3
R088787,0
R029643,1
R002332,0
R011065,2
R098008,0
R008827,1
R040002,0
R039502,0
R091801,1
R032155,0
R018591,0
R064117,0
R081830,1
R009036,2
R062999,0
R081383,2
R069826,0
R044139,3
R065650,1
R084120,0
R025744,2
R069321,1
R009738,0
R053961,0
R012679,3
R014557,0
R099081,0
R005933,3
R009301,0
R093316,0
R045134,2
R052240,0
R050142,0
R053072,0
R055294,1
R059384,1
R045743,1
R004260,3
R011634,0
R084020,2
R047510,0
R070216,1
R050428,0
R015784,0
R060088,3
R001184,1
R058853,0
R009905,2
R066474,2
R024445,2
R027615,1
R015781,0
R043522,2
R032114,1
R074907,0
R024058,3
R010178,3
R084846,0
R032424,2
R033389,0
R054791,0
R058154,1
R043947,0
R026386,1
R014723,0
R097092,1
R050175,0
R079107,2
R047481,2
R043710,0
R086685,3
R043934,0
R057095,0
R009764,0
R073112,3
R090988,1
R083983,1
R045990,0
R050997,3
R022819,0
R068017,0
R006732,0
R063521,1
R021485,0
R083325,2
R038866,0
R061373,2
R090084,1
R073148,3
R002311,0
R030665,1
R049147,1
R042366,0
R026289,0
R048362,1
R060671,0
R074109,1
R013955,1
R090707,2
R091787,2
R064822,0
R023587,1
R009111,3
R051440,0
R090090,0
R034923,0
R004933,0
R034518,1
R062022,0
R023129,0
R042452,2
R073889,1
R038331,3
R056976,3
R039913,0
R076709,3
R054359,2
R057507,0
R042066,0
R057841,0
R039300,1
R062380,1
R019737,3
R005800,1
R081912,0
R038957,0
R025197,2
R002441,2
R021871,3
R091932,1
R068194,1
R074758,1
R023869,1
R039462,0
R003147,0
R010552,1
R060375,2
R086591,3
R069442,0
R003246,2
R033449,3
R092905,2
R079363,3
R047838,2
R001428,0
R068958,0
R025585,0
R063776,1
R050137,0
R076526,1
R030169,1
R046488,0
R012228,0
R092041,1
R071155,0
R089295,3
R096947,1
R058650,0
R081648,1
R084249,2
R097355,0
R040988,0
R000313,0
R062232,1
R087270,0
R031503,1
R074731,1
R070695,0
R078472,1
R028259,1
R033001,0
R041569,0
R001990,1
R050575,1
R012544,3
R085242,0
R006982,0
R009436,3
R085284,0
R073466,2
R002146,2
R024767,0
R032242,1
R086011,3
R059823,0
R085657,0
R017206,3
R098933,2
R089412,0
R086739,3
R040372,3
R030138,1
R085183,3
R041276,1
R042772,0
R015058,2
R095943,3
R052271,1
R056192,0
R064207,2
R036965,3
R021235,1
R015717,1
R042637,0
R027009,3
R007953,1
R035193,0
R033412,1
R008687,2
R090283,1
R086266,2
R034170,2
R020606,2
R095836,0
R076841,0
R077730,1
R057073,0
R051201,1
R011187,0
R034110,2
R089064,0
R096541,3
R036129,2
R049143,0
R047901,0
R057568,3
R063233,2
R037785,3
R037096,1
R071605,1
R016741,1
R058944,1
R092262,0
R033262,2
R028088,1
R058759,1
R016324,0
R089417,3
R023953,1
R059294,3
R001044,3
R084767,2
R069171,0
R064541,1
R091895,2
R034950,0
R068583,0
R099250,1
R043765,1
R062965,0
R071652,1
R065282,0
R012371,0
R027640,0
R097555,1
R076481,0
R052664,0
R087509,3
R026252,1
R043086,0
R093715,1
R094452,1
R026101,0
R045733,1
R032844,3
R071532,0
R046261,0
R026911,1
R071588,0
R074994,1
R099493,0
R052562,0
R088150,0
R072665,0
R003948,0
R027608,0
R033921,1
R083387,0
R000412,1
R086810,0
R034687,2
R064028,2
R019756,2
R051735,0
R082113,1
R043049,0
R046440,0
R026416,0
R017628,0
R085661,1
R030139,3
R003934,2
R075322,1
R094795,1
R067167,0
R058817,0
R076096,3
R021933,3
R028895,0
R061678,2
R073795,0
R027880,0
R073858,0
R085458,0
R082811,0
R022578,1
R091322,2
R074037,0
R082175,0
R057098,0
R031923,0
R077667,1
R055569,0
R027122,2
R083051,0
R084058,0
R078780,3
R053363,0
R004872,3
R003116,2
R013460,2
R078319,3
R058224,0
R004333,2
R056063,0
R098083,1
R068584,0
R061062,0
R012013,0
R084895,1
R055682,2
R062567,3
R065646,0
R056492,1
R063957,0
R050720,1
R003667,3
R096004,1
R035392,2
R082223,0
R004475,2
R097704,0
R039087,3
R055454,0
R071028,0
R017186,0
R024666,0
R099829,0
R047990,0
R096856,1
R000207,2
R026712,2
R050274,1
R023453,1
R063635,2
R057341,0
R028665,3
R073160,1
R043215,3
R019978,3
R044951,2
R050421,0
R058933,1
R085615,1
R035755,1
R000708,0
R049156,2
R012761,1
R005825,0
R047630,1
R026993,3
R063360,2
R068239,2
R021383,0
R016812,0
R005342,0
R092302,3
R068974,2
R032107,0
R029089,0
R043694,2
R039914,0
R015631,2
R004042,2
R070910,2
R094908,3
R041979,0
R060847,1
R090850,1
R092400,0
R016792,0
R046328,0
R076039,0
R079485,3
R043442,1
R086951,0
R099395,0
R069183,0
R045794,0
R058026,1
R008833,1
R017021,1
R049719,0
R001175,2
R053909,0
R006258,1
R050016,1
R024274,0
R074080,0
R067797,0
R094973,0
R046570,0
R041313,0
R088743,1
R045818,0
R021118,0
R072179,2
R069634,0
R039327,0
R002534,3
R017263,1
R083582,3
R061542,1
R068385,0
R028255,0
R082225,0
R029779,2
R043281,0
R000112,2
R095910,0
R043332,0
R017647,2
R092727,3
R064295,1
R049756,2
R010604,1
R017296,1
R022954,2
R092815,1
R001890,1
R056389,1
R079470,1
R011032,2
R060249,0
R011489,0
R049704,2
R075899,0
R058600,2
R099134,3
R051896,0
R077155,1
R094257,2
R029954,3
R030124,0
R001842,0
R098317,1
R040225,0
R073932,1
R008919,2
R080370,0
R049961,0
R099260,2
R082979,0
R084215,0
R099186,3
R084648,1
R090884,1
R030715,0
R023984,2
R085802,2
R095602,3
R082971,0
R029871,3
R047098,0
R075495,1
R015092,3
R072551,2
R007245,1
R090870,1
R030951,2
R083121,1
R090288,2
R016768,3
R000939,0
R020252,1
R098177,2
R024283,0
R059401,0
R092103,3
R083978,2
R018339,2
R050154,0
R088193,3
R005815,1
R098459,1
R075705,1
R096484,0
R098442,0
R003849,2
R008291,0
R028924,0
R070642,3
R087205,1
R040961,2
R072620,0
R042039,1
R026958,0
R068876,0
R089403,0
R046141,0
R093593,1
R034690,1
R068267,1
R047544,0
R009536,0
R063832,3
R069630,1
R088349,1
R026186,0
R010096,2
R047956,1
R053111,1
R060658,0
R019834,1
R096486,0
R099751,2
R066116,0
R068157,0
R079642,1
R022446,0
R014687,3
R067973,1
R099466,0
R070954,1
R085864,0
R098502,1
R081045,0
R050178,0
R050793,2
R057116,1
R090387,0
R013143,1
R025012,0
R046308,3
R001367,2
R047371,0
R021540,2
R097578,1
R020581,3
R072577,0
R067691,1
R093931,3
R025507,0
R031626,0
R062779,0
R055728,3
R048274,2
R052155,0
R038540,0
R009932,0
R034505,0
R029497,0
R054758,0
R095579,0
R055766,0
R050276,0
R038854,1
R034154,0
R002150,0
R038489,3
R056693,0
R081685,0
R056561,2
R041307,2
R016071,0
R096238,0
R007223,3
R053703,0
R023863,3
R087716,2
R088295,3
R094752,0
R020240,2
R071810,2
R074913,0
R087907,3
R019566,2
R014013,0
R048859,0
R000253,1
R008437,0
R034965,1
R093954,1
R003180,0
R006825,3
R056965,0
R043055,0
R011971,0
R025186,1
R044589,0
R083988,1
R048106,0
R036280,2
R035846,0
R060963,1
R027420,3
R077080,3
R099328,1
R030924,1
R056423,2
R002021,0
R087950,0
R001321,0
R095099,1
R070351,2
R060713,0
R071145,2
R012261,2
R053195,3
R067482,2
R040164,3
R067589,0
R072141,1
R086619,0
R074845,3
R077969,0
R081815,0
R020994,3
R010172,0
R086953,2
R011845,1
R016249,3
R086549,2
R042661,1
R085454,3
R039034,2
R089368,0
R097194,3
R063644,3
R049227,2
R000760,0
R030999,2
R045765,3
R013146,0
R003484,0
R075491,1
R049459,1
R062572,3
R041532,0
R056027,1
R067871,3
R018868,1
R039358,1
R029199,3
R019680,0
R030060,1
R014347,2
R009288,2
R022132,0
R001462,2
R079394,0
R086369,2
R060429,3
R076638,0
R085843,2
R073741,0
R015579,0
R048346,3
R054471,0
R087232,0
R015618,0
R077032,3
R013498,2
R068126,2
R008077,0
R030454,3
R029956,1
R084711,3
R029100,0
R075186,0
R020460,2
R077721,3
R094401,1
R079294,0
R098652,1
R034013,3
R055700,0
R026429,1
R074437,0
R012211,0
R013743,0
R075381,0
R092967,3
R022184,1
R078259,0
R089641,1
R056096,0
R035203,1
R019046,1
R013321,0
R081293,3
R038661,1
R054787,2
R082471,1
R056527,1
R060499,2
R025872,1
R041645,3
R052353,3
R014473,0
R076792,0
R037784,0
R026038,0
R000608,2
R030231,2
R072044,0
R070279,3
R002351,3
R089750,0
R056434,0
R049054,1
R029481,0
R046108,0
R095457,0
R055354,0
R033242,1
R027184,0
R023065,2
R019283,2
R093060,1
R085100,1
R079115,2
R055523,2
R025285,0
R099625,3
R078611,1
R086612,2
R022504,0
R077407,1
R059301,3
R035555,3
R090195,2
R038405,3
R036369,2
R060625,3
R071401,1
R012022,2
R049503,0
R099183,0
R022536,2
R014671,0
R052593,0
R001669,2
R016815,0
R034556,1
R051808,0
R082369,3
R025290,0
R001139,2
R017427,2
R091148,2
R037371,1
R028247,1
R031161,3
R041274,0
R011559,0
R033643,0
R047153,0
R086308,0
R049198,1
R059864,0
R036555,0
R065329,0
R044961,0
R031876,3
R048712,2
R025693,1
R026498,1
R037660,0
R042708,2
R090127,3
R032594,3
R005683,2
R038910,2
R072228,0
R008008,0
R016140,3
R009970,0
R018470,0
R071398,0
R010762,1
R032759,0
R088705,0
R049354,1
R043932,0
R028632,1
R023871,1
R046656,2
R046316,1
R057767,2
R025769,0
R029140,3
R096157,0
R054579,1
R018646,2
R099684,0
R054190,0
R015706,3
R077610,1
R013694,0
R027250,3
R043025,0
R078233,3
R065817,1
R023200,3
R008256,0
R042521,0
R056250,0
R078506,2
R072498,0
R087622,3
R092493,1
R047255,1
R032095,2
R087040,3
R000610,3
R052475,0
R042022,0
R051799,1
R001380,1
R044411,1
R021771,0
R059573,0
R013770,0
R061428,3
R044805,0
R086380,2
R039406,1
R098780,0
R057337,0
R028222,1
R099779,1
R039560,0
R009558,1
R081989,2
R043355,0
R093719,1
R036754,0
R044861,0
R006124,0
R005010,1
R055522,3
R014738,0
R086625,3
R070295,3
R077054,1
R051372,3
R065281,0
R068360,1
R054411,3
R062927,0
R075575,2
R016490,0
R096465,2
R014360,0
R082748,0
R061263,0
R001800,0
R080067,1
R093738,3
R051795,0
R068251,3
R089182,0
R073990,1
R087268,0
R068374,3
R048256,1
R044368,2
R071534,2
R082477,0
R081422,0
R060159,1
R083236,3
R020057,1
R063116,0
R075211,0
R057650,0
R053933,1
R013589,0
R010645,0
R082139,0
R045718,1
R097851,3
R043624,0
R084052,0
R073434,1
R041890,0
R069310,1
R000924,1
R044557,0
R062955,0
R085653,3
R079225,0
R011981,0
R062769,1
R036220,3
R005483,3
R041647,0
R059855,3
R060413,3
R011321,0
R011582,0
R097945,1
R064113,0
R015977,1
R056270,2
R045604,3
R024655,1
R081452,2
R036234,0
R047546,0
R014769,1
R093164,0
R053439,0
R013332,0
R005204,1
R005417,2
R011957,0
R049894,0
R032614,2
R053832,3
R010559,0
R027102,3
R027330,0
R016900,0
R012014,1
R034754,1
R081900,0
R065541,2
R003885,2
R099199,0
R096854,1
R083826,2
R034798,0
R058485,0
R068131,2
R062748,1
R009264,1
R097288,0
R035578,0
R040816,0
R004049,3
R015858,3
R092574,3
R079984,3
R064342,0
R002240,3
R037510,2
R027576,2
R072796,0
R041029,0
R038235,0
R039003,2
R069804,0
R028644,1
R088238,3
R073690,0
R071091,0
R088608,3
R072783,1
R073337,1
R061106,1
R096103,2
R066593,0
R061209,0
R071917,1
R030563,3
R013895,1
R071296,1
R073000,0
R073494,3
R075541,0
R003913,2
R008933,0
R007980,1
R004913,0
R089357,1
R031919,0
R014189,2
R035022,1
R022726,1
R085146,0
R041030,0
R007399,3
R036916,3
R088660,0
R072235,1
R054211,3
R076864,1
R045504,0
R080913,0
R073130,1
R045209,1
R096326,0
R039495,2
R030950,0
R071848,0
R083537,1
R044431,0
R058024,1
R045035,0
R032972,0
R040857,0
R031035,0
R076054,3
R013364,1
R069082,2
R033672,0
R048272,3
R078926,2
R001789,3
R030392,3
R056309,0
R073233,2
R072089,2
R055307,2
R079822,0
R068188,1
R074849,0
R097565,2
R033051,2
R069948,1
R024025,3
R024526,0
R041293,1
R049250,3
R063081,0
R091141,0
R064646,3
R077953,0
R005720,3
R024703,1
R029894,0
R018866,2
R013458,3
R031383,0
R009843,0
R066235,0
R032097,2
R079085,0
R084663,0
R030821,0
R078471,0
R091940,0
R030552,3
R079673,0
R088714,0
R036359,2
R097275,3
R000026,0
R044376,0
R011179,3
R014302,3
R051159,0
R067566,2
R035533,1
R097814,2
R041306,1
R042986,1
R008078,0
R087592,3
R018662,0
R056126,0
R019619,1
R072420,2
R023980,3
R085418,1
R089199,0
R086932,1
R000401,0
R099329,0
R012491,1
R001828,0
R004176,2
R052020,0
R016590,2
R041005,0
R061941,1
R016318,3
R089173,3
R059603,2
R057739,0
R060781,2
R002969,0
R056889,2
R095726,3
R015956,2
R063558,2
R025299,0
R071111,1
R024516,0
R039112,0
R075063,1
R002726,3
R044546,2
R057016,1
R047503,1
R070724,1
R063727,3
R052344,1
R091839,3
R097028,2
R090507,2
R016598,0
R009651,1
R001522,1
R056873,1
R031367,1
R084425,3
R054735,2
R045019,3
R098916,3
R078292,0
R048443,0
R014259,0
R007145,3
R091784,0
R041073,1
R091853,3
R063292,2
R055017,1
R095776,1
R099273,1
R049445,0
R090213,3
R033246,0
R099313,0
R034237,1
R054999,1
R005421,3
R069418,0
R005817,1
R028838,1
R067639,0
R072743,0
R052889,3
R048830,0
R082082,3
R051007,1
R071570,0
R006072,1
R055881,0
R023998,1
R035821,0
R030640,0
R025991,1
R096155,0
R083541,0
R016201,1
R048316,2
R036734,1
R039037,0
R054001,3
R019190,0
R011892,0
R024252,0
R021831,2
R015495,0
R006505,2
R061737,0
R068014,3
R072910,1
R040324,0
R017464,1
R095824,1
R002981,2
R053640,1
R013160,0
R064889,1
R012167,0
R015761,1
R070564,2
R092238,2
R020093,1
R058349,1
R007449,1
R089684,0
R065863,0
R021013,1
R016063,1
R050319,1
R091225,0
R000390,1
R005983,0
R064711,1
R048634,0
R096658,2
R091359,0
R029522,3
R087246,2
R049149,0
R019148,2
R096492,1
R003499,2
R017015,1
R030952,2
R091481,1
R036588,0
R055328,0
R093212,1
R029054,0
R070325,0
R026544,0
R099178,0
R030509,0
R038872,0
R072336,2
R054775,0
R071216,0
R003092,2
R083229,1
R021571,0
R074867,3
R000311,2
R010969,2
R004747,1
R022708,0
R034275,0
R005945,2
R000380,3
R061540,2
R074085,0
R014041,1
R091652,3
R011131,0
R018813,0
R051498,0
R031199,0
R055124,0
R090342,1
R055777,0
R099914,1
R068193,0
R071515,1
R066845,1
R031844,1
R024076,2
R057555,2
R059468,1
R074822,0
R010958,0
R099422,2
R082617,0
R039323,0
R059712,2
R034480,0
R054992,0
R097647,3
R055236,2
R074922,3
R096421,3
R090250,3
R066141,1
R051038,0
R022973,1
R093642,0
R015294,3
R015476,0
R088518,1
R010635,2
R016833,1
R059214,0
R066380,1
R072809,2
R079509,2
R028591,3
R038701,0
R065305,3
R000317,2
R003513,2
R009766,0
R027781,1
R088422,0
R085656,0
R087780,0
R061027,3
R089958,3
R087986,0
R097356,1
R098886,0
R041836,1
R097158,1
R007439,0
R004046,1
R065670,1
R019719,1
R097710,0
R066683,1
R057001,1
R089120,1
R084311,0
R055080,1
R042320,2
R092545,1
R081333,3
R013375,2
R027776,0
R094772,1
R077838,3
R008778,0
R026880,1
R034778,2
R076159,0
R096948,0
R070385,3
R049174,0
R077997,0
R045370,0
R040870,3
R012000,0
R036557,0
R008656,0
R000479,0
R041296,1
R067576,0
R091398,1
R003260,0
R030823,2
R057540,1
R019527,2
R048413,1
R084222,3
R068951,1
R096233,0
R090640,1
R042799,1
R072503,2
R092368,0
R081495,0
R061482,3
R089617,1
R031366,3
R052900,0
R077073,0
R087203,2
R040587,0
R006656,3
R069187,1
R025143,0
R039767,3
R047977,2
R060977,2
R060530,0
R004429,1
R000600,0
R077724,1
R032086,1
R034232,0
R075249,2
R018720,1
R086575,1
R016279,1
R053712,0
R072168,0
R009053,1
R007191,0
R073912,1
R070060,0
R025037,3
R075663,0
R093252,1
R091057,0
R076449,2
R029746,2
R037211,1
R082800,3
R009660,0
R040501,1
R020143,0
R024036,1
R001940,2
R085167,2
R064905,1
R025545,0
R090801,0
R010496,0
R083058,0
R077903,0
R098189,0
R012233,0
R001172,1
R023260,2
R028074,0
R047005,1
R025115,1
R024143,3
R056785,1
R041954,1
R044316,1
R043660,0
R090789,0
R025966,0
R063512,1
R002314,0
R081134,2
R015466,1
R040886,0
R011139,2
R089543,1
R097658,1
R089858,0
R069190,3
R011295,0
R033591,3
R003056,0
R076315,2
R028280,2
R066882,0
R099666,3
R054262,1
R019866,3
R074059,2
R044009,3
R009618,0
R025282,1
R089396,1
R077019,0
R002734,3
R025540,2
R022155,1
R076598,1
R063780,0
R098825,3
R062957,3
R033539,1
R027123,0
R022288,3
R010864,3
R027049,3
R047300,0
R011285,1
R044463,0
R007491,2
R010302,0
R084308,1
R037547,0
R075810,0
R039499,0
R065310,1
R051035,1
R008965,3
R044998,1
R033482,1
R022815,2
R086920,2
R034106,0
R002796,3
R043591,1
R041021,1
R042592,3
R049649,1
R016121,1
R011393,0
R034988,3
R001536,0
R066249,3
R034781,0
R095444,1
R055007,1
R050456,3
R004161,2
R031837,0
R070345,0
R060948,0
R055161,3
R016693,0
R019983,0
R027947,3
R011940,2
R066376,0
R059000,0
R094302,0
R056265,0
R005249,0
R098582,2
R080350,3
R038186,1
R062570,1
R073304,0
R087085,0
R024017,0
R054226,0
R010562,2
R084547,0
R013759,0
R042024,0
R084372,2
R010203,1
R000759,3
R036136,0
R041393,3
R081740,0
R074930,0
R075237,2
R014786,0
R046393,0
R056955,2
R047821,0
R064401,0
R094034,0
R020440,0
R034092,0
R051656,2
R077454,0
R066665,0
R070995,3
R077713,0
R095831,1
R060965,1
R052003,1
R012256,3
R037234,1
R051342,0
R098030,0
R088500,2
R003708,2
R033884,0
R018325,0
R015795,2
R032093,2
R084336,0
R066327,3
R001627,3
R012418,0
R093764,1
R097683,1
R043166,1
R034722,3
R077760,2
R071266,0
R054220,0
R026352,2
R011087,0
R073128,0
R002024,0
R046767,0
R075142,0
R020750,1
R017451,0
R078860,0
R074255,0
R081911,2
R085995,1
R007836,1
R029919,3
R089299,2
R052342,0
R022397,3
R028951,0
R010727,3
R001447,0
R067399,1
R088998,1
R080837,1
R095979,1
R084457,2
R093861,1
R063101,0
R084500,0
R013389,0
R009715,1
R092033,3
R001655,3
R053136,1
R083312,0
R052172,1
R043848,1
R059269,0
R052511,1
R087042,0
R085098,3
R009348,3
R062144,1
R071464,0
R069996,3
R037694,2
R000722,0
R008831,0
R099197,2
R071788,2
R088807,1
R032810,2
R055382,3
R044441,0
R055800,0
R041811,1
R041105,1
R038132,1
R037726,0
R089485,2
R033309,0
R025350,3
R073201,0
R072963,0
R031793,3
R013624,3
R063801,1
R048808,1
R028200,0
R000137,2
R084031,1
R047822,3
R054664,0
R057963,2
R010520,3
R010329,1
R033010,0
R088032,3
R001897,1
R081152,1
R025855,1
R020781,0
R008609,0
R036260,1
R010642,3
R066053,1
R063299,1
R082138,0
R074199,1
R022449,0
R095572,0
R061496,0
R042036,2
R090221,1
R083918,1
R070806,0
R018932,0
R059482,0
R020635,0
R052030,1
R022510,2
R095865,0
R001478,1
R042933,0
R011324,1
R061304,0
R053301,0
R082235,2
R088678,1
R010616,3
R067371,0
R024139,2
R029960,1
R009107,3
R032206,0
R044217,0
R096403,1
R080391,2
R017269,1
R050920,0
R033485,1
R043205,0
R084840,2
R034929,2
R039820,0
R069514,3
R055357,0
R058841,3
R070671,0
R014669,1
R044214,2
R089653,3
R048974,3
R002992,1
R072912,0
R095227,1
R004614,0
R011874,1
R001426,2
R013238,0
R088048,2
R012464,0
R060852,0
R082997,0
R026556,2
R071677,1
R037225,0
R073797,2
R041822,1
R087681,2
R012016,3
R098906,0
R067006,3
R093502,1
R038087,1
R077748,0
R041571,2
R001220,0
R046906,0
R011057,0
R003642,2
R028364,0
R050934,1
R022565,0
R074448,0
R064907,0
R061587,1
R001957,0
R040841,2
R007534,3
R026939,2
R073588,3
R041359,3
R097878,1
R098642,0
R044190,2
R029947,0
R010594,0
R063396,0
R017200,0
R003496,0
R017667,0
R034399,0
R063574,0
R069295,2
R077064,3
R096134,0
R097821,2
R052395,3
R005370,0
R087905,0
R012911,2
R004486,1
R049615,0
R004116,3
R017006,0
R005709,0
R019550,0
R012036,0
R090164,1
R003809,1
R020241,1
R054460,0
R059024,1
R000581,2
R081220,0
R091042,0
R050746,1
R007668,3
R028810,0
R011932,1
R057503,1
R084180,1
R064775,0
R048423,2
R087564,0
R088044,0
R030600,0
R079549,3
R036625,0
R032317,0
R091497,2
R083643,0
R029115,1
R089235,3
R036142,1
R046953,1
R088590,0
R002862,0
R008863,2
R008825,1
R062357,1
R082829,0
R094424,3
R064476,1
R096540,3
R067803,1
R026173,2
R071736,0
R035877,0
R043753,0
R050663,0
R052361,0
R029707,1
R040727,1
R097509,1
R099858,0
R042490,0
R029073,1
R057987,2
R085775,3
R065847,3
R041669,0
R034692,0
R038201,0
R005196,1
R070874,2
R021178,1
R004520,3
R016081,0
R034366,1
R016430,0
R086075,1
R047431,2
R009604,2
R052354,1
R094290,2
R003277,0
R045781,1
R026196,1
R048107,3
R061632,3
R042425,0
R039524,0
R015936,0
R066575,0
R066794,0
R032262,3
R072785,3
R082097,0
R054731,3
R071078,3
R072510,2
R043662,0
R080205,2
R049720,0
R007107,0
R027563,0
R034980,0
R086572,2
R055370,0
R032040,0
R009767,0
R093882,3
R086683,0
R069191,1
R096717,0
R045821,0
R095995,1
R089243,1
R013577,1
R008578,1
R071629,1
R018820,0
R011692,1
R046044,1
R048588,0
R066341,0
R070175,1
R010408,2
R050310,0
R085409,3
R039956,0
R044553,0
R080825,0
R090421,2
R013018,0
R078386,0
R036054,1
R043973,3
R003352,3
R078309,2
R072386,0
R063356,0
R039651,1
R060626,0
R063446,1
R080180,0
R063405,2
R062122,1
R006737,0
R012227,1
R011148,1
R074217,2
R092781,1
R017169,0
R067613,3
R032359,3
R016722,3
R035899,0
R011569,1
R059134,1
R076762,0
R029021,0
R007003,0
R072097,0
R021901,0
R047799,2
R049598,0
R002728,0
R022333,2
R057474,0
R092687,0
R093070,1
R029599,0
R022637,1
R013052,1
R061492,3
R034765,0
R067231,0
R058658,0
R027318,1
R062048,1
R076991,0
R044364,1
R087770,0
R040375,2
R099464,0
R046868,0
R052478,0
R062680,0
R095187,0
R006020,1
R081098,3
R051632,2
R021284,0
R072993,2
R093963,0
R026842,0
R082117,0
R030108,0
R023935,1
R051615,0
R067799,0
R042598,0
R072381,0
R030692,3
R082374,3
R093538,3
R012806,0
R021431,1
R079893,0
R063509,0
R062885,3
R046885,3
R089277,1
R097540,2
R095704,0
R095451,0
R012860,0
R057592,0
R056402,2
R051125,3
R085813,3
R085820,0
R005654,1
R060557,0
R061311,0
R067522,0
R001343,0
R020652,0
R074389,0
R051627,1
R059648,0
R045825,1
R079099,3
R078452,0
R064428,0
R067656,2
R084961,1
R049828,3
R056453,0
R008248,1
R021821,1
R041107,1
R062418,0
R046632,0
R065021,0
R058732,0
R009491,1
R021183,0
R018390,3
R034663,0
R005960,0
R059406,1
R041439,1
R098425,0
R039584,0
R036708,3
R057255,3
R098045,3
R016472,0
R077766,1
R086949,0
R058003,0
R063789,1
R042744,1
R042381,2
R027087,2
R051634,1
R098603,2
R026590,0
R051490,1
R064703,1
R018760,0
R070344,0
R013551,1
R050360,1
R080462,1
R093108,1
R032109,0
R001880,0
R009885,0
R041604,1
R052932,0
R075296,1
R002010,3
R065143,0
R066928,1
R076654,3
R056279,0
R060360,0
R081088,0
R076291,0
R043467,3
R062702,0
R013431,0
R005688,1
R058589,3
R091337,3
R004732,1
R096526,2
R058922,1
R080994,1
R034712,1
R007306,2
R062275,2
R052910,0
R027290,2
R009776,2
R024543,2
R079834,0
R006092,0
R095903,0
R010527,1
R032821,0
R030994,0
R005567,0
R067435,0
R079318,3
R062949,3
R069460,0
R074614,0
R015959,2
R007177,2
R042083,0
R029602,0
R045956,1
R023559,1
R050461,1
R096558,2
R030408,3
R030238,1
R055626,0
R085834,3
R080420,1
R021482,0
R083483,0
R077187,0
R020694,1
R042939,0
R046869,0
R045387,3
R002986,1
R098121,0
R090876,0
R053604,3
R055244,3
R012630,3
R091658,0
R011443,0
R087318,1
R091308,2
R004281,3
R091264,3
R056204,0
R006972,2
R008152,1
R026853,2
R030906,3
R060372,3
R057820,1
R012909,1
R098099,0
R089083,0
R032997,0
R043639,2
R030907,1
R001024,0
R008313,3
R092297,1
R021979,3
R087897,0
R012103,1
R043396,1
R052123,1
R079813,1
R002125,0
R008855,2
R046531,0
R010751,0
R018024,0
R099609,0
R036533,1
R039100,1
R039748,1
R070019,0
R010120,0
R099491,2
R015548,1
R081309,0
R043262,0
R066473,3
R039702,2
R073161,3
R017702,1
R047303,0
R021375,3
R083334,1
R013340,0
R063394,0
R058725,3
R069017,3
R066569,0
R084780,0
R075986,0
R073067,2
R074956,1
R044815,0
R088946,1
R071894,1
R007501,0
R066595,1
R064909,0
R050493,0
R042344,0
R058828,1
R078470,0
R083843,1
R089739,1
R013441,0
R080398,1
R025594,0
R025566,0
R043207,1
R083077,3
R081479,1
R010441,2
R064474,1
R020610,2
R072685,0
R030199,0
R028152,0
R020560,2
R003119,1
R030446,1
R002894,2
R035455,3
R066171,0
R097262,0
R046318,2
R018330,0
R065387,0
R030405,0
R056704,1
R021357,0
R046815,0
R045580,0
R070794,0
R002764,1
R033468,1
R001203,1
R048540,2
R037464,0
R027327,0
R063873,2
R050955,1
R009161,3
R020514,1
R036464,0
R005441,1
R078558,1
R023799,2
R000004,1
R097123,2
R022916,0
R080958,0
R085300,3
R072016,1
R010691,1
R087754,0
R084340,0
R090405,2
R011410,0
R010173,0
R024068,0
R018100,2
R009903,0
R073109,3
R066112,3
R017845,3
R038683,2
R030436,0
R090431,0
R092111,1
R065929,1
R007886,3
R041603,3
R072384,0
R048164,0
R008684,0
R037028,0
R050600,3
R081205,2
R060461,0
R086479,3
R004053,0
R075862,0
R024651,0
R083943,2
R074293,2
R042634,3
R008823,3
R097918,0
R099294,1
R007020,3
R032153,2
R062626,3
R069033,3
R017082,1
R012307,3
R017087,1
R080251,1
R035997,0
R092671,1
R026108,1
R092504,1
R001708,0
R000609,3
R032741,1
R011001,0
R088827,0
R083000,3
R027693,0
R030558,0
R077589,1
R034582,3
R037752,3
R095104,0
R056890,0
R031413,0
R024553,2
R085319,0
R045515,3
R022597,0
R074871,3
R086352,2
R007648,0
R085563,3
R045729,0
R050802,3
R021280,3
R062524,1
R019977,0
R001833,1
R082905,1
R080811,2
R039474,0
R039585,0
R085047,2
R037471,3
R039575,2
R037112,0
R018552,0
R012891,0
R042414,0
R084820,0
R080189,0
R076007,0
R090937,0
R024970,1
R003332,3
R033263,2
R076254,3
R085114,1
R068943,0
R004094,2
R084536,1
R084994,1
R082094,0
R051953,0
R049602,1
R067412,3
R050112,2
R034858,1
R004412,0
R011093,0
R095855,3
R001500,0
R097532,1
R019184,0
R021363,0
R092158,1
R020701,3
R044387,1
R013902,0
R028595,0
R070441,0
R085048,0
R087228,0
R076121,3
R063168,0
R096871,3
R045697,0
R049584,1
R072934,0
R070051,2
R067289,1
R096708,0
R061058,0
R008795,3
R020055,3
R093564,0
R096069,1
R013345,0
R042110,0
R031429,0
R002497,2
R081443,3
R054865,0
R014421,0
R019252,1
R084712,3
R040407,0
R036286,1
R079003,0
R087898,1
R006025,1
R096765,3
R030047,1
R082338,3
R006345,1
R029699,3
R036990,0
R016965,0
R094653,0
R092625,2
R031308,2
R031116,3
R088902,1
R055839,1
R057187,0
R000575,0
R059533,0
R006519,1
R068204,1
R042600,0
R064828,0
R085285,1
R063775,0
R006918,1
R062953,0
R056934,2
R065439,3
R075000,3
R095204,0
R067541,0
R081544,3
R016158,0
R095826,2
R050540,1
R030727,3
R036099,1
R034818,0
R071319,2
R040926,0
R060105,0
R086327,1
R069447,0
R017139,1
R015480,1
R093701,2
R070777,1
R086941,2
R047226,0
R058317,2
R080604,0
R069656,1
R098831,2
R035747,0
R096272,0
R041257,0
R034717,2
R083729,2
R088511,2
R071972,0
R075275,0
R084450,2
R022859,2
R066795,0
R078321,1
R016255,1
R039973,1
R088693,0
R003193,1
R048701,1
R068854,0
R027736,1
R070178,0
R075682,0
R071163,1
R063924,0
R001646,1
R062766,2
R080284,3
R054333,2
R010854,0
R054669,3
R006443,1
R090402,3
R029411,0
R049714,3
R035544,2
R026504,0
R070285,0
R020032,1
R068838,3
R004115,1
R066508,1
R040075,0
R021100,1
R012949,0
R091941,0
R070889,0
R071477,0
R048144,0
R030899,1
R028464,0
R041137,1
R083292,0
R000984,0
R068253,0
R061219,1
R004086,2
R044315,1
R074553,0
R081992,1
R061954,0
R062983,0
R084959,1
R048094,3
R051462,3
R020029,0
R095401,0
R041075,0
R063768,1
R001951,2
R012029,2
R045123,1
R057181,0
R076450,1
R093639,0
R093952,2
R040142,2
R017891,0
R026308,0
R070626,0
R059022,1
R010583,1
R029230,1
R086610,3
R070390,3
R041146,0
R030982,2
R057120,0
R003518,1
R007074,1
R088164,1
R038967,0
R090967,0
R085358,3
R056439,2
R082002,3
R094227,0
R055969,2
R000171,2
R099170,2
R050462,0
R030144,0
R099818,0
R060710,0
R085195,0
R050492,2
R057402,1
R096303,1
R060365,0
R020517,0
R069806,1
R079204,1
R003239,3
R025400,0
R019922,1
R039104,2
R027679,0
R002715,1
R076280,3
R089570,2
R039642,2
R096721,3
R028363,0
R057676,1
R065816,0
R012454,1
R028558,2
R011703,0
R046124,2
R003854,1
R015140,1
R017277,0
R082347,1
R078069,1
R078085,2
R051960,2
R087802,1
R048770,2
R005894,0
R036372,0
R010407,0
R054243,0
R005298,0
R077058,0
R020823,1
R093686,0
R041430,3
R081123,3
R036076,2
R037127,0
R064607,0
R064082,1
R008278,1
R000480,0
R089531,0
R030433,0
R056524,1
R096839,0
R090091,0
R052854,0
R013997,1
R088244,2
R067765,0
R014612,1
R060826,3
R045700,1
R044440,1
R072816,1
R006198,2
R037865,0
R073521,2
R005828,1
R046672,1
R012255,0
R066833,0
R049667,1
R004539,0
R087558,1
R009918,1
R092836,2
R008174,1
R088794,2
R065379,1
R041580,3
R043231,0
R008493,1
R069845,0
R033681,1
R070919,3
R022093,1
R041918,0
R091843,0
R070702,0
R074985,1
R047087,1
R023083,0
R037424,3
R075252,2
R093658,1
R009073,1
R055060,0
R087996,0
R088379,2
R018635,0
R059936,0
R083628,2
R084976,0
R074759,0
R071291,3
R016411,0
R061490,2
R058283,0
R053460,3
R062197,1
R092082,1
R041082,1
R017016,0
R046330,0
R010794,0
R053406,3
R084256,2
R024023,0
R048434,1
R039467,0
R063077,0
R020376,0
R012597,2
R014441,0
R061171,2
R084556,1
R091566,0
R049769,1
R081020,0
R036883,3
R037651,1
R024810,1
R085547,1
R035185,1
R026168,1
R083427,0
R053317,2
R005941,3
R031487,2
R009976,0
R098662,1
R030071,3
R044910,1
R015383,1
R043023,1
R062003,0
R092769,3
R080148,0
R054254,2
R033377,0
R076682,1
R059344,1
R017485,1
R060489,1
R096263,1
R023867,1
R023611,1
R081052,3
R053861,2
R050454,0
R039214,1
R087433,1
R035866,0
R028718,0
R031740,1
R038886,1
R004825,0
R079941,2
R030347,1
R003954,0
R054532,1
R053826,1
R098071,0
R069180,2
R074194,0
R069106,2
R012405,1
R058992,0
R037578,3
R076472,1
R050954,1
R031649,0
R099182,1
R030224,2
R074637,0
R033792,3
R046998,0
R034057,0
R064394,2
R028761,1
R085115,1
R073722,0
R052168,1
R019109,2
R071116,3
R085663,0
R016500,1
R061745,1
R049070,0
R082121,2
R086609,0
R010937,1
R022320,2
R028997,0
R025208,0
R052185,2
R027100,0
R028756,1
R077027,2
R035130,0
R020424,1
R031586,2
R078912,2
R094464,0
R027005,1
R093027,0
R086035,0
R061510,2
R058343,0
R040282,0
R091270,3
R012398,1
R024648,1
R087830,0
R018953,2
R041509,3
R087301,3
R061132,1
R036251,2
R001966,1
R010078,3
R070994,0
R002573,1
R072582,3
R027010,0
R094632,0
R074329,0
R028685,3
R078357,1
R001392,0
R009645,1
R065433,0
R093953,0
R081839,2
R058833,1
R070342,3
R065264,2
R017513,0
R022229,2
R017368,2
R027856,1
R070323,1
R027961,0
R089708,0
R048803,3
R080991,0
R096062,3
R015117,1
R061412,3
R090219,1
R062550,3
R070452,0
R028762,1
R011303,0
R017833,0
R065404,3
R050547,2
R085448,0
R006520,1
R095696,2
R053550,3
R021962,0
R001071,0
R059895,2
R094277,0
R095890,1
R057513,0
R018790,0
R065577,2
R032526,0
R096547,3
R084924,0
R090329,1
R036722,1
R018039,2
R043432,1
R056811,1
R028069,0
R067208,0
R019892,2
R025015,2
R027762,0
R095715,0
R041857,0
R064836,0
R068690,0
R059955,0
R044497,1
R062817,2
R090404,3
R034321,0
R069757,0
R024566,1
R015502,0
R059838,0
R058655,0
R018432,2
R087397,2
R086353,1
R029694,2
R092506,0
R069113,1
R069719,0
R013367,0
R068000,0
R014304,2
R035375,1
R037939,0
R000050,0
R001626,0
R071712,0
R018400,0
R052704,1
R021392,0
R062637,0
R026235,1
R079574,2
R031723,2
R016333,1
R052141,2
R098691,1
R081751,1
R065132,1
R078808,1
R064768,0
R042954,1
R088725,3
R055142,0
R070099,2
R014084,3
R071643,0
R090177,1
R093508,3
R089192,0
R088385,0
R049391,0
R078377,0
R000274,0
R030078,1
R008485,1
R090659,0
R090826,0
R068915,2
R063684,0
R049106,2
R066433,0
R062030,1
R069155,2
R046167,1
R090986,1
R039786,3
R082080,0
R080652,1
R049809,0
R072999,1
R037853,3
R020961,2
R098845,0
R039477,0
R041862,0
R069401,3
R065581,2
R083088,0
R075425,0
R057789,1
R081971,1
R019831,0
R009891,0
R002614,0
R014726,1
R088200,1
R067485,2
R016595,2
R027547,1
R016853,1
R050515,3
R092548,0
R061892,1
R048297,1
R040020,0
R054002,0
R052012,0
R092476,0
R081477,0
R008967,0
R034042,1
R046889,1
R096602,3
R099347,0
R007056,2
R081132,2
R007621,0
R068174,1
R023551,0
R046514,0
R099131,1
R019253,3
R096273,2
R053018,0
R050323,0
R061401,0
R021779,0
R075738,0
R017744,0
R041317,0
R080353,1
R032067,0
R011146,0
R057575,0
R076837,0
R017047,3
R055809,0
R054294,0
R038655,1
R064532,1
R009551,0
R057128,0
R055722,0
R049943,2
R059550,0
R097687,1
R068173,0
R065335,1
R008358,1
R042386,0
R058471,1
R043487,0
R097746,1
R038114,1
R032246,3
R056815,2
R079415,2
R068581,0
R047525,1
R027187,0
R085847,0
R089343,0
R025783,3
R078595,1
R034580,2
R095351,0
R014160,0
R091912,0
R020290,1
R094444,1
R030975,2
R059081,0
R030329,2
R043316,0
R056632,1
R022172,3
R021477,0
R028598,1
R087357,1
R040979,0
R018891,1
R033796,2
R063221,1
R068227,0
R032386,0
R057500,0
R088386,2
R041942,1
R078543,0
R091618,2
R048625,1
R019018,0
R041777,1
R018562,2
R053265,0
R039126,1
R094333,1
R003991,0
R016655,1
R032017,0
R038116,2
R067336,1
R017872,1
R075029,0
R080003,0
R094585,1
R044863,0
R020133,1
R015816,0
R092816,0
R027375,0
R036070,1
R031706,2
R091256,0
R000166,0
R052425,0
R063302,2
R092578,3
R032654,3
R027878,3
R068418,0
R074410,3
R013271,1
R089624,0
R047808,0
R023762,0
R076674,3
R089157,0
R099712,3
R039534,0
R000577,1
R012283,0
R040338,0
R086249,2
R000800,1
R029915,0
R055062,0
R055617,1
R045873,1
R041320,2
R011946,0
R034543,0
R064417,1
R098371,1
R090849,3
R079679,1
R001839,0
R011661,0
R095230,0
R055367,3
R063848,2
R012537,2
R091993,0
R097550,2
R042540,0
R078455,0
R029017,3
R086155,3
R035213,0
R074796,3
R064441,1
R088286,0
R065453,1
R042614,1
R078040,1
R098500,1
R047001,3
R016926,0
R077603,1
R045180,2
R098922,0
R082136,0
R044429,2
R052918,3
R022480,1
R061161,2
R096395,1
R076394,1
R080832,0
R061050,1
R098011,0
R050289,2
R024367,3
R064088,0
R045907,2
R090461,1
R060099,0
R052839,2
R040982,0
R060222,2
R003123,1
R066729,0
R049178,3
R084532,1
R023308,0
R080988,2
R081910,3
R092596,0
R046887,0
R008682,2
R013262,0
R015951,0
R079942,0
R082530,2
R028356,3
R008207,2
R096281,3
R023997,0
R083614,0
R014710,1
R098752,3
R073848,0
R035233,3
R002216,2
R013357,1
R052909,0
R098389,0
R043590,0
R021822,3
R046452,2
R096137,1
R040114,0
R056399,2
R069686,1
R020096,1
R051143,0
R076448,2
R020237,1
R083674,1
R013820,0
R042207,1
R067923,0
R093285,0
R013030,3
R011993,3
R029002,0
R036614,0
R060259,2
R008580,0
R028159,1
R041413,0
R004514,2
R068819,0
R014873,3
R058042,0
R058659,2
R018788,0
R050277,2
R037571,3
R036296,2
R050179,2
R065620,3
R092631,1
R093892,2
R091198,1
R082704,2
R058373,0
R070152,1
R071599,0
R034447,0
R016884,1
R044637,0
R009684,0
R083500,1
R010712,3
R026083,2
R052732,3
R055109,0
R032874,2
R097195,2
R053902,0
R009277,0
R035021,0
R068764,1
R057189,1
R077373,3
R021596,2
R083825,0
R063989,1
R035946,0
R094267,0
R022339,1
R076294,2
R059137,3
R053893,3
R096194,1
R048087,1
R056787,0
R060967,0
R023812,0
R042912,2
R067225,0
R022038,0
R018610,3
R009171,0
R023769,0
R003366,3
R000814,0
R055627,2
R076977,0
R068491,1
R077851,0
R068505,0
R026136,2
R065193,3
R063891,2
R037468,0
R081645,0
R001421,0
R053194,0
R022776,0
R020468,0
R068861,0
R072121,1
R020269,2
R043362,0
R078409,3
R021343,0
R060235,0
R063363,0
R032769,0
R039594,0
R091960,0
R087088,0
R034202,1
R039224,3
R094468,0
R079227,0
R043916,3
R026952,1
R061435,0
R019081,3
R043707,2
R048559,1
R090448,2
R049521,3
R049025,1
R083197,2
R056545,1
R041332,3
R071548,2
R026628,0
R036968,0
R058172,0
R071769,2
R053445,0
R066229,0
R028908,2
R073084,1
R028179,0
R003412,0
R024382,0
R040552,1
R034438,0
R082285,3
R096530,0
R082031,0
R005875,1
R097931,3
R018492,1
R062375,1
R069485,3
R067265,2
R007922,0
R089052,1
R092251,3
R033488,0
R090846,0
R007163,3
R082582,0
R047094,1
R055863,2
R014095,0
R067643,1
R011514,1
R053725,1
R026729,1
R054448,2
R064045,0
R026791,0
R091886,3
R005568,0
R066206,0
R058361,3
R001791,0
R096999,0
R055405,0
R068591,2
R091230,3
R067320,0
R067632,1
R065341,0
R031606,1
R058423,2
R075925,3
R044749,2
R080084,0
R097154,2
R012960,0
R069160,0
R012346,0
R090041,0
R065552,1
R004242,0
R017385,1
R081464,0
R099195,1
R098280,2
R091062,3
R001814,2
R051978,3
R003065,0
R060545,0
R033976,0
R038974,3
R048408,0
R015031,0
R014562,3
R059232,0
R077910,3
R018847,1
R003009,1
R007326,2
R031263,0
R048815,2
R063410,2
R015653,3
R038996,1
R005162,1
R057072,3
R081716,3
R090451,0
R069571,1
R058603,0
R018593,1
R051763,3
R033147,0
R052112,0
R012429,0
R034155,2
R083874,0
R052970,0
R040879,0
R036709,0
R023796,0
R003575,0
R078515,3
R036210,1
R093220,3
R039667,0
R034831,1
R067830,0
R041339,1
R045767,0
R079758,0
R098094,0
R026047,1
R075864,1
R023995,1
R069364,3
R091875,2
R024421,1
R003137,1
R098718,1
R073206,0
R020870,3
R063025,0
R058229,0
R018266,0
R078644,2
R099956,3
R021414,0
R040468,3
R042164,3
R034570,1
R077712,0
R087330,0
R076974,1
R075144,0
R044204,2
R081154,3
R070998,2
R000354,3
R066563,1
R095329,3
R049865,2
R032808,2
R037961,2
R019331,3
R003749,0
R089997,1
R076132,1
R087073,0
R002568,0
R046941,0
R041997,0
R053554,3
R031666,0
R042494,0
R080598,3
R039048,1
R083830,2
R041180,1
R037372,0
R013478,3
R041536,0
R033653,1
R010401,2
R057732,1
R054217,0
R007687,0
R099692,2
R091314,2
R074940,0
R098306,0
R003045,1
R023920,1
R021393,0
R021334,1
R023878,2
R087482,1
R067382,2
R083612,0
R032036,0
R016073,1
R024067,0
R002112,0
R019475,0
R083799,0
R045151,1
R087298,0
R029617,1
R097762,1
R047950,0
R034945,0
R025587,0
R078893,1
R087666,0
R048571,0
R029097,2
R007673,0
R019248,3
R015938,0
R025662,0
R037529,1
R018691,0
R074666,0
R084680,0
R063341,2
R021891,0
R092188,1
R082786,1
R001619,1
R024689,0
R050381,1
R010512,3
R063992,1
R016581,0
R070451,2
R071162,0
R054368,2
R075933,0
R047903,1
R074892,2
R088689,2
R047139,0
R021953,0
R028171,0
R064544,0
R003980,3
R026918,0
R020024,1
R096390,0
R089578,0
R047266,2
R064882,0
R036024,0
R057729,0
R076506,3
R013004,0
R081033,0
R049778,0
R073740,3
R008938,1
R063830,0
R044981,0
R043742,1
R058558,2
R017259,0
R022035,0
R081837,0
R054362,3
R019156,0
R080458,3
R047751,1
R015623,1
R071868,0
R088043,1
R069664,3
R085620,0
R087321,1
R031538,1
R025276,1
R001256,0
R030858,2
R019231,0
R048962,2
R089377,0
R067310,0
R070545,0
R026005,1
R020213,0
R006129,1
R071238,2
R037977,2
R046829,0
R047389,2
R032613,2
R029478,0
R021081,2
R052948,0
R064605,0
R008472,1
R013049,3
R054797,0
R055499,2
R076077,0
R051691,1
R060770,0
R031423,0
R090429,0
R003448,1
R020346,1
R003001,2
R081166,2
R093958,0
R004431,1
R040523,0
R057428,2
R089401,0
R023724,3
R029384,2
R082462,3
R012186,0
R010531,2
R010180,0
R079123,0
R089156,1
R024411,2
R048716,0
R071507,0
R012458,1
R015983,1
R029078,0
R081552,2
R043411,3
R096939,0
R013174,1
R018726,1
R015939,0
R029261,3
R071222,1
R078482,3
R048882,3
R033381,0
R063802,1
R022075,1
R064958,2
R002156,1
R039882,1
R091646,0
R093795,0
R030577,0
R065360,0
R033684,0
R036268,3
R035128,2
R048678,2
R001514,0
R038198,3
R007902,2
R033159,0
R067477,2
R094582,2
R044374,2
R038565,2
R032316,2
R092094,1
R048295,2
R068128,3
R053437,1
R036432,3
R023085,1
R078934,1
R036539,0
R081686,3
R094455,0
R008835,0
R041460,0
R029577,1
R075580,0
R048963,3
R057836,0
R029547,0
R013374,1
R044460,2
R060307,0
R097313,0
R098218,0
R014970,0
R053464,1
R058138,3
R090832,0
R059899,1
R097065,2
R056008,1
R047688,1
R098535,1
R095111,0
R027612,2
R079652,0
R050687,0
R034200,0
R068178,2
R071289,0
R058256,0
R001353,2
R024466,0
R000690,0
R088284,1
R031918,3
R092588,1
R074809,0
R012214,0
R078727,2
R026820,1
R024327,3
R067733,2
R084997,1
R026231,1
R006035,1
R032416,2
R005455,0
R075088,1
R086006,1
R079850,0
R014058,3
R064991,1
R077053,2
R081655,0
R043901,1
R089275,0
R044388,1
R024061,3
R098419,0
R054018,2
R031306,0
R043041,0
R063208,2
R092496,3
R074619,0
R010232,3
R045632,0
R037430,0
R007045,1
R073136,0
R011173,1
R086790,2
R092851,2
R000572,3
R007120,0
R074017,2
R010607,3
R078035,0
R015889,0
R070398,3
R076251,0
R016625,1
R082135,0
R020250,0
R097032,1
R062088,2
R053567,2
R059995,0
R032447,0
R064895,1
R026867,3
R017148,3
R015423,0
R007672,0
R016522,1
R050148,1
R072773,3
R001408,0
R063458,0
R053751,0
R034347,2
R070322,1
R076500,0
R027284,1
R063771,2
R005532,0
R079243,0
R090737,0
R007835,0
R069753,3
R009781,0
R017926,0
R023168,0
R002042,0
R019927,3
R089314,0
R069737,0
R057232,2
R024513,1
R035275,1
R053026,2
R023889,0
R080996,3
R018744,0
R066471,1
R002464,2
R022990,0
R062735,0
R044301,2
R020409,0
R018567,3
R093993,2
R081499,0
R012623,0
R013810,0
R022860,0
R075926,1
R062129,1
R014235,1
R092907,0
R005294,1
R059035,0
R064370,0
R095601,0
R014729,2
R037826,0
R094282,0
R089860,0
R014213,0
R028763,1
R080286,0
R004661,2
R057311,2
R033713,0
R082526,0
R041291,2
R082234,2
R027834,1
R083061,2
R039703,3
R050160,0
R024473,0
R011196,2
R050892,0
R091277,3
R006921,2
R044901,3
R037338,3
R071960,0
R066588,0
R062852,0
R001009,0
R051041,0
R079251,3
R054703,0
R095791,0
R042446,2
R045023,2
R058433,2
R098559,0
R025957,3
R031499,0
R081822,2
R072666,2
R047888,2
R086065,0
R046020,0
R000821,0
R006017,1
R052528,1
R096779,0
R069294,1
R060290,2
R093609,3
R035097,2
R031912,3
R090182,0
R042071,1
R012334,0
R053744,0
R046222,0
R010734,2
R034315,2
R048168,0
R022748,1
R092412,3
R008441,1
R079694,1
R090962,0
R030042,1
R063278,1
R018468,3
R062458,1
R084371,0
R077358,2
R043516,3
R096546,0
R008631,3
R048219,0
R096537,3
R018862,0
R097142,2
R000574,1
R075459,2
R032152,0
R059695,0
R050562,2
R049681,1
R072360,2
R083176,0
R063950,3
R099707,1
R036158,0
R097451,3
R022000,0
R007852,0
R033914,3
R014071,0
R023636,3
R068025,3
R085677,3
R095858,2
R031882,0
R073158,1
R082449,0
R049022,1
R012032,3
R060410,0
R042569,2
R033253,0
R095201,0
R057356,1
R040182,3
R003757,3
R056694,2
R006778,2
R034903,2
R007562,1
R034866,1
R050747,0
R036597,3
R049525,3
R096559,2
R026932,1
R081467,0
R099334,1
R028813,0
R074968,1
R017552,1
R034402,1
R092685,3
R099100,2
R012457,2
R008975,2
R041409,1
R008539,0
R079559,1
R092782,0
R088861,2
R091221,0
R023541,2
R008343,0
R068923,0
R045146,0
R013371,0
R059017,0
R087245,3
R091651,1
R022608,1
R049782,0
R047146,3
R015771,1
R040449,0
R045367,2
R054407,3
R030427,1
R015200,3
R044140,0
R035976,0
R006577,2
R085924,1
R027884,0
R020834,1
R083900,1
R043808,1
R035069,1
R016204,1
R050522,0
R054492,3
R081173,2
R062741,0
R055538,1
R052178,1
R094387,2
R028696,3
R067931,0
R018579,3
R030649,0
R032240,0
R038285,3
R075202,1
R018014,0
R027376,0
R085619,0
R046930,3
R006436,2
R088800,2
R018003,1
R057407,1
R065536,0
R055712,3
R028862,0
R053374,0
R046067,1
R085052,0
R013041,1
R004719,0
R024281,0
R039107,1
R001959,0
R024039,1
R046864,1
R024547,0
R009062,0
R094758,2
R098597,1
R011329,1
R071192,0
R070518,0
R016336,3
R085970,2
R020140,3
R077959,1
R028037,3
R088033,0
R079965,0
R069083,0
R007522,0
R046116,0
R076636,1
R035673,0
R053993,0
R066969,1
R047407,3
R051784,0
R022864,1
R090823,0
R059652,1
R055550,3
R003200,3
R027867,0
R047982,1
R010537,0
R001312,0
R051014,0
R051360,1
R050666,1
R036254,2
R036498,0
R020825,0
R034850,0
R067287,0
R029618,3
R095622,3
R042865,0
R001601,0
R038380,0
R089580,0
R029819,3
R042052,1
R049222,0
R092977,0
R098123,3
R044848,0
R012446,0
R009139,0
R096457,3
R083793,0
R094069,0
R040538,1
R083482,2
R049844,3
R015064,3
R031659,1
R041864,1
R002747,0
R077535,0
R003817,3
R060880,0
R072106,2
R096114,2
R042482,0
R091884,0
R018244,2
R057730,1
R069707,0
R085288,1
R090107,0
R010488,0
R021845,0
R062166,1
R084045,2
R055941,0
R077245,0
R060862,1
R041264,0
R007700,3
R051507,1
R051214,1
R032024,0
R057256,0
R071185,3
R025733,2
R015586,2
R015788,2
R036676,3
R050113,1
R073876,3
R063310,0
R001648,1
R081116,0
R027987,2
R011698,0
R080022,1
R018228,3
R025853,1
R026736,2
R041561,3
R084460,2
R062148,3
R084299,3
R006266,2
R070506,3
R028381,0
R053137,1
R073153,1
R011288,1
R013613,0
R088886,0
R067614,3
R065764,1
R054552,0
R084105,1
R093330,0
R071371,1
R039881,0
R090131,1
R050982,0
R058978,0
R046535,3
R006889,1
R081179,1
R056380,0
R098976,1
R050930,0
R093553,3
R050184,0
R057076,1
R004818,0
R037022,0
R045210,0
R043083,3
R067366,0
R014628,0
R042471,2
R011463,1
R064835,0
R044427,3
R083163,3
R096059,0
R020892,0
R025616,0
R088250,3
R038864,2
R044892,0
R013695,0
R032115,3
R027260,2
R057817,2
R036660,0
R066936,0
R034562,0
R050445,0
R092709,1
R068089,3
R043536,1
R089982,2
R067419,0
R097752,1
R096444,3
R089620,0
R049882,2
R000900,1
R077122,0
R074991,3
R031387,0
R074699,2
R053556,0
R096131,2
R083251,1
R097977,0
R055865,0
R096865,1
R063238,0
R051195,0
R038822,2
R010309,1
R084605,2
R041594,2
R045966,2
R004890,0
R017522,0
R065530,1
R004749,0
R052881,1
R087499,1
R079233,0
R041708,1
R078955,0
R094269,3
R012288,0
R039035,2
R067343,0
R069803,2
R052791,3
R095170,0
R063975,3
R046891,0
R054022,2
R082289,1
R034099,2
R074747,3
R041563,1
R097844,0
R087708,0
R025093,0
R008128,0
R028097,1
R020277,3
R000370,3
R055387,1
R043825,0
R024642,0
R058927,2
R080761,1
R068836,0
R074412,3
R004994,2
R023225,3
R026630,2
R064294,2
R067832,2
R048816,2
R036989,0
R061862,3
R012433,1
R067217,0
R087626,1
R045287,0
R003839,2
R007786,2
R066098,0
R072061,2
R053101,1
R075141,1
R071417,1
R095275,1
R023177,0
R096685,0
R058289,1
R008725,0
R048139,1
R030126,0
R053268,3
R048845,0
R020760,3
R079700,0
R013830,3
R082065,0
R066880,0
R098881,0
R011159,0
R058180,1
R055341,3
R023991,0
R052383,3
R068565,3
R013329,0
R036888,1
R034167,0
R074557,0
R021074,0
R006251,2
R081149,0
R030217,0
R001578,0
R050780,3
R099055,1
R056557,2
R036191,0
R083671,1
R082683,1
R068518,0
R090970,1
R057435,1
R034255,3
R057190,0
R037247,1
R019224,0
R093657,0
R075206,1
R016387,0
R031037,2
R064118,0
R059455,3
R030508,0
R007034,0
R092044,0
R059804,0
R057738,3
R035516,2
R059642,0
R023316,0
R007084,0
R052458,0
R044253,1
R061991,0
R052142,1
R078785,0
R070672,0
R007340,2
R073555,3
R083745,1
R075182,0
R095634,1
R003402,0
R020873,0
R023936,0
R074129,0
R020939,1
R094719,0
R036610,0
R089536,0
R069745,1
R053326,0
R044001,1
R018334,1
R006087,3
R012863,3
R024679,0
R059666,0
R053936,2
R057264,0
R040101,3
R071925,1
R060041,0
R065966,1
R069280,3
R053576,0
R018363,3
R051510,0
R099129,0
R085291,3
R083448,0
R004846,0
R039136,2
R052763,2
R046344,3
R003823,0
R037602,0
R047805,0
R043134,3
R017914,3
R093064,2
R019935,0
R070349,0
R070584,1
R026676,3
R044883,3
R096337,3
R076678,3
R021066,0
R094307,2
R036867,0
R018503,0
R085118,1
R062781,2
R043103,0
R017758,0
R075706,1
R061593,0
R096892,2
R003716,0
R009391,1
R038968,2
R042061,3
R057234,0
R088987,1
R087845,1
R029180,1
R073819,0
R056310,0
R021602,0
R093429,0
R029942,0
R053079,0
R001876,1
R079355,1
R000233,0
R079332,2
R042720,2
R037259,2
R093937,0
R020590,2
R026530,3
R016672,1
R059107,3
R062580,0
R033965,2
R083465,1
R041610,1
R038438,2
R038417,1
R092659,3
R064187,2
R051430,1
R091446,0
R019117,0
R026264,1
R056025,3
R010733,0
R028889,0
R065506,3
R080323,0
R081886,0
R049781,2
R030586,1
R086666,3
R085511,2
R009464,0
R022258,0
R016676,0
R038006,3
R044260,2
R064060,0
R098119,2
R086698,3
R000950,1
R021101,0
R055851,0
R017424,0
R075068,2
R029571,3
R088473,0
R041968,3
R013491,0
R062807,0
R064600,0
R076075,2
R051005,3
R005958,1
R032053,0
R024209,1
R051441,0
R053517,2
R074556,1
R056398,0
R063699,3
R067322,2
R019278,0
R090217,0
R027827,3
R030524,1
R005002,3
R082216,0
R063753,1
R071704,0
R095525,0
R073682,0
R050053,1
R034114,2
R009086,1
R003882,0
R066944,3
R081470,0
R090793,2
R080933,1
R024544,0
R013349,2
R023793,0
R080829,3
R099773,1
R032299,2
R065788,2
R021025,0
R079630,0
R041591,2
R091124,2
R006509,0
R000888,0
R000672,0
R006012,0
R089017,1
R095838,2
R014085,0
R032647,2
R089084,2
R060035,0
R024455,1
R028704,1
R048665,0
R037399,1
R059869,0
R059003,1
R026531,0
R027899,0
R072803,2
R070404,2
R052510,3
R046193,1
R091134,1
R091360,2
R064556,3
R018761,0
R016398,1
R026382,0
R001658,3
R058416,0
R057454,1
R012754,1
R056475,3
R002742,1
R034033,2
R050985,0
R064406,3
R009701,0
R042878,0
R039157,1
R045617,1
R054225,3
R023876,0
R019087,0
R067069,2
R096269,0
R022474,3
R016871,0
R036645,1
R009109,1
R067091,2
R002088,0
R028589,0
R081238,3
R013631,3
R072082,2
R087197,1
R003768,1
R013800,0
R036425,0
R067526,0
R031432,0
R052227,0
R060252,0
R033325,0
R011920,2
R032902,0
R062947,0
R014933,0
R062950,1
R090094,1
R049528,1
R084928,0
R080418,3
R084449,2
R010458,1
R018853,0
R055743,1
R021610,0
R003523,1
R038218,2
R031426,0
R078084,1
R080498,2
R039661,1
R032254,3
R026587,0
R003265,1
R048771,0
R044924,0
R006912,1
R004724,0
R051111,3
R012119,3
R079792,3
R055410,1
R030418,2
R014929,1
R053908,3
R056150,1
R071758,2
R097363,1
R046595,0
R052096,1
R087669,0
R017554,3
R096063,0
R080724,0
R046640,1
R098957,1
R038385,1
R035717,3
R005707,2
R006746,0
R016189,0
R090030,0
R018485,1
R000851,2
R002055,0
R078337,2
R059735,0
R096166,0
R083811,1
R001463,0
R056591,3
R093571,1
R099690,3
R058408,1
R071861,0
R090247,1
R046558,0
R040316,0
R025378,2
R061250,1
R015274,3
R047192,0
R017785,0
R026230,3
R096699,1
R071906,1
R076333,2
R098090,1
R055792,1
R078891,2
R029137,1
R092365,0
R064055,0
R029590,1
R049492,1
R056047,2
R025411,3
R097717,0
R014742,0
R049440,0
R086828,0
R055588,3
R089451,3
R064725,0
R078522,3
R089864,3
R071342,3
R033385,0
R048365,3
R008234,2
R005277,0
R028975,0
R029373,0
R013405,2
R092829,3
R055273,0
R086448,1
R015869,3
R011835,1
R080786,0
R071303,1
R095259,0
R070741,3
R007090,0
R085685,1
R077619,0
R078707,0
R060102,0
R080530,2
R067666,3
R017391,2
R060730,0
R060445,0
R096088,0
R047940,1
R093948,1
R086630,3
R096976,1
R076463,3
R012618,1
R068779,3
R016010,1
R011757,3
R003982,2
R016832,0
R064915,0
R003306,0
R089241,0
R026146,0
R068011,3
R028500,1
R023773,1
R086306,3
R061524,2
R082695,2
R054958,0
R096353,3
R014926,0
R025754,3
R038905,1
R047532,0
R085519,2
R052398,0
R088341,3
R051542,0
R042296,1
R050205,0
R092501,1
R033657,1
R083177,3
R047229,0
R003924,0
R065260,2
R097479,0
R032696,1
R026648,2
R034511,3
R011764,3
R069988,0
R081618,1
R002433,3
R043751,0
R078609,0
R006664,1
R035528,2
R093551,0
R001817,0
R037390,0
R065072,0
R056432,0
R018671,1
R090814,3
R098772,0
R075038,1
R094734,0
R027037,1
R054537,1
R097776,0
R008482,1
R072185,1
R046723,2
R076530,3
R049555,3
R047077,3
R023916,0
R013962,0
R044582,3
R051985,0
R048950,3
R016989,2
R030033,0
R040598,1
R079943,0
R039359,0
R015752,0
R064364,3
R065155,0
R082712,2
R042681,3
R081546,0
R017334,0
R038914,0
R055024,1
R015210,3
R086913,3
R027731,0
R064293,1
R000861,0
R061799,0
R066791,0
R022996,2
R099860,0
R067139,0
R078619,2
R095070,0
R094776,0
R041111,2
R044829,0
R025272,0
R020871,1
R006643,3
R070972,0
R033551,0
R088462,0
R040256,0
R023630,1
R088415,0
R046343,1
R060216,0
R030986,2
R042526,3
R037689,0
R034653,3
R095300,0
R096165,0
R009282,0
R089350,1
R022212,0
R046246,0
R015694,1
R080242,0
R037173,1
R064825,0
R008693,2
R082350,0
R077314,0
R023578,2
R088090,1
R030019,1
R085192,0
R041731,1
R067997,1
R021281,0
R038633,1
R058119,0
R095334,2
R064529,0
R059878,3
R066738,1
R035538,2
R054661,0
R021551,2
R052620,0
R099157,1
R083941,3
R009875,0
R050748,2
R021227,0
R025712,0
R027832,0
R092150,2
R002512,1
R032137,1
R027364,0
R025875,2
R055736,3
R038983,0
R064234,0
R022518,3
R090747,0
R087757,1
R081395,3
R067506,3
R017493,0
R046687,2
R078511,0
R067410,0
R017945,3
R020851,1
R084640,0
R073961,3
R051256,0
R070027,0
R058105,2
R083709,2
R010168,0
R074973,2
R042146,0
R064865,0
R077319,2
R071347,0
R042145,0
R055946,2
R055330,2
R008132,0
R086988,1
R038109,3
R094359,0
R091681,2
R057751,1
R026860,2
R095769,2
R015396,0
R081031,3
R072985,0
R092153,0
R071465,3
R022925,3
R016944,1
R084254,0
R033537,0
R011923,3
R085840,0
R061917,0
R050634,0
R042488,0
R016851,1
R015044,3
R070145,1
R033757,3
R085854,1
R094178,1
R079291,0
R076008,2
R075416,1
R069498,0
R052896,0
R054163,2
R006411,1
R089023,2
R057167,3
R048545,0
R043714,0
R000419,0
R027954,0
R036119,1
R044593,1
R082532,0
R048611,3
R046376,0
R071369,0
R073306,1
R082860,2
R032923,1
R002899,2
R031819,2
R030881,1
R057942,0
R011584,0
R009873,0
R038802,0
R033818,2
R042717,1
R021700,1
R078665,2
R075071,2
R090741,0
R079001,0
R024026,2
R029185,0
R071283,1
R059505,3
R043545,0
R098038,1
R085987,1
R004158,1
R067532,1
R055231,0
R036390,2
R094575,1
R023209,0
R048397,0
R013239,3
R096050,3
R069424,1
R096758,2
R064384,0
R073440,2
R061856,0
R088046,3
R052266,0
R014911,0
R049110,0
R031770,0
R036952,3
R020449,1
R095612,1
R048851,0
R090726,1
R012030,0
R046671,1
R036741,2
R020954,0
R099949,0
R050170,1
R043507,1
R093407,3
R002060,2
R056057,0
R050599,0
R097517,2
R064266,0
R017250,3
R025229,3
R013151,1
R008984,0
R060595,0
R064057,0
R065181,0
R059847,1
R072659,3
R063719,2
R015630,1
R079275,0
R089679,3
R088275,0
R074036,2
R005587,0
R015081,0
R083291,3
R049604,0
R037245,3
R087686,3
R082019,0
R017621,0
R073275,0
R077579,1
R013390,0
R041756,0
R052915,3
R061904,3
R068540,0
R038041,2
R081261,0
R075715,1
R021004,0
R086667,0
R020275,1
R021506,0
R009991,1
R042652,0
R018902,1
R099256,0
R095097,2
R050062,1
R098496,0
R040456,1
R005000,1
R015324,1
R051737,3
R032450,0
R055193,2
R025661,2
R063005,3
R042396,0
R054903,0
R001435,3
R051964,0
R083340,1
R035429,3
R079087,0
R090245,0
R092096,2
R080015,2
R029506,2
R003228,0
R025804,0
R024611,0
R032836,1
R056298,0
R098308,0
R001004,0
R023189,2
R049117,0
R042462,1
R052442,0
R070469,2
R038608,0
R011595,2
R036497,1
R019367,0
R054964,0
R073219,2
R042565,1
R072759,1
R032133,0
R093361,2
R061627,1
R023649,2
R031345,1
R059360,2
R022033,2
R064771,1
R097724,1
R093467,3
R008418,0
R085245,0
R011217,2
R074772,0
R056504,3
R037189,0
R006859,3
R043544,0
R048677,0
R011200,1
R002600,0
R040762,1
R020980,1
R066903,0
R097640,1
R062562,0
R027502,0
R096265,3
R005388,0
R020444,3
R055808,2
R051710,1
R022308,1
R016386,0
R056725,1
R037821,1
R031252,1
R023146,2
R000977,1
R051442,1
R004203,2
R032910,0
R012669,1
R048527,1
R094554,1
R030674,0
R085881,0
R012258,2
R034822,0
R091484,2
R027309,3
R046340,0
R021659,1
R009065,3
R075557,0
R025496,1
R055707,0
R021935,0
R097747,3
R011037,1
R041049,2
R040600,1
R056574,0
R014826,1
R049715,0
R059032,1
R047663,2
R063919,0
R065502,0
R023564,3
R007138,0
R015862,0
R065161,0
R076619,0
R037155,0
R017569,3
R078212,0
R069198,2
R029472,1
R071104,3
R037168,0
R000185,0
R093048,0
R071913,0
R061133,0
R074939,1
R043423,0
R053535,0
R044491,3
R094623,0
R093805,1
R089420,0
R086992,0
R018973,2
R085382,0
R056237,0
R028173,3
R048747,1
R040945,0
R020452,0
R091274,0
R013712,3
R006441,1
R037296,3
R004868,2
R067449,0
R013544,0
R005826,1
R047352,1
R033369,0
R045312,0
R061677,1
R008550,0
R060120,0
R095780,0
R044021,0
R092028,2
R026483,1
R002414,0
R014010,0
R028467,0
R032412,1
R076498,1
R032665,0
R072750,0
R069694,0
R000310,0
R007200,0
R043284,1
R010967,0
R099964,2
R031857,3
R051467,0
R002943,3
R092327,0
R093599,1
R055344,1
R057796,1
R049164,0
R085873,1
R015537,1
R034483,1
R091981,0
R060912,1
R070738,1
R003532,3
R018947,2
R070558,0
R077336,0
R035697,3
R059911,0
R056494,2
R093132,1
R012279,3
R057777,1
R088421,3
R091535,0
R048711,3
R063096,0
R047491,0
R020740,1
R053073,1
R041541,0
R051193,0
R075129,1
R006356,0
R077137,1
R012308,0
R016065,0
R095004,0
R020925,2
R094007,1
R070131,2
R049153,1
R078861,1
R012663,2
R063495,2
R000356,3
R059893,3
R020658,0
R015232,2
R042839,1
R013617,0
R042707,0
R041583,1
R095296,2
R027906,3
R086695,0
R067779,3
R003840,1
R074063,3
R085467,1
R000251,0
R079723,3
R035857,1
R065624,2
R085058,2
R060171,0
R008705,1
R025618,1
R074816,0
R049224,3
R095807,1
R056230,0
R054444,0
R069865,0
R019216,0
R086868,2
R001357,0
R083215,2
R056245,0
R017928,3
R014455,1
R038339,3
R085298,0
R011221,2
R083029,3
R087281,0
R018851,0
R038223,1
R028961,2
R076123,0
R026286,3
R063983,1
R014909,1
R070134,0
R079498,0
R040702,2
R068899,1
R066111,0
R091542,1
R048648,0
R033989,2
R009367,0
R099221,1
R001941,3
R079546,2
R094040,0
R038696,3
R092312,2
R018617,0
R002983,3
R014659,2
R053452,0
R001349,0
R085169,1
R021216,0
R044019,0
R039202,0
R066311,0
R018215,1
R026523,0
R052671,1
R031778,0
R092880,0
R024962,1
R041027,1
R091552,3
R036074,1
R049274,1
R068504,1
R041552,2
R074148,0
R044097,0
R007809,1
R017767,0
R062211,0
R051770,0
R044559,2
R036831,1
R007343,3
R071527,0
R093743,0
R009332,2
R032990,0
R017096,3
R095981,2
R075155,2
R000162,0
R094933,3
R059897,3
R075970,0
R087190,0
R070041,2
R030004,0
R079955,1
R058322,0
R089813,0
R027522,0
R087785,0
R008284,1
R062819,3
R001167,3
R029447,1
R025610,1
R023060,0
R071700,0
R020312,1
R082397,3
R092408,2
R091235,0
R008070,2
R007857,0
R043983,2
R030678,3
R053144,0
R098436,1
R062893,0
R031054,2
R048001,3
R074044,2
R059961,2
R024552,0
R020565,2
R093909,0
R022340,1
R065228,0
R092689,1
R012923,0
R022386,0
R026167,1
R070684,2
R061192,0
R033483,0
R013278,1
R058019,0
R098303,1
R044780,1
R069506,3
R071458,0
R089282,3
R025111,1
R014598,0
R047917,1
R039959,3
R002095,1
R051170,1
R067365,1
R022599,1
R062147,3
R049567,1
R057481,1
R046352,0
R060469,1
R097115,0
R017574,3
R097444,1
R042493,1
R088231,3
R057611,1
R088247,1
R036616,0
R088398,3
R023094,0
R031198,0
R007043,0
R046074,3
R020987,3
R043915,1
R024671,1
R040346,3
R024314,1
R033978,0
R037177,3
R028996,0
R048549,2
R048710,1
R019738,0
R005188,2
R096266,2
R029022,0
R071790,0
R024401,1
R032834,2
R071983,1
R036147,0
R011816,2
R056159,2
R057892,1
R072953,1
R021194,0
R090410,1
R004432,2
R015835,3
R013587,0
R064900,1
R073667,0
R004339,1
R016649,1
R004249,3
R051320,0
R018405,0
R013419,1
R084147,0
R067085,1
R096577,1
R025613,0
R051152,3
R074633,1
R023118,2
R043727,0
R004786,2
R080569,0
R057324,1
R009119,1
R070119,2
R029052,3
R027648,0
R030734,0
R075770,1
R041233,0
R049030,0
R035016,0
R010644,1
R074305,2
R063908,1
R097424,1
R013973,0
R059383,1
R013168,1
R042198,3
R077235,1
R051013,3
R016696,1
R010855,1
R096375,3
R030543,1
R042453,1
R005166,0
R048357,1
R027323,0
R099916,0
R085102,1
R098137,0
R083694,0
R022002,0
R023524,1
R073683,0
R052441,0
R095867,0
R060531,0
R029788,2
R081816,2
R010101,1
R051605,0
R078383,0
R075609,1
R065302,0
R020808,0
R063857,0
R075693,1
R035847,0
R071655,3
R064718,1
R055299,3
R074617,1
R085915,0
R098927,0
R028102,1
R029753,0
R019886,0
R014248,0
R051749,0
R002428,0
R027527,2
R062081,0
R071043,3
R095592,1
R004602,0
R032905,0
R038750,1
R090004,1
R006331,0
R062101,0
R040871,3
R071795,0
R075564,1
R058298,3
R044226,1
R064717,0
R025016,2
R091061,3
R009402,0
R089523,1
R044980,0
R045255,2
R034834,1
R024347,3
R084836,2
R024988,3
R055690,1
R001613,3
R059030,3
R035989,1
R090236,3
R060324,2
R010053,0
R074380,1
R095175,2
R012427,1
R066850,3
R045096,2
R052428,0
R096588,1
R067086,2
R049478,1
R086738,2
R033804,3
R049987,0
R007636,2
R096822,0
R040337,0
R084476,1
R038335,2
R090669,0
R036560,2
R016905,3
R095723,3
R027766,3
R090436,2
R097201,0
R094812,1
R089980,0
R043596,1
R056080,3
R017973,3
R095536,1
R007960,1
R041845,0
R023720,1
R097367,1
R028084,3
R047824,2
R023766,3
R034049,0
R069045,1
R053976,0
R034888,2
R022790,1
R058734,0
R064630,1
R033630,1
R065681,1
R008489,3
R012585,0
R061194,0
R033764,0
R088669,0
R064660,0
R039616,1
R044478,1
R001023,3
R073926,1
R098498,0
R098515,0
R023409,0
R053457,1
R089853,3
R001058,1
R086024,1
R051287,3
R018804,3
R034917,1
R050581,1
R043562,2
R084857,1
R081798,1
R067515,2
R083911,0
R014406,0
R027511,1
R001015,0
R001075,0
R043612,3
R053190,3
R016250,0
R062207,1
R040593,1
R097162,1
R084826,1
R096675,0
R012807,1
R046688,1
R039413,3
R066260,0
R051249,1
R082972,3
R000364,0
R055087,0
R050645,2
R045638,3
R011250,1
R036110,0
R025580,2
R007747,2
R083049,1
R025498,0
R034112,3
R067975,3
R098540,0
R034046,3
R021562,0
R076334,0
R074829,0
R018469,0
R041406,1
R010161,2
R064224,1
R018420,2
R065255,0
R077602,3
R039883,0
R030102,0
R067411,0
R081991,0
R019503,1
R067420,0
R020748,3
R004178,1
R038725,1
R099196,0
R036005,0
R010475,0
R014265,2
R060439,2
R027254,0
R087835,0
R081851,0
R005088,0
R061631,0
R029807,2
R090559,0
R074138,1
R061705,0
R037428,2
R023267,3
R034921,3
R040821,2
R034776,1
R095947,3
R069833,0
R038855,1
R026806,2
R082087,0
R048424,0
R071415,1
R097606,0
R076387,2
R051750,3
R008533,3
R099206,1
R006860,0
R087061,0
R011769,0
R037474,1
R069793,1
R000982,3
R009255,0
R063226,1
R088952,0
R067901,0
R004570,0
R080805,1
R047750,0
R049675,1
R061907,1
R052109,1
R012820,0
R019741,2
R033536,2
R086114,2
R068012,2
R018677,3
R048033,0
R077525,0
R043535,0
R009588,1
R090132,0
R043195,0
R020301,0
R076491,3
R009819,2
R072645,2
R058626,3
R072049,0
R046538,0
R003489,2
R092651,0
R005625,0
R039079,0
R090029,1
R070942,0
R079871,3
R075285,0
R017530,0
R019627,3
R012267,0
R018258,2
R014587,0
R010434,0
R078816,1
R025346,0
R056075,0
R019273,0
R099588,3
R062010,1
R040716,3
R017226,1
R041595,0
R064200,0
R052447,0
R047425,2
R012461,0
R048840,2
R073584,0
R040363,0
R082241,1
R044727,3
R044964,1
R055929,1
R093929,0
R024457,0
R034758,1
R041976,0
R057958,1
R014447,1
R099975,0
R001010,1
R003457,0
R042041,0
R030335,1
R017949,1
R070434,2
R091353,0
R035478,0
R028588,2
R081079,0
R076076,0
R055964,0
R086031,3
R057512,0
R011134,3
R042154,1
R070556,0
R067839,3
R070372,1
R036457,3
R089889,0
R093328,0
R044642,2
R097368,0
R087256,2
R025135,1
R037840,0
R051252,2
R045374,3
R019401,0
R075616,2
R044416,1
R057606,0
R062398,0
R080245,2
R059216,2
R036040,0
R005049,0
R028609,0
R018078,1
R074227,0
R090214,0
R073394,0
R024520,0
R058325,0
R026003,0
R037452,3
R098805,3
R086785,3
R086252,1
R017034,3
R042771,2
R093262,0
R060687,2
R008743,1
R069176,0
R079524,0
R041856,1
R021467,0
R062592,0
R008733,0
R068925,1
R038946,0
R029061,0
R036902,0
R081358,2
R038361,3
R018725,0
R029147,0
R004942,0
R017189,3
R055342,1
R048480,0
R000828,1
R034374,2
R087956,0
R083652,2
R052505,0
R072625,1
R068531,3
R071804,1
R055595,0
R005128,3
R074703,1
R065932,2
R051929,2
R060357,3
R001382,1
R089607,0
R077301,3
R051785,1
R016854,0
R062342,0
R075319,2
R084743,1
R081642,2
R018915,1
R063004,0
R024375,3
R044298,1
R068252,0
R035566,0
R034942,0
R010322,2
R049093,1
R012158,0
R015228,3
R013205,0
R046519,1
R010891,0
R004077,1
R026335,1
R041188,0
R084159,1
R028236,2
R019526,1
R007680,0
R097397,3
R094818,1
R021637,0
R026220,2
R039704,0
R069628,3
R090379,1
R021187,3
R052455,0
R020812,0
R076023,1
R016008,0
R072300,3
R064712,1
R048028,3
R043963,0
R074328,0
R021492,0
R048597,0
R059129,0
R077551,2
R057897,0
R019674,0
R031232,1
R013008,1
R073725,2
R095383,3
R070326,1
R093913,0
R058549,1
R076455,2
R039868,2
R016345,0
R093951,0
R080752,1
R035220,0
R002819,3
R013614,0
R095182,1
R059325,0
R009656,1
R064111,1
R027407,1
R053021,2
R061968,3
R073508,0
R085724,0
R092789,1
R005326,0
R056094,0
R087939,0
R066834,2
R043572,0
R068653,1
R002189,3
R001390,1
R086521,3
R073311,0
R012768,1
R072825,2
R000544,1
R046112,1
R023036,2
R097837,0
R037143,0
R008003,0
R055579,0
R084443,0
R036522,1
R034878,1
R019990,2
R024342,3
R098473,0
R097210,0
R014983,0
R064153,1
R019225,0
R036397,2
R020709,0
R086982,0
R020205,0
R038188,1
R075320,0
R024428,1
R029760,0
R038492,2
R098674,3
R060244,3
R099917,3
R062097,0
R098533,0
R013350,0
R092555,2
R077819,0
R096317,3
R002420,2
R072451,0
R047832,3
R078041,1
R038819,3
R010457,1
R007207,0
R051134,3
R028822,0
R019868,0
R099342,1
R087164,0
R026598,1
R065239,2
R069074,0
R017138,2
R090456,0
R009341,3
R072302,1
R056887,2
R056190,3
R028126,2
R043240,0
R006327,0
R012105,1
R088748,0
R016108,2
R050182,0
R096980,0
R049019,2
R072686,0
R025336,2
R027593,2
R027666,3
R095262,2
R079775,2
R064563,3
R057839,2
R010947,1
R013059,3
R063108,0
R036106,2
R039227,2
R043339,0
R004530,1
R027321,1
R033156,0
R032852,1
R089089,2
R076444,0
R088971,3
R010897,0
R073759,3
R052842,2
R037194,0
R099863,3
R068180,3
R037083,0
R007294,0
R013723,2
R061738,2
R089248,3
R034869,1
R037418,0
R093043,2
R005102,1
R074730,1
R034916,1
R096870,0
R001225,0
R092498,2
R022444,0
R018041,0
R095107,3
R087272,0
R090137,1
R018500,0
R003289,0
R016352,3
R007999,0
R002275,2
R073057,0
R009462,1
R085912,0
R035463,2
R007247,2
R035166,0
R018999,1
R039726,1
R037331,0
R049623,0
R010570,1
R023553,0
R067822,3
R002775,3
R025999,3
R005902,0
R022099,1
R090956,0
R014978,0
R057258,3
R036623,3
R000409,1
R073390,0
R015190,1
R064044,3
R034652,3
R057124,0
R014725,2
R061456,3
R017341,0
R000438,3
R003847,0
R035461,0
R030059,2
R096634,0
R043434,3
R070089,2
R071571,0
R069770,0
R052644,1
R089433,0
R001438,0
R094968,0
R067341,3
R079825,3
R074039,3
R029703,2
R034938,3
R089801,1
R024567,0
R033953,1
R084673,0
R049179,3
R030472,3
R040178,0
R064655,0
R032799,0
R049068,0
R063534,1
R060336,3
R006904,0
R000932,1
R083581,1
R036647,1
R015202,1
R096305,1
R089250,0
R082841,0
R003858,0
R067769,0
R081590,0
R035181,1
R061150,0
R036426,2
R021407,3
R078921,0
R026900,2
R012838,1
R050348,0
R044508,0
R014798,0
R007293,0
R066356,1
R086490,1
R022642,0
R081339,0
R061548,1
R079264,0
R055874,2
R033257,0
R039274,0
R023529,2
R061621,3
R037186,0
R005584,2
R068803,0
R054046,2
R080211,2
R003852,0
R003566,0
R080026,1
R083870,1
R099942,0
R017514,2
R075172,1
R087912,1
R013508,3
R041222,3
R028892,1
R088626,2
R033164,1
R021502,0
R082006,2
R025762,0
R003473,3
R045839,2
R043347,0
R081140,3
R019204,3
R002272,0
R012624,1
R012748,0
R090704,0
R079383,0
R058017,3
R007259,0
R012877,0
R093745,0
R070549,0
R014627,1
R052326,3
R071327,0
R072865,1
R062703,1
R001651,0
R006668,0
R006728,1
R091110,0
R012175,3
R005503,0
R002583,0
R010074,2
R008178,0
R051149,3
R039578,0
R048729,0
R057408,0
R087383,3
R035037,0
R065997,2
R062682,2
R083286,3
R016755,1
R044759,3
R092828,3
R009191,3
R081553,0
R042941,0
R007161,0
R091279,3
R042375,1
R020620,2
R080943,3
R030817,0
R033691,0
R048288,2
R078250,1
R012002,1
R097475,0
R046387,3
R070030,1
R056800,0
R026249,2
R017311,1
R062262,1
R022847,0
R096186,0
R012564,0
R009118,0
R088658,3
R038662,0
R089544,1
R043441,0
R051192,0
R096425,1
R000142,1
R097093,0
R079261,3
R076083,0
R091892,0
R066220,2
R071672,1
R003044,2
R027926,3
R002274,0
R057547,0
R051773,1
R091276,3
R079693,0
R035346,0
R053025,1
R037757,2
R053580,0
R028916,1
R079257,0
R075241,0
R028332,1
R038291,0
R020436,1
R009129,0
R052655,1
R025273,2
R098942,3
R079879,3
R057672,0
R063418,0
R011838,2
R059780,2
R072048,2
R073184,3
R093383,2
R089965,1
R031775,0
R067793,0
R087004,0
R024029,0
R003054,1
R046487,1
R019965,0
R014127,1
R001821,0
R061791,2
R002848,0
R012916,1
R067028,0
R041364,3
R051504,0
R051258,1
R098067,1
R082960,2
R098410,3
R034584,1
R094556,1
R081627,0
R028107,1
R036261,0
R071815,1
R042964,1
R017561,0
R010324,0
R050189,0
R081206,3
R094211,0
R037666,2
R007679,1
R091288,0
R015673,0
R051541,1
R042646,2
R017304,1
R041952,2
R020446,0
R096913,1
R081307,0
R034595,2
R052711,0
R020705,2
R002756,0
R092367,1
R034738,1
R097557,0
R026055,0
R069791,0
R009458,0
R061758,0
R010810,3
R029114,1
R010191,0
R091889,0
R093056,3
R083479,3
R019178,0
R065809,0
R071479,1
R088559,0
R023152,2
R084549,0
R095892,0
R095044,0
R040437,0
R046217,0
R009429,1
R035701,2
R000879,2
R007274,3
R057306,0
R029359,1
R085029,0
R051421,0
R077048,1
R083551,0
R028287,1
R083836,0
R045860,0
R051818,0
R081412,0
R000267,2
R028846,1
R021521,0
R086865,2
R076034,1
R064610,1
R016787,0
R079286,0
R068616,1
R037078,0
R061022,3
R008046,3
R054486,0
R010722,3
R096097,1
R080779,1
R012936,0
R061037,1
R043220,0
R059807,2
R041644,3
R090203,0
R076716,3
R081400,3
R051284,0
R008432,0
R056968,0
R049884,3
R007433,2
R022961,3
R094702,0
R014131,2
R091640,1
R075590,2
R090338,0
R094946,0
R075256,1
R037878,1
R039663,1
R006343,0
R043398,2
R087026,0
R021322,0
R022585,0
R032688,0
R040270,1
R078849,0
R080317,0
R084442,0
R014595,2
R005146,2
R074990,1
R055511,0
R073211,0
R077016,1
R003348,0
R099921,1
R058870,0
R064831,1
R006425,0
R035802,0
R020734,1
R037993,0
R057511,0
R053707,2
R009541,2
R051106,1
R084913,2
R026159,1
R043785,2
R020224,2
R046934,1
R092272,0
R096511,1
R064977,0
R004811,0
R019070,0
R015102,1
R006382,1
R002067,0
R034861,0
R024262,0
R005599,0
R017188,2
R004146,0
R050452,1
R047755,0
R066419,0
R004722,1
R029893,1
R017896,1
R097764,2
R053996,1
R010954,3
R059025,0
R061951,0
R046231,0
R001028,1
R098931,1
R061668,0
R090848,2
R062066,0
R058011,3
R053400,1
R090927,1
R040785,3
R086263,1
R073694,0
R031041,0
R043421,0
R068300,1
R095400,2
R045905,1
R048641,0
R026129,1
R016179,0
R075348,0
R019852,0
R087789,3
R046745,2
R036566,0
R090905,1
R095936,0
R093742,0
R086877,0
R025000,0
R076378,2
R016141,2
R019551,2
R024050,2
R028931,0
R045666,3
R003842,0
R003098,0
R070977,0
R071830,1
R049702,0
R031391,1
R019332,1
R045565,1
R034883,1
R019904,2
R027370,2
R063611,1
R078239,0
R015457,3
R075375,3
R001425,3
R025518,3
R050956,1
R009793,0
R008370,0
R046428,0
R017386,0
R058257,0
R061541,1
R001537,3
R072648,2
R054727,2
R009134,1
R030851,1
R022483,2
R055542,1
R037013,0
R043597,3
R097436,0
R070730,1
R046625,3
R049611,0
R003446,2
R016810,3
R013281,1
R070892,2
R068783,0
R070515,2
R099227,3
R024374,0
R048550,0
R063683,3
R008473,0
R050569,1
R034821,0
R088063,0
R009225,0
R069556,1
R052362,2
R037722,2
R023494,2
R040907,0
R064578,0
R085520,0
R063109,2
R045476,2
R088722,0
R096827,0
R067712,2
R075635,1
R045965,1
R055320,0
R096423,1
R000214,0
R092508,0
R074228,2
R096432,3
R006727,0
R072808,2
R033031,0
R015371,0
R051363,2
R046649,0
R038780,1
R038688,0
R006830,2
R091151,0
R024743,1
R050376,0
R049712,0
R041377,3
R032569,0
R077436,0
R092126,3
R026566,1
R048192,2
R049312,0
R057733,0
R090786,0
R029540,0
R024506,2
R010132,3
R049896,1
R030669,2
R011917,0
R041697,0
R011771,3
R053886,2
R022904,0
R067958,0
R044481,0
R075910,2
R099966,3
R045315,0
R060132,0
R093942,0
R023832,3
R017251,0
R027434,0
R070199,1
R055587,1
R044796,2
R006958,3
R063336,1
R045498,3
R003232,0
R022181,1
R013663,0
R059424,1
R040980,2
R043521,1
R000158,3
R063515,0
R061880,3
R080496,1
R075396,0
R080438,0
R063215,0
R002609,0
R065806,1
R005778,3
R097497,0
R024786,1
R063061,0
R057336,0
R020603,1
R069832,3
R073851,0
R031092,2
R040582,0
R071180,3
R084066,3
R047867,1
R080107,3
R018463,0
R048367,3
R037695,0
R094015,2
R003068,3
R025767,2
R084618,0
R083914,1
R019298,2
R073289,1
R007408,3
R097114,1
R014488,2
R029531,3
R040864,0
R050612,1
R009655,0
R002760,3
R012888,0
R096613,1
R027246,1
R040647,2
R002932,1
R069182,0
R072478,0
R036642,0
R042411,3
R054212,3
R070318,1
R087670,2
R094433,3
R077340,0
R076581,1
R003224,1
R079183,0
R040303,0
R062249,2
R023503,0
R037378,0
R095897,2
R032296,2
R067667,1
R051375,0
R068970,3
R084284,0
R031086,0
R031356,3
R007905,0
R099734,2
R047278,1
R085792,3
R054171,1
R012538,3
R019537,0
R003339,3
R071351,0
R068105,0
R033604,3
R085531,3
R071768,2
R032917,2
R010568,1
R048824,0
R015340,0
R004597,1
R043292,0
R068682,0
R068846,3
R081244,1
R075842,3
R020482,1
R012037,1
R018857,0
R030254,0
R078572,0
R082475,2
R075642,3
R055817,0
R058440,2
R060192,1
R095103,1
R051450,3
R074396,3
R079714,0
R048704,0
R030747,1
R079079,0
R046903,1
R006578,1
R076001,2
R052335,3
R066480,1
R080975,1
R066982,0
R074712,0
R086312,1
R019574,1
R094886,1
R021532,2
R043610,0
R009679,0
R049196,1
R014941,0
R011010,0
R087942,0
R003967,2
R080615,3
R034487,3
R067088,0
R041341,0
R008496,0
R045421,1
R014885,0
R052302,0
R086168,1
R051935,3
R005563,0
R039484,1
R092462,1
R043715,3
R099859,0
R061374,0
R066144,0
R096398,3
R015069,0
R089601,0
R085150,0
R030784,2
R065619,0
R007714,0
R051453,2
R066096,0
R087055,3
R078542,3
R077755,0
R044641,0
R048737,0
R031149,2
R038412,3
R011340,0
R089315,1
R098172,3
R058144,2
R018375,1
R070127,0
R092530,0
R077881,2
R087682,1
R066870,0
R012171,0
R072004,1
R079391,3
R059126,3
R039145,0
R061224,0
R087803,0
R005617,0
R030391,1
R087809,0
R075954,0
R007302,2
R016102,3
R004830,2
R076197,1
R030372,0
R067648,2
R060061,0
R088285,2
R008045,0
R041958,0
R007336,2
R064945,3
R087359,0
R015001,1
R098571,0
R057957,0
R046737,3
R004438,2
R032716,1
R092152,0
R012766,2
R097480,1
R062557,1
R096143,0
R086068,2
R076943,0
R094978,0
R087328,1
R011802,1
R022511,2
R099846,1
R027292,2
R045372,0
R023159,1
R078184,2
R088853,2
R059336,1
R075824,2
R035687,3
R043469,0
R017952,1
R070236,3
R081065,2
R085189,1
R040925,0
R011684,1
R072138,0
R016130,0
R031767,0
R068874,2
R012810,1
R063622,1
R096962,1
R022254,3
R027195,1
R070505,2
R054252,1
R084347,0
R045412,1
R061335,0
R009387,3
R063947,3
R028698,2
R068660,1
R019620,3
R050266,1
R009201,1
R076677,3
R013683,0
R022957,3
R034118,2
R045168,2
R030330,0
R007779,0
R066179,1
R013916,1
R026827,0
R028693,2
R087963,0
R019522,0
R036153,0
R086188,1
R069041,2
R009973,1
R073388,1
R081391,1
R089344,1
R072552,0
R091948,0
R096515,0
R063741,1
R069982,0
R055983,2
R053451,3
R089931,2
R087668,1
R075005,2
R021253,0
R007089,2
R059296,1
R001440,0
R019229,0
R098829,1
R069478,3
R060664,2
R059974,0
R014331,0
R060694,1
R074221,1
R024796,2
R049841,1
R052105,1
R086869,0
R029520,1
R037141,0
R067995,3
R069960,0
R069919,1
R060294,3
R015097,3
R068631,0
R054726,1
R088279,1
R022285,3
R032502,0
R038799,1
R042335,2
R047366,0
R020256,1
R073230,0
R014584,1
R034248,0
R024504,0
R013484,2
R068763,3
R020772,0
R081629,3
R021121,0
R084132,1
R096791,0
R038085,0
R079875,2
R067205,3
R047126,0
R073913,0
R026884,0
R052779,1
R029783,2
R023299,1
R038552,1
R077116,0
R041613,0
R092182,0
R038383,0
R065827,0
R050711,3
R014665,0
R085149,0
R076548,0
R059434,2
R075723,0
R018368,2
R075165,0
R009446,1
R058660,3
R001276,0
R040219,0
R040287,2
R063225,1
R043248,0
R039592,2
R004670,0
R066183,3
R048658,1
R026319,1
R060318,2
R028691,0
R097927,1
R053874,1
R041798,2
R015994,2
R028112,1
R059053,2
R055049,3
R021661,1
R019470,1
R036646,0
R007776,1
R044448,2
R069771,3
R098404,0
R030302,0
R004536,3
R042106,2
R018666,1
R030927,3
R012442,1
R046232,2
R000790,2
R057148,1
R013050,3
R080178,0
R065319,1
R048749,2
R054446,0
R081197,2
R030162,2
R037934,2
R076255,0
R014558,1
R058656,3
R077620,0
R014039,2
R083253,0
R072596,2
R080852,2
R016003,1
R019135,1
R034697,3
R087218,0
R085294,0
R035591,0
R075686,1
R017443,1
R012570,0
R018811,3
R043686,1
R069377,1
R088786,0
R096219,0
R082452,3
R085664,0
R043326,0
R064131,0
R066193,1
R073552,1
R076372,2
R003824,0
R098427,0
R037541,0
R066118,2
R018911,1
R078784,2
R050536,0
R076293,1
R014706,3
R078210,3
R080781,3
R054099,3
R088894,3
R096921,0
R077515,3
R024968,0
R092151,0
R040479,2
R015142,1
R085208,1
R045612,0
R076002,0
R047348,2
R090185,0
R090878,0
R078986,1
R099606,0
R018017,0
R041793,1
R067660,2
R016100,3
R068914,0
R050865,0
R046867,1
R079920,0
R019213,0
R055637,0
R032217,3
R022638,0
R017479,0
R050156,0
R098617,1
R040540,0
R022495,0
R025680,1
R080124,3
R022368,0
R030419,0
R061029,1
R007395,2
R050435,0
R083785,0
R096072,0
R002030,1
R088890,1
R002359,0
R021267,1
R075247,0
R049386,0
R043308,0
R025840,2
R013115,1
R034158,0
R024082,1
R091374,0
R051979,3
R060405,3
R068217,2
R078158,1
R037855,2
R075055,3
R084534,0
R009923,0
R012025,0
R020211,0
R020717,0
R040034,2
R069499,3
R005408,0
R019136,2
R055987,0
R065690,0
R089765,0
R079737,2
R094731,1
R057695,0
R061230,0
R059562,3
R053642,2
R075796,0
R095281,1
R061663,0
R074225,1
R049171,0
R025315,1
R028218,0
R061247,0
R045993,1
R066146,1
R066385,3
R035120,0
R063703,1
R027795,1
R094507,2
R056781,0
R058829,0
R077425,0
R079496,0
R026411,0
R074081,1
R089259,3
R036219,0
R022982,0
R094248,3
R010952,0
R099191,1
R024924,0
R045968,0
R009202,0
R022880,0
R022282,0
R013555,0
R084166,0
R071156,1
R091240,0
R054185,0
R087450,0
R027448,3
R005658,0
R016886,0
R077651,0
R080967,0
R041228,0
R089091,3
R010535,2
R040709,1
R062128,1
R043074,0
R066286,2
R090390,2
R076098,2
R023246,0
R013394,3
R004949,0
R095584,1
R033711,0
R023828,1
R000262,0
R050191,1
R091376,2
R074093,0
R044255,0
R015322,3
R034553,1
R016674,2
R078036,3
R098808,0
R075414,0
R010775,3
R009911,0
R036154,0
R092882,0
R017590,0
R028449,3
R001105,0
R052104,0
R032649,2
R087882,0
R036631,0
R068569,2
R099039,0
R061798,0
R050590,0
R060924,1
R025477,0
R090818,3
R080449,2
R085611,0
R010414,0
R016372,1
R029605,2
R080206,0
R027675,1
R039722,3
R009904,1
R013908,0
R087933,0
R053901,0
R084107,0
R020431,0
R066464,0
R050531,3
R049458,2
R077069,0
R037782,0
R021268,0
R039723,0
R051762,1
R025788,3
R038543,1
R082255,3
R024326,1
R030551,0
R033746,0
R026140,1
R093384,0
R084327,0
R082431,0
R088978,3
R022210,3
R053878,0
R045097,0
R090551,1
R090446,0
R012821,0
R041555,1
R002466,0
R009939,2
R002255,0
R015399,2
R034574,3
R018159,0
R050689,1
R091677,0
R059318,3
R024406,0
R013901,0
R011631,0
R079175,0
R039864,0
R001331,0
R031903,2
R019727,1
R011956,2
R081608,3
R070101,0
R052682,1
R028610,1
R087415,0
R072971,0
R030323,1
R072406,2
R051250,0
R045855,2
R037158,0
R094536,0
R033830,2
R077416,3
R030488,1
R045988,0
R003770,2
R002144,1
R086855,2
R038599,3
R032208,0
R061620,1
R088849,0
R086661,1
R064781,0
R090490,0
R050627,0
R091517,1
R035101,3
R034693,0
R092106,2
R098861,0
R092970,0
R023474,3
R028863,0
R099337,0
R050384,0
R057277,2
R045722,0
R076809,1
R002858,0
R013421,0
R099940,0
R031340,0
R059639,0
R071310,1
R066382,1
R047074,1
R011344,3
R062584,1
R002814,0
R025131,0
R041338,0
R056085,1
R053506,1
R051362,2
R002217,0
R081832,3
R096574,3
R047992,2
R082415,1
R093706,0
R016656,1
R057829,0
R058880,0
R050927,3
R061604,3
R057036,1
R016214,3
R022388,1
R080437,3
R076681,3
R093488,2
R016753,3
R018417,2
R064100,3
R046227,0
R085768,0
R009755,3
R002178,0
R019425,2
R063040,0
R086526,0
R094913,0
R003538,0
R007540,1
R069270,3
R069431,3
R051860,0
R066109,0
R076465,3
R010569,2
R000940,1
R078117,1
R096985,1
R033769,1
R051716,1
R046486,1
R099630,0
R039984,1
R020266,1
R093365,0
R096902,1
R035590,0
R077367,1
R007094,1
R051944,2
R016137,2
R009584,0
R016502,1
R076703,3
R099813,1
R054752,1
R034063,2
R010729,1
R091244,1
R000111,1
R006756,3
R022938,1
R060408,0
R050770,3
R001715,0
R041070,0
R085996,0
R065464,3
R097250,0
R079799,2
R042032,0
R047127,2
R016920,3
R081427,3
R066325,0
R074673,1
R056471,1
R082595,0
R030776,0
R090648,3
R077790,0
R072485,0
R063285,3
R083814,0
R059173,1
R070703,0
R007866,1
R061578,0
R091638,1
R030750,2
R053862,3
R069213,1
R085087,1
R069611,2
R046317,1
R082034,2
R016494,0
R054723,3
R050561,0
R031843,0
R041193,3
R043455,0
R034116,0
R008953,0
R025895,0
R054769,1
R089328,0
R057612,2
R020011,1
R099553,1
R015169,0
R029454,0
R003691,0
R068935,0
R035932,0
R034901,0
R010746,0
R072966,0
R086673,1
R014316,0
R085752,0
R063854,1
R028110,3
R025682,0
R086275,1
R059930,0
R002246,0
R007979,0
R061023,3
R014311,1
R077564,1
R077017,0
R001084,0
R053735,0
R027106,2
R039468,0
R045874,0
R061629,0
R014505,3
R000901,0
R086859,0
R081711,2
R099532,0
R021593,3
R016059,2
R098895,1
R038924,3
R087233,1
R024238,0
R039381,0
R032869,1
R020193,1
R071842,2
R020552,0
R030263,1
R057293,3
R077161,0
R044750,0
R034229,0
R040697,0
R019534,1
R073699,1
R059801,0
R014293,0
R020568,1
R079188,0
R077131,2
R033396,1
R077658,2
R049375,0
R055508,0
R050643,1
R046270,0
R070510,0
R039777,1
R005357,2
R004400,0
R060799,1
R058505,0
R043126,1
R067626,1
R008349,1
R044157,1
R097174,1
R083003,2
R067956,0
R038163,1
R067002,0
R096075,1
R080920,0
R000353,0
R024996,0
R090999,2
R072132,0
R077559,3
R081097,3
R001219,2
R064988,1
R039681,2
R028471,2
R017187,2
R016142,1
R083768,0
R092169,2
R029889,0
R094236,0
R023903,3
R046888,0
R094732,2
R006996,2
R053196,0
R001247,0
R095179,1
R086555,0
R040511,0
R039248,0
R003650,3
R081163,0
R034736,0
R086906,3
R014027,1
R014393,1
R041535,0
R096966,2
R095221,1
R027177,3
R035912,0
R023210,1
R010573,0
R005517,3
R072123,0
R018921,0
R023016,0
R021902,1
R095367,0
R063453,0
R061883,2
R048764,2
R034940,3
R014402,1
R051902,2
R048728,0
R077621,0
R029262,1
R065953,3
R028991,1
R033683,0
R042694,0
R026229,0
R058960,2
R000309,2
R082793,1
R081603,0
R025187,1
R000405,1
R049115,0
R074456,1
R064860,0
R099672,1
R075797,1
R079936,1
R030470,2
R054408,0
R060981,0
R025833,1
R043470,2
R014030,1
R021855,1
R094142,3
R005221,1
R061984,0
R007454,0
R008094,1
R039813,2
R025536,3
R039216,0
R056254,2
R011924,2
R041944,2
R067150,0
R063536,0
R018447,0
R097410,3
R063407,3
R088065,0
R094399,1
R069293,1
R089794,0
R014974,0
R060732,0
R017825,0
R035678,2
R069221,0
R069014,0
R033214,0
R086206,1
R060022,0
R018208,0
R031136,0
R074569,3
R000090,2
R016979,0
R014398,2
R088587,0
R086957,0
R005387,1
R033202,2
R017329,3
R031289,0
R030740,1
R060911,1
R015017,1
R086765,0
R098251,0
R081961,2
R011024,3
R053964,0
R040699,3
R036218,3
R018202,0
R095376,1
R027530,2
R006422,0
R036045,3
R046957,3
R061965,0
R073465,2
R002198,1
R010221,2
R070496,2
R031223,0
R007170,0
R022439,0
R082388,0
R046032,0
R063554,0
R036067,0
R010548,2
R062304,0
R084164,2
R026507,0
R082491,0
R065100,2
R077810,2
R094711,1
R073235,0
R066677,3
R067379,0
R086454,2
R022478,0
R059710,3
R002759,0
R001452,3
R002045,3
R076161,1
R010586,3
R010959,3
R026986,3
R022755,2
R019895,3
R040126,0
R093002,3
R064930,2
R061244,0
R049686,0
R028056,1
R009210,1
R057718,2
R010638,2
R056776,2
R031502,2
R071723,2
R073422,1
R061238,1
R006799,0
R019022,2
R081970,0
R015909,3
R027909,1
R036482,3
R045024,0
R057908,0
R000027,0
R043871,0
R067441,3
R068512,2
R086593,0
R044594,0
R045442,1
R055942,3
R094207,0
R064022,3
R007195,0
R068320,2
R022142,0
R041007,2
R044456,1
R027973,0
R059651,0
R064291,3
R094708,1
R045783,0
R028029,0
R086699,2
R069896,3
R068868,0
R000858,0
R074382,3
R005287,1
R026373,0
R074764,0
R078372,3
R046007,2
R042127,3
R067314,0
R095588,2
R099333,0
R008773,3
R045924,2
R076759,1
R081876,2
R023654,3
R099648,0
R063664,3
R084262,1
R035103,2
R025309,0
R079478,0
R075644,3
R055534,3
R037753,0
R074438,0
R041367,0
R077103,2
R071974,1
R060727,2
R011202,0
R073775,0
R031646,0
R014440,1
R093055,1
R007327,1
R085483,1
R022766,0
R093812,0
R037514,1
R062828,2
R012207,3
R064733,1
R045251,2
R022764,0
R094791,2
R072932,0
R039992,0
R090163,3
R089225,0
R073971,3
R018599,3
R063636,0
R068977,2
R089319,1
R010802,0
R061555,1
R049078,1
R040652,1
R087286,1
R029866,0
R016217,0
R091595,0
R018892,0
R015993,3
R054877,1
R036680,0
R087094,0
R044760,0
R083828,2
R036002,1
R068356,2
R001035,3
R070574,1
R023166,1
R029102,0
R043465,0
R061579,0
R036672,1
R086582,0
R084422,1
R061918,0
R003211,0
R003242,3
R057847,1
R094602,0
R080704,3
R078870,1
R093739,0
R012652,1
R031062,0
R013269,3
R016291,1
R035212,0
R003968,0
R036844,0
R086222,2
R022338,3
R013567,1
R007529,1
R040033,0
R045432,3
R056327,0
R049438,3
R032486,3
R016955,0
R010087,3
R057286,1
R047685,0
R061404,2
R069119,2
R084231,0
R018542,3
R078231,0
R035093,0
R049145,1
R093157,2
R044970,1
R024625,0
R002050,2
R064303,0
R021035,0
R068913,0
R060229,3
R071553,0
R076722,0
R067637,0
R044763,1
R068892,3
R032501,1
R050919,0
R045659,1
R037787,1
R045308,3
R094726,0
R023233,3
R096495,1
R099192,1
R088908,2
R024040,0
R091482,1
R030755,2
R019588,0
R009192,2
R022028,0
R086387,0
R027463,3
R031359,1
R069667,0
R078805,0
R049369,0
R058813,0
R016185,0
R099972,0
R052048,0
R049254,2
R073538,0
R045603,3
R040341,0
R079628,1
R071168,0
R029652,0
R099568,0
R049345,1
R042671,1
R036279,0
R059851,3
R020131,3
R075269,0
R010379,3
R056414,1
R079915,1
R049963,0
R079487,0
R024736,2
R013252,0
R098014,3
R061972,0
R065633,1
R007251,1
R073242,0
R060421,1
R053916,0
R092899,0
R048210,3
R070291,0
R096519,2
R027107,0
R052206,0
R082502,0
R027768,1
R069146,3
R019754,0
R068673,0
R084675,0
R022460,1
R003698,2
R086974,0
R087694,0
R017340,1
R085988,1
R011742,1
R070771,0
R069706,2
R009447,2
R079553,3
R055371,0
R022325,0
R063203,3
R056729,1
R002389,1
R014695,1
R095559,2
R026322,1
R053344,3
R051403,1
R057889,0
R016961,0
R086997,2
R013651,1
R015820,2
R051654,0
R009823,0
R022569,3
R058458,0
R050550,1
R077578,2
R070137,3
R054321,2
R062887,2
R060802,0
R003992,0
R096714,1
R024339,3
R003205,1
R017376,2
R056020,3
R086033,0
R021651,0
R081305,2
R089532,0
R022005,3
R037802,1
R071961,0
R076080,0
R022623,0
R094864,0
R080407,0
R062827,1
R076115,1
R099538,3
R091522,0
R092695,0
R065949,2
R055505,1
R019869,0
R076713,0
R037239,1
R021721,1
R091305,2
R008900,2
R011254,1
R072840,0
R087477,3
R003841,0
R057546,0
R067386,0
R057564,2
R040576,2
R024731,1
R037198,1
R053459,1
R079884,0
R090139,3
R021052,0
R019449,2
R058292,2
R039147,1
R033303,1
R088060,2
R070037,3
R050744,1
R055547,1
R007414,2
R089600,0
R070907,0
R032657,2
R014730,0
R045815,0
R017223,0
R053748,0
R080292,0
R053643,0
R009101,0
R029279,3
R047889,0
R009933,2
R053958,0
R075164,1
R052866,1
R069207,3
R002421,0
R040091,1
R095676,0
R000619,1
R042243,2
R008605,0
R007105,3
R014822,1
R042733,1
R035988,0
R043625,1
R075466,3
R080939,0
R044613,3
R028080,3
R027537,0
R032016,2
R071379,3
R084102,0
R079136,0
R048673,1
R056843,0
R024096,0
R001925,3
R087550,2
R080404,1
R086273,3
R035908,0
R011154,3
R067222,2
R058683,0
R028541,0
R036694,0
R058339,3
R054887,1
R003156,0
R078855,3
R085229,0
R003430,0
R045868,1
R023172,1
R016461,2
R035753,3
R058484,3
R061065,0
R074937,2
R052045,0
R050052,3
R085830,3
R038849,0
R020686,1
R091292,1
R050861,3
R092992,1
R020885,0
R065870,1
R017192,1
R090284,2
R070691,0
R034225,3
R038658,0
R005344,0
R041515,2
R066097,0
R076785,3
R084451,1
R073492,2
R050866,1
R027710,2
R046533,0
R051278,3
R092996,0
R031025,2
R089854,3
R054466,1
R077617,1
R053524,1
R007147,1
R028620,0
R023514,1
R014697,1
R039934,2
R072408,0
R088228,0
R045559,2
R036472,0
R019238,1
R029336,0
R087504,0
R022175,0
R035682,0
R043581,3
R088399,3
R048586,0
R009173,1
R004025,0
R031416,0
R066445,3
R014571,2
R042342,1
R064115,1
R074570,0
R069133,3
R018342,0
R096510,3
R040657,0
R061881,0
R064388,0
R010358,2
R034204,1
R078193,1
R057222,0
R001972,1
R066261,2
R047963,0
R035587,2
R087798,1
R006736,3
R018991,1
R008153,1
R096046,1
R065548,0
R033200,1
R036306,0
R094934,1
R073015,1
R012985,2
R054647,0
R018324,0
R031455,1
R040845,2
R090499,1
R044237,1
R016524,2
R067416,0
R076313,3
R010116,2
R048592,2
R019837,0
R044208,1
R078180,1
R067122,3
R031126,2
R018956,3
R051179,2
R088874,2
R004636,2
R090411,2
R047975,3
R098337,0
R066007,1
R019734,2
R065457,2
R094419,2
R013561,0
R066706,2
R005763,0
R018205,3
R023340,3
R017592,0
R077269,3
R084400,3
R097763,2
R046502,3
R055319,2
R055655,3
R067278,1
R082561,1
R067243,0
R002683,2
R048875,1
R038284,0
R030711,3
R093049,1
R086542,0
R053879,2
R055531,0
R085252,1
R005230,0
R005827,1
R036570,0
R099069,2
R023167,2
R004943,1
R035702,0
R016814,1
R025117,3
R084904,1
R065043,0
R086657,3
R056838,3
R085809,0
R014288,3
R001309,0
R091547,2
R063327,0
R004683,0
R009359,3
R038773,3
R013890,3
R088074,3
R085961,1
R039646,0
R082951,2
R096135,3
R070038,3
R004414,2
R044221,0
R038112,0
R090593,3
R089781,0
R097645,0
R084099,1
R036991,0
R057314,0
R073757,2
R023893,3
R089802,0
R070654,1
R006617,1
R042178,0
R071483,0
R065140,2
R063256,3
R035136,1
R077280,3
R032403,0
R089301,0
R000023,0
R027823,1
R043856,0
R008843,1
R023892,3
R049166,0
R066792,2
R085865,0
R018430,2
R007164,3
R012573,3
R077549,0
R080572,3
R078581,0
R076925,1
R043897,1
R079373,0
R087719,2
R042965,3
R058704,3
R023091,0
R074576,0
R045817,3
R018624,2
R094299,0
R006916,0
R069006,0
R099741,3
R048052,1
R001307,0
R037736,1
R091664,1
R051142,2
R009361,0
R094894,0
R071733,2
R078304,0
R042827,1
R059354,3
R050708,0
R002772,1
R070916,2
R076029,2
R039367,1
R017912,3
R044962,2
R045347,1
R019041,3
R083450,0
R031347,3
R096848,0
R099459,1
R075856,1
R082940,1
R076326,2
R024845,0
R068247,0
R077677,2
R007472,0
R069008,0
R034299,0
R088084,1
R008173,0
R051062,0
R012915,2
R098851,2
R088557,1
R026301,3
R051488,2
R025301,3
R068800,3
R015957,1
R051524,2
R061550,1
R083495,1
R091032,0
R065371,2
R023148,1
R057266,3
R028057,1
R069249,3
R010292,1
R017236,1
R087229,3
R099034,1
R009067,0
R045415,1
R004239,2
R058653,1
R005675,0
R017906,2
R036094,2
R066075,0
R018881,2
R062655,0
R018398,0
R023850,2
R031745,3
R084797,1
R084286,0
R016764,1
R081863,0
R085134,0
R041673,0
R047368,0
R086570,0
R072533,3
R039850,1
R083513,0
R033957,2
R003154,0
R010124,1
R083613,2
R049294,0
R065099,0
R099309,3
R012280,0
R091390,0
R025663,0
R033493,0
R020949,3
R016271,0
R060985,1
R037042,0
R061392,0
R028342,2
R061864,2
R087385,3
R023722,1
R006800,1
R064756,0
R082486,0
R060890,3
R077992,1
R028615,2
R022878,2
R079874,2
R058681,1
R049754,1
R053103,1
R096151,0
R089073,2
R089458,0
R081217,0
R013593,0
R089307,2
R071880,2
R026034,3
R030305,1
R045316,0
R076719,3
R064381,0
R003898,3
R024400,2
R057950,2
R012854,0
R023335,1
R096819,1
R089066,1
R051135,0
R082042,3
R009004,2
R080713,0
R048075,0
R014141,1
R069071,0
R062111,0
R027224,0
R010022,0
R089333,3
R008354,2
R072456,2
R091478,0
R009030,0
R006811,1
R019920,3
R069819,1
R032875,0
R003327,0
R050282,1
R045957,0
R015720,2
R082183,0
R061416,1
R040131,0
R000485,0
R011125,0
R045179,1
R023366,1
R042888,0
R068812,0
R052591,1
R027379,3
R003028,0
R062317,0
R036742,0
R017867,3
R029722,2
R062728,0
R071594,3
R030681,0
R069350,2
R035194,0
R009552,1
R031639,0
R042466,1
R078568,3
R038986,0
R013382,1
R037950,3
R007827,0
R022784,1
R030025,0
R094597,3
R047489,3
R090628,2
R082180,2
R030540,0
R066524,1
R056177,1
R013942,0
R002929,1
R041119,0
R073366,0
R079434,0
R019792,0
R021775,1
R044941,0
R016037,0
R079325,1
R023053,2
R023706,0
R081382,0
R099077,1
R021213,1
R075111,2
R082968,1
R097151,2
R018409,3
R016685,1
R063157,0
R095504,1
R031691,1
R058182,0
R081234,0
R087738,1
R085602,0
R003153,1
R043067,2
R078566,0
R008161,0
R031330,1
R032349,1
R059633,1
R031993,1
R076880,0
R084261,1
R005296,0
R093016,1
R038820,2
R073124,3
R019397,0
R010690,3
R086588,0
R080953,1
R083314,0
R099289,1
R045405,3
R069302,0
R007739,0
R087479,0
R048124,2
R041074,0
R066887,0
R099042,0
R045807,0
R076003,0
R069264,2
R050218,1
R002837,3
R094577,0
R023914,3
R083575,1
R082864,0
R086617,2
R084394,0
R091845,3
R094151,1
R020659,1
R061771,0
R012795,0
R008266,1
R074201,0
R016058,0
R027114,0
R063929,0
R053235,2
R059486,1
R063520,1
R074860,3
R092409,0
R036740,1
R078492,1
R036483,1
R034076,0
R006019,0
R071698,2
R032224,2
R091770,1
R065773,3
R039151,0
R092698,2
R065301,1
R010819,2
R062320,3
R077361,1
R084039,2
R082072,2
R072094,0
R072206,3
R069214,1
R086409,0
R056788,3
R084239,0
R013892,3
R065359,1
R097191,0
R095399,3
R079471,0
R075656,3
R082038,3
R056518,0
R055390,0
R072253,1
R056239,2
R062599,0
R064565,0
R083695,3
R049194,0
R003017,0
R064058,1
R074904,2
R072199,3
R026139,0
R042388,1
R072358,2
R071634,0
R020693,1
R034960,2
R000464,3
R078144,1
R076217,1
R096549,0
R067194,1
R056044,1
R021804,2
R023960,2
R025057,0
R026999,0
R086985,2
R090012,2
R065789,3
R007260,0
R070580,0
R035817,3
R093266,2
R044886,0
R032113,0
R041846,2
R037811,0
R073941,0
R033577,0
R078964,1
R037558,0
R061083,0
R046652,0
R016414,0
R096661,0
R013235,1
R024719,0
R034021,0
R035188,1
R007383,0
R084830,2
R006226,1
R088615,2
R031551,0
R004009,1
R061739,1
R066744,2
R062215,1
R063443,2
R086433,1
R006634,3
R089512,1
R049928,0
R005398,3
R090542,3
R061858,0
R036691,2
R017660,1
R077220,0
R066397,1
R092229,2
R046412,3
R018572,1
R053175,0
R017629,1
R088229,0
R062389,2
R016145,2
R000277,0
R034654,2
R043054,3
R037044,3
R003516,0
R067547,0
R023846,3
R017992,0
R017242,0
R044660,2
R011322,1
R017830,3
R060459,3
R096311,0
R056222,1
R027460,0
R000988,0
R012231,1
R076564,1
R075714,0
R006796,2
R098253,2
R020442,3
R097818,0
R031705,3
R080915,0
R011833,2
R049808,1
R042166,0
R030780,0
R015025,1
R002896,3
R019765,3
R031441,1
R050818,1
R022720,0
R082254,1
R036877,1
R060411,2
R079778,0
R076122,0
R073457,3
R044643,1
R073921,2
R007995,1
R060582,1
R029162,3
R088884,1
R011616,2
R020104,1
R095180,1
R053181,3
R048440,2
R095934,1
R096391,0
R011732,3
R090308,2
R094305,0
R016507,1
R042980,1
R007611,3
R025977,0
R074325,2
R003619,0
R055104,0
R073525,0
R090075,2
R095301,0
R003101,1
R066910,1
R023329,0
R021091,0
R053624,0
R088737,0
R074376,0
R054912,0
R078790,0
R022661,2
R006948,3
R078080,2
R043974,0
R053063,0
R066165,3
R041902,0
R013528,0
R007554,0
R036443,0
R036104,1
R052757,2
R099150,2
R033040,1
R063489,1
R040996,2
R040780,2
R045192,0
R012208,2
R021789,0
R049738,0
R092883,0
R037994,0
R043403,0
R077762,0
R007154,3
R048456,2
R004579,2
R042970,0
R062665,0
R035712,1
R095285,1
R072427,1
R066951,3
R010187,0
R008211,2
R085975,0
R091883,0
R001555,0
R022981,0
R034804,2
R031137,0
R063662,0
R080982,1
R078523,2
R050059,2
R088161,1
R013527,0
R064584,0
R010950,0
R010561,3
R069914,0
R052080,2
R086732,1
R077907,2
R012845,1
R039755,1
R084207,2
R012632,0
R042605,0
R093605,2
R048953,0
R080150,1
R092000,0
R021578,0
R020492,3
R033161,0
R091816,1
R039960,0
R063589,3
R079897,2
R071986,1
R026432,0
R062793,2
R029530,2
R033076,0
R023639,3
R028486,0
R027454,3
R000002,2
R019902,0
R017814,1
R016062,0
R076289,1
R023401,1
R016852,0
R056178,0
R035830,3
R031133,0
R031382,0
R025823,2
R091369,1
R072046,0
R003565,1
R061292,1
R041548,3
R082643,0
R036036,0
R060323,1
R043056,2
R091051,0
R079181,0
R021645,2
R013947,0
R035470,0
R099539,3
R059981,3
R059675,0
R066209,0
R076345,1
R054918,0
R094683,0
R036599,0
R057765,0
R078376,3
R012246,0
R081093,1
R005216,0
R019967,0
R031298,1
R046755,1
R003879,2
R065454,0
R022230,3
R083812,0
R067455,3
R082626,0
R080394,1
R066783,0
R071889,1
R076777,0
R094110,1
R089819,2
R083238,2
R003649,1
R068782,2
R020026,0
R039443,0
R057585,0
R093054,0
R060766,0
R066036,0
R090265,0
R020091,1
R080012,3
R063825,1
R033120,3
R039461,1
R046449,1
R050819,0
R011301,1
R026456,0
R041008,2
R029687,2
R027113,0
R067714,3
R087759,1
R068463,0
R085184,0
R096172,1
R080981,1
R036835,0
R068060,1
R039821,3
R031335,2
R018458,0
R079327,2
R056763,0
R047253,0
R069676,1
R086635,2
R065874,2
R071387,2
R087294,0
R067611,0
R034539,1
R053689,0
R005646,1
R079295,1
R064377,1
R074470,1
R049387,1
R071923,3
R027600,0
R026362,3
R044725,1
R045263,0
R071466,0
R079541,3
R003113,0
R060918,1
R047951,1
R080849,3
R025674,2
R091246,2
R015454,0
R032164,1
R078943,0
R062221,1
R080433,0
R014303,1
R000539,1
R047106,0
R060114,1
R015354,0
R046670,1
R046158,0
R075630,0
R058278,3
R002423,0
R044996,1
R004853,3
R020816,0
R031914,0
R013978,3
R014744,2
R092270,0
R013075,0
R008950,3
R025681,0
R001302,2
R061595,0
R008841,0
R034206,0
R083872,1
R007139,0
R082497,0
R001288,0
R069166,1
R097581,1
R011894,0
R000218,1
R087431,0
R044195,0
R032453,1
R088026,3
R012694,0
R066923,3
R055521,3
R044858,1
R019092,2
R059198,1
R007854,0
R076898,0
R070868,2
R024843,3
R045384,0
R035126,0
R092471,2
R011776,1
R094160,2
R094465,1
R078864,1
R020643,1
R098543,1
R057289,2
R079293,1
R030934,0
R050069,2
R017965,1
R030795,1
R091625,1
R026092,2
R020661,1
R002800,3
R039707,3
R003677,3
R055297,0
R082938,0
R098300,1
R026396,0
R095712,0
R082730,0
R005237,0
R048158,2
R052164,0
R036964,0
R086898,1
R072144,0
R012879,2
R063594,0
R050777,0
R063859,1
R086148,0
R079538,0
R055981,0
R028373,1
R098953,2
R051010,0
R009686,2
R076712,2
R051114,1
R091164,3
R067865,1
R001169,2
R099565,3
R055927,0
R056208,1
R010517,1
R009237,1
R041906,1
R066786,2
R001487,0
R043190,1
R090933,0
R064491,3
R089880,1
R096136,0
R019064,0
R052041,0
R033101,1
R009834,3
R045706,0
R018644,3
R014958,1
R020020,0
R013715,2
R090350,0
R078539,0
R059991,2
R063260,0
R021147,0
R079491,3
R038617,1
R048560,3
R007455,0
R030612,0
R023987,0
R082119,0
R079641,0
R077111,1
R069390,0
R068477,0
R083410,0
R066215,0
R040459,3
R053332,1
R001451,0
R017536,0
R085853,0
R054239,0
R027855,0
R012320,1
R098270,3
R098580,2
R019637,0
R034701,1
R020354,0
R014582,1
R035165,0
R073214,0
R018053,0
R055340,2
R097087,0
R071317,1
R029996,0
R015571,3
R005705,1
R063479,0
R012484,0
R046718,3
R040173,1
R004417,0
R075050,2
R069367,0
R007936,3
R039610,2
R036967,2
R033640,0
R037888,0
R016091,1
R095746,0
R083194,0
R072397,1
R047657,0
R033766,0
R022952,1
R032773,3
R016129,3
R002866,0
R029663,1
R022323,2
R007060,0
R090668,3
R020077,0
R027389,2
R068381,1
R013629,1
R020667,3
R049172,0
R063885,1
R022435,1
R086506,1
R002989,2
R094243,0
R087571,2
R038836,0
R083047,2
R037082,0
R082713,0
R051341,0
R036244,1
R010564,0
R086384,0
R097738,2
R086400,3
R045878,0
R025232,0
R098993,0
R076781,0
R055952,0
R058271,1
R050822,1
R076189,1
R052642,2
R089221,2
R093610,0
R070112,2
R069315,2
R072987,3
R044099,1
R093869,0
R034790,1
R010234,0
R008451,3
R042064,0
R060843,3
R080014,2
R068450,2
R064157,2
R064975,0
R074082,0
R059665,1
R029210,0
R013649,1
R056155,1
R095810,1
R014351,0
R050855,0
R066342,0
R080331,0
R085257,3
R007182,0
R031142,0
R094349,0
R047683,1
R051419,0
R033132,0
R072990,1
R054126,2
R094854,2
R019687,3
R099210,1
R053525,0
R088058,0
R043297,1
R048590,2
R072952,0
R017218,0
R062718,2
R054399,0
R035426,1
R040242,0
R077654,2
R084074,1
R072500,0
R019707,1
R070307,1
R082118,0
R067027,0
R093867,3
R071606,3
R075025,1
R012498,0
R077134,0
R047084,0
R065626,2
R002722,0
R079692,1
R046572,1
R067450,2
R064892,3
R081233,3
R024038,0
R008474,1
R012848,0
R029735,0
R004481,1
R071128,1
R042201,2
R035284,2
R044194,0
R046707,2
R045774,1
R006770,2
R014087,3
R066892,1
R043691,0
R099929,1
R026580,0
R054585,3
R072914,1
R001587,0
R013637,0
R091802,0
R071082,0
R093228,1
R085756,0
R080199,3
R083601,1
R090840,0
R046975,0
R042495,1
R052038,2
R046122,1
R003969,1
R040003,3
R069898,0
R051825,0
R096434,0
R058434,2
R064651,2
R011107,0
R063050,0
R018317,1
R013443,1
R084751,1
R096452,0
R014510,0
R061367,3
R061609,1
R047773,0
R085977,2
R072315,1
R006851,2
R085983,2
R068140,1
R007162,0
R068055,3
R036649,0
R000750,0
R002611,2
R062692,3
R068629,3
R077576,3
R013259,1
R004230,1
R039790,1
R074344,1
R032950,3
R081445,1
R028063,1
R027166,0
R008715,0
R089956,1
R054882,0
R009856,0
R059715,3
R024835,1
R009592,3
R060414,0
R095679,3
R072548,0
R084127,3
R028958,1
R088130,3
R016525,1
R066721,3
R067392,2
R054936,2
R021512,2
R061078,2
R092527,0
R019903,3
R056676,2
R026610,0
R097490,3
R050194,0
R023201,2
R091045,1
R055225,0
R046089,0
R091874,0
R038757,0
R094706,0
R035911,1
R025975,3
R025169,2
R066367,1
R069592,1
R056562,0
R096612,0
R079832,0
R045328,0
R054836,2
R055048,1
R064429,1
R047478,1
R072752,0
R044644,3
R087591,2
R045253,0
R034943,2
R038381,0
R029979,0
R035683,0
R010653,3
R005079,1
R066494,0
R099288,1
R062210,3
R096978,2
R089051,0
R073129,2
R083554,1
R054641,0
R003735,1
R053284,1
R048839,3
R016484,3
R074706,3
R077402,0
R095939,2
R026434,1
R026271,1
R081833,0
R098875,1
R089635,1
R028245,2
R096565,2
R002749,1
R075213,0
R024210,3
R074530,0
R019010,0
R034143,1
R033618,1
R034327,0
R012781,0
R062610,3
R018194,1
R011368,0
R069338,0
R000635,0
R022056,1
R068091,0
R035553,0
R064583,0
R037882,0
R073744,2
R034077,1
R081582,1
R080018,0
R072428,2
R059671,0
R056590,0
R005857,0
R079495,0
R002720,2
R036481,0
R064667,0
R043565,0
R064838,1
R095932,1
R049303,1
R043708,0
R023782,0
R039093,0
R094959,0
R052325,2
R021114,3
R041157,0
R090990,0
R005453,0
R067012,0
R007350,1
R044130,3
R083633,1
R028154,3
R028249,0
R046004,1
R075764,3
R016263,0
R078265,0
R012726,1
R014896,1
R011007,1
R032791,3
R075976,0
R012508,2
R042571,1
R046286,1
R008685,0
R054528,2
R020888,0
R099187,0
R055644,1
R060749,0
R017997,2
R024690,0
R080272,0
R001468,0
R072104,0
R057379,3
R064571,0
R043239,0
R013492,3
R044361,0
R063698,0
R010629,1
R020591,1
R082696,2
R080677,0
R035588,1
R066856,0
R089024,2
R048691,3
R013002,2
R057013,1
R050389,3
R074479,0
R056916,0
R029113,3
R017048,0
R030627,2
R075834,0
R023816,0
R035218,0
R023162,1
R037426,0
R026240,2
R011720,2
R082764,0
R049200,0
R081431,0
R011204,1
R009017,2
R036293,0
R024239,2
R032379,0
R055984,0
R079288,0
R043164,1
R053047,1
R064240,0
R099723,0
R056382,1
R027639,0
R003734,2
R086440,1
R072072,0
R072084,0
R056229,3
R089298,0
R013148,0
R073705,0
R080755,2
R087557,2
R028369,0
R083070,1
R005186,2
R087573,1
R045608,0
R031514,2
R082773,1
R078904,0
R051364,2
R092949,0
R056125,3
R013471,3
R042402,0
R088490,2
R046338,3
R084765,1
R061460,1
R001261,2
R051544,2
R004706,3
R084168,0
R031096,3
R082900,3
R020884,2
R004220,3
R017665,3
R056248,1
R025995,0
R085503,2
R050050,1
R046180,0
R037061,1
R082333,0
R073345,2
R009522,0
R031052,3
R041500,0
R050632,2
R057731,0
R061409,0
R007721,2
R074814,1
R013915,3
R085870,0
R046259,2
R025321,1
R036323,0
R000094,1
R074434,0
R065649,1
R079031,3
R070507,3
R087012,0
R057846,0
R058786,0
R033427,3
R069946,2
R058518,2
R046014,2
R025311,0
R031708,1
R092180,0
R073244,2
R041507,2
R053455,3
R070462,2
R068070,0
R088214,0
R068158,0
R064420,3
R042059,0
R082013,2
R027194,0
R069684,1
R041801,2
R062757,0
R056103,0
R001267,0
R003910,2
R038720,1
R018004,2
R003554,1
R033587,2
R075489,1
R091317,3
R006711,0
R067998,0
R023575,0
R093761,2
R049561,2
R014045,0
R099024,3
R005838,0
R059099,2
R009590,0
R058493,2
R099356,0
R066187,0
R088707,0
R014543,0
R041384,0
R075923,3
R011517,0
R093418,0
R052094,0
R074369,0
R010319,1
R066526,2
R048150,0
R031748,1
R004611,1
R020283,0
R007365,0
R076625,0
R071729,0
R062545,0
R098647,0
R074658,1
R057278,0
R043952,0
R080151,2
R020805,0
R051150,2
R092045,1
R038609,2
R042273,0
R031597,0
R054881,1
R016748,0
R091084,1
R008937,0
R006951,2
R034252,2
R021660,3
R098145,1
R080545,0
R051056,3
R097951,1
R069124,0
R076230,1
R053723,2
R023423,1
R022616,0
R078728,0
R047817,0
R055654,3
R082923,0
R090847,0
R014378,0
R070949,0
R015201,1
R019704,0
R084417,2
R008981,0
R057649,0
R068877,1
R095545,0
R005119,1
R053095,2
R010394,1
R090597,0
R010200,1
R027455,0
R004564,0
R002315,3
R089042,0
R079244,0
R064985,0
R042578,3
R033081,1
R049669,3
R010991,0
R071664,0
R060218,3
R054363,0
R017675,0
R034805,3
R088701,1
R075271,0
R033406,1
R054119,2
R092725,0
R083026,1
R055597,0
R076639,0
R028446,3
R096834,0
R007432,1
R065119,1
R022072,0
R014492,3
R089036,2
R090294,0
R014206,0
R062837,0
R096354,3
R020510,0
R086944,1
R009181,1
R006378,3
R097720,1
R050658,0
R089522,0
R081512,1
R032815,0
R040467,3
R040192,0
R056827,0
R023650,0
R015424,0
R029047,0
R051024,0
R098537,0
R064284,1
R083375,3
R074152,0
R024237,3
R020181,3
R085355,2
R057818,3
R017099,2
R053563,1
R034699,1
R020768,0
R058238,0
R043745,1
R050548,1
R087092,0
R099007,1
R029460,0
R021190,0
R072960,0
R026857,0
R080863,2
R081788,0
R077949,1
R058285,0
R074590,0
R063338,1
R007708,1
R010271,0
R017821,2
R007078,0
R044338,0
R051280,0
R041999,1
R043143,3
R047227,1
R016210,3
R005769,1
R003240,1
R095620,3
R009135,2
R062672,0
R099610,0
R056944,2
R012992,3
R054494,0
R056151,2
R055711,3
R015197,0
R055721,2
R061461,1
R032747,0
R073983,1
R029538,1
R024805,3
R056120,2
R018840,0
R047438,0
R029414,2
R052687,3
R093435,0
R061170,2
R073713,0
R001346,0
R073920,1
R051941,3
R082266,1
R080792,0
R041309,0
R089074,1
R085618,0
R078462,0
R022802,2
R090085,0
R009460,3
R028132,1
R084398,0
R084921,1
R028901,2
R048117,1
R095050,0
R080570,0
R071761,0
R094425,0
R058633,0
R044531,0
R041251,1
R061596,1
R086531,1
R093223,1
R036302,0
R042919,3
R062676,0
R097089,1
R002914,1
R093191,2
R033259,0
R096884,1
R019744,0
R075898,0
R057712,2
R092265,0
R055127,1
R099651,2
R064353,0
R051736,2
R089125,0
R077276,0
R009540,0
R000494,1
R002084,3
R037311,2
R052519,2
R009011,3
R067977,0
R047959,0
R082033,0
R058497,0
R044733,0
R015798,0
R027095,0
R009947,0
R047017,0
R033823,0
R069822,0
R026254,0
R097644,0
R094016,0
R086051,0
R080106,3
R032818,2
R035750,2
R073838,1
R071374,1
R007860,0
R033606,2
R020111,0
R057880,3
R029959,0
R061622,0
R089910,2
R060177,0
R002498,3
R019729,2
R037534,2
R082232,0
R066090,0
R004639,1
R060116,0
R074127,1
R083818,0
R056426,0
R045226,2
R049040,0
R030584,0
R033918,0
R026874,1
R066102,1
R029039,2
R051101,0
R075075,0
R016620,1
R056088,0
R031792,0
R019334,0
R049340,2
R035910,2
R013303,2
R088029,0
R028849,1
R081535,0
R003832,1
R082228,1
R019686,1
R089384,3
R065663,1
R078298,0
R012657,1
R056342,3
R064682,3
R001489,3
R059149,1
R063119,0
R045709,1
R011567,0
R013938,3
R094557,0
R076544,0
R085261,0
R066170,0
R061476,1
R082804,2
R083413,3
R025196,0
R061195,0
R089753,3
R012767,1
R085445,2
R071285,1
R058113,0
R049310,0
R016083,3
R051805,0
R076487,3
R084287,0
R054833,1
R035823,1
R071662,3
R063744,2
R036978,2
R040698,1
R057937,1
R056046,0
R068229,1
R020179,1
R012802,0
R070463,2
R061046,3
R046172,0
R039998,1
R059613,3
R075769,0
R030333,3
R024059,0
R060987,1
R069199,2
R010086,1
R042498,0
R059345,0
R091212,1
R097193,2
R057130,0
R064657,0
R001738,2
R054292,2
R018467,1
R025198,3
R060356,0
R045813,2
R037877,0
R063559,2
R059631,0
R043356,0
R002064,2
R065349,3
R045191,0
R050541,1
R014542,0
R073852,1
R090834,2
R094421,2
R087728,3
R076626,1
R046641,0
R043489,0
R090280,1
R071467,3
R060866,3
R096045,1
R082352,0
R091296,0
R038212,0
R075889,0
R019379,2
R001047,1
R028519,0
R096610,0
R033508,3
R025927,1
R098323,0
R071617,1
R095065,0
R040259,0
R046700,0
R010393,2
R016754,1
R083939,3
R094439,1
R037432,0
R013017,3
R008677,1
R071851,0
R066143,0
R092319,0
R002724,1
R057184,0
R083958,0
R001776,1
R092030,0
R017210,1
R047969,3
R024363,2
R079059,2
R089068,2
R067148,0
R033623,1
R042135,0
R085003,3
R064749,2
R090382,0
R015444,1
R009735,0
R036845,2
R001356,0
R025913,0
R098592,1
R015341,0
R038535,2
R099547,3
R062808,2
R039195,0
R038583,0
R036023,3
R066981,1
R023856,3
R038620,2
R021352,1
R000735,0
R011599,0
R089316,1
R092636,3
R005988,1
R089140,0
R033899,0
R070679,1
R077566,1
R020505,3
R025151,3
R092207,1
R087068,2
R064169,3
R079585,0
R090653,2
R073299,0
R056964,0
R056280,1
R019498,1
R041931,0
R078254,0
R097618,2
R070652,2
R096164,0
R058193,1
R061440,1
R031576,0
R059557,0
R092348,2
R096794,2
R033011,1
R071799,0
R062106,1
R042094,0
R077152,0
R030135,1
R006842,0
R055404,0
R009685,0
R074354,1
R092403,3
R082453,1
R023525,1
R061527,1
R040680,3
R037956,0
R040476,2
R087076,0
R003122,0
R062025,0
R025077,0
R014040,0
R011462,2
R014590,0
R018221,1
R010181,1
R009555,0
R046006,3
R040123,1
R091623,3
R088466,0
R026354,0
R083319,3
R088467,1
R012008,0
R063798,0
R068973,2
R078353,0
R036079,0
R023668,1
R012963,0
R007204,1
R094807,0
R094085,2
R048959,0
R022640,1
R060436,0
R043246,3
R059697,0
R019759,2
R077859,1
R058640,3
R037451,0
R015834,3
R010103,2
R022655,1
R061755,3
R047725,1
R006209,0
R060352,1
R058703,0
R041858,0
R028522,0
R067061,0
R001287,3
R011674,0
R035607,1
R029173,1
R073063,0
R023242,1
R056301,3
R073811,0
R055180,0
R013556,2
R012972,0
R045912,1
R092743,0
R036913,3
R090248,0
R099270,0
R069299,0
R083255,0
R055992,0
R024255,0
R063837,2
R037332,2
R068214,3
R037729,1
R067031,3
R054325,1
R058872,0
R022362,0
R033148,0
R096678,0
R082580,2
R057193,2
R067620,0
R080929,1
R033985,3
R016016,0
R040213,3
R039996,0
R018952,2
R037673,3
R053184,0
R083857,0
R068006,1
R026471,0
R012420,1
R070498,0
R049026,1
R024403,0
R077085,1
R060854,3
R058547,1
R023255,2
R095386,1
R005799,0
R065525,1
R049057,1
R058671,1
R020188,2
R080494,3
R045795,1
R025638,2
R039801,3
R054462,0
R060997,1
R071434,1
R032209,2
R017063,1
R002019,2
R098995,1
R065332,3
R060074,1
R087474,2
R092441,1
R099296,0
R042626,0
R088719,2
R008205,0
R011710,3
R081221,0
R076319,0
R026207,3
R041380,1
R083644,0
R064212,0
R060652,0
R068136,0
R043517,1
R034484,0
R033084,1
R063422,3
R040006,0
R025786,2
R014928,1
R003165,3
R000723,1
R051069,0
R036692,0
R012271,0
R042756,1
R074411,0
R093755,1
R011181,3
R017264,1
R024912,1
R018806,2
R035649,0
R054725,1
R057378,2
R003507,0
R035484,1
R064516,1
R069617,0
R069762,0
R038384,1
R043611,2
R094373,0
R070700,2
R049082,2
R076999,0
R038711,0
R039419,0
R007545,1
R092920,2
R062140,3
R067731,2
R026942,1
R044999,0
R026438,2
R070009,0
R096145,2
R079379,2
R026128,2
R016912,1
R080043,1
R053499,3
R094029,0
R075289,1
R044571,0
R035053,0
R070087,3
R049046,1
R054442,3
R036014,2
R070167,0
R075405,1
R004801,0
R023619,1
R095394,3
R031481,0
R039547,0
R013240,0
R022168,0
R003419,0
R045211,0
R033515,3
R030651,1
R065367,1
R068496,2
R001372,0
R085986,3
R000240,3
R011554,0
R037957,0
R075226,0
R062005,0
R053815,0
R037912,1
R005538,3
R099578,0
R047511,2
R073458,1
R074945,0
R044046,3
R055011,1
R084676,2
R022047,0
R059674,1
R005306,0
R094540,1
R094907,3
R000141,1
R031818,1
R005212,2
R078032,0
R007834,0
R044839,0
R039836,1
R048467,2
R091707,2
R099484,1
R014866,0
R072385,1
R006984,2
R081350,0
R066955,1
R036969,3
R089121,0
R079071,1
R005855,0
R096414,0
R048177,1
R056644,0
R070658,3
R035469,2
R015021,0
R067888,2
R085173,2
R019377,1
R040390,1
R086861,0
R021033,0
R068343,1
R005136,1
R083274,1
R018669,1
R058532,3
R090585,0
R095428,1
R079378,0
R051374,1
R095720,0
R052537,2
R002357,3
R088233,0
R002285,0
R081732,3
R001524,1
R078349,1
R003234,2
R060039,0
R099384,0
R018443,1
R015434,1
R028172,1
R028697,2
R050636,3
R072560,3
R015290,1
R005561,0
R046678,3
R042819,0
R026636,0
R048409,0
R098804,1
R017089,1
R021221,2
R041164,1
R034345,1
R097111,0
R073563,0
R082190,0
R097471,0
R083326,0
R027275,3
R009815,3
R005499,0
R008109,0
R061163,0
R029224,2
R009377,1
R037610,0
R024638,1
R045144,3
R021878,0
R082197,3
R067833,2
R013213,3
R061347,1
R086596,3
R030607,0
R051685,1
R035108,0
R091190,0
R033760,0
R074084,3
R022760,0
R086584,0
R032662,1
R086261,3
R046484,0
R044335,3
R037531,1
R054070,0
R096817,3
R035433,0
R093565,0
R018838,0
R031678,0
R023341,1
R036946,3
R060280,0
R029027,0
R040104,1
R029101,0
R069404,0
R028740,3
R069408,0
R076711,1
R091099,0
R013859,1
R088465,2
R002282,0
R045492,0
R004037,3
R012179,2
R066505,2
R077514,0
R006602,0
R001882,1
R028336,2
R034825,0
R079972,3
R022436,3
R072379,1
R028767,0
R024686,3
R094206,0
R048705,1
R002507,3
R005475,2
R062206,0
R009203,0
R031565,0
R092439,1
R054913,0
R095422,0
R023944,0
R027862,0
R041174,3
R035005,0
R059999,0
R084691,2
R047040,3
R074214,0
R083289,0
R053863,1
R076337,0
R082148,1
R007599,0
R030316,0
R040438,0
R003660,1
R087013,0
R020633,1
R063941,2
R043302,3
R035019,1
R076182,1
R041071,3
R046199,1
R022015,0
R021425,0
R093647,1
R032118,3
R003219,1
R074689,0
R088854,1
R083760,1
R071844,1
R019269,2
R092256,0
R056634,3
R056568,0
R099148,3
R076452,0
R005759,0
R011992,0
R082467,1
R029142,0
R089200,1
R041719,0
R098599,0
R072630,0
R009284,3
R020738,1
R077385,0
R083994,3
R025597,0
R093590,3
R013385,0
R098025,3
R054202,3
R087434,1
R040295,0
R010105,1
R097340,0
R047793,0
R068287,0
R047317,1
R019043,0
R044865,3
R082511,0
R051321,2
R050023,1
R025404,3
R056262,0
R082765,1
R002395,1
R092001,0
R080401,1
R091994,1
R097317,2
R019553,0
R026479,1
R013833,1
R073629,1
R076118,1
R079168,0
R028854,1
R035982,0
R017325,0
R090481,0
R053004,2
R058687,0
R016967,3
R051752,0
R071509,0
R031733,0
R014685,0
R034548,0
R022700,0
R032600,2
R015966,2
R058776,1
R028115,0
R003591,1
R049892,3
R056354,1
R014863,0
R010716,2
R043147,3
R094303,0
R040343,2
R047571,0
R029436,2
R072864,0
R009810,2
R077540,0
R030223,2
R069522,1
R061994,1
R001209,2
R078064,0
R004858,2
R093816,0
R091480,0
R009672,0
R062997,0
R064333,2
R055845,0
R028737,0
R039730,3
R081156,0
R099114,3
R046754,0
R040674,2
R026316,3
R005346,1
R070936,0
R020923,1
R051119,1
R074950,2
R061017,0
R019432,3
R020894,3
R096413,0
R072512,1
R080817,2
R068196,2
R051381,0
R085635,0
R066406,3
R039150,0
R066547,1
R026977,0
R028400,0
R058368,1
R047684,1
R004496,1
R049432,1
R034475,0
R068314,2
R004736,3
R014512,1
R043492,0
R039669,2
R018888,0
R010312,0
R039220,2
R091501,1
R030671,1
R068152,2
R053549,2
R024586,2
R011000,3
R058435,0
R098840,3
R014514,3
R094838,3
R071727,3
R080517,1
R020121,0
R039999,0
R034782,0
R002785,1
R044512,1
R050362,1
R055196,1
R062942,1
R044816,2
R089546,0
R015854,1
R070690,3
R047049,1
R076486,0
R083556,2
R064948,1
R079319,0
R058520,0
R066467,0
R056182,2
R093165,1
R094146,2
R089325,3
R004644,0
R058524,1
R037370,1
R095266,1
R078283,1
R052626,3
R096065,1
R005109,1
R031998,3
R005698,0
R031785,0
R078513,1
R077159,1
R003273,0
R023343,3
R090282,0
R004129,2
R090541,1
R023169,2
R046956,0
R082495,1
R076872,3
R049888,0
R049691,2
R048554,1
R052760,2
R050726,0
R092379,2
R053179,3
R022190,0
R072380,2
R062202,1
R092393,0
R092456,3
R064734,0
R005822,1
R085128,0
R054328,1
R078312,2
R037447,0
R064908,1
R069118,0
R069521,1
R090553,1
R043606,3
R070459,2
R019281,3
R022465,3
R079500,2
R015836,3
R097894,2
R000291,0
R035623,2
R039400,2
R075473,0
R026817,2
R092079,0
R015584,1
R017457,1
R060571,0
R029880,1
R087167,1
R095253,1
R026284,0
R043163,0
R036836,3
R065504,0
R069462,2
R026767,0
R067904,1
R022598,1
R058973,0
R065755,0
R071166,1
R096538,1
R062353,0
R076553,2
R058526,2
R036545,0
R041260,0
R082546,3
R053403,1
R053510,0
R045646,1
R015900,3
R082298,0
R029198,1
R037500,1
R085307,1
R003889,3
R030645,0
R046766,0
R064567,1
R083578,1
R085878,0
R025128,2
R016024,0
R054140,2
R070969,1
R090514,3
R072676,3
R033632,3
R094634,0
R059551,3
R080035,0
R099443,0
R020991,1
R045133,0
R055959,2
R021841,1
R001766,0
R000455,2
R072911,1
R003908,0
R035058,3
R040451,0
R059018,3
R077242,2
R093440,1
R052106,1
R047568,0
R076188,0
R089915,3
R041340,1
R094579,2
R098383,2
R089948,3
R039111,3
R008082,0
R022986,3
R080928,1
R043225,0
R013702,0
R070409,1
R077270,1
R024130,1
R090493,3
R042257,1
R088637,3
R087725,0
R091935,1
R098959,0
R036263,1
R078890,3
R025482,1
R046475,0
R067489,2
R080090,0
R085717,0
R071386,1
R022566,1
R015929,3
R083798,1
R028125,1
R093785,0
R002853,0
R023237,2
R040512,0
R076896,0
R005776,2
R079241,1
R062288,0
R065102,3
R069353,0
R074169,2
R010199,3
R036493,0
R077074,0
R017601,0
R029785,3
R030644,3
R027098,2
R042617,0
R052781,3
R043427,0
R065274,1
R088210,0
R043216,0
R049983,0
R065208,1
R027923,1
R044038,0
R070304,0
R046068,0
R033456,0
R072480,1
R049023,0
R066292,1
R061853,0
R085486,1
R070180,0
R063918,2
R039500,1
R001657,3
R078423,0
R041363,3
R034537,1
R043729,0
R060304,1
R038779,3
R081705,0
R098946,1
R042049,0
R023475,3
R008338,1
R052831,3
R027436,2
R010131,3
R057081,3
R004356,0
R008455,0
R090893,0
R031941,0
R011783,3
R059432,0
R089236,3
R044250,0
R071859,0
R028375,1
R084597,0
R028869,0
R034997,3
R073378,1
R078970,2
R096058,3
R082140,0
R065392,1
R087173,0
R095725,0
R024015,1
R059595,2
R004379,3
R071537,1
R077170,1
R039262,3
R015488,1
R022100,0
R091089,2
R078183,0
R083856,0
R001437,2
R079097,0
R068946,2
R075817,1
R021555,3
R042217,3
R052448,2
R051271,3
R082856,1
R011360,0
R063531,0
R039301,2
R041874,0
R025555,1
R003814,2
R094637,3
R053605,0
R064699,0
R004039,0
R058089,0
R028183,0
R078476,0
R098956,0
R033749,0
R005596,1
R009369,0
R099398,0
R071503,0
R048922,1
R017953,0
R011116,0
R002322,1
R090246,0
R080006,1
R009141,0
R046213,1
R077449,0
R024643,0
R094923,1
R071873,2
R035724,0
R030112,1
R039386,0
R089943,2
R060492,3
R045582,3
R080376,1
R002121,1
R068162,3
R092918,2
R012451,2
R090932,0
R022470,3
R078913,0
R005662,0
R009444,1
R011875,1
R007067,0
R044014,0
R051075,3
R094595,2
R043463,0
R096184,3
R037265,2
R034514,3
R011701,0
R081673,1
R020058,0
R019807,0
R016659,0
R053172,1
R029898,0
R084030,1
R004071,0
R015621,1
R096367,2
R075962,0
R044490,0
R015302,3
R007437,0
R092225,3
R049320,3
R018214,0
R015672,1
R096357,0
R099353,0
R078147,2
R045288,3
R016974,2
R040636,3
R012083,1
R011893,1
R039758,0
R047613,0
R019987,0
R072767,0
R074831,1
R045188,1
R099032,0
R056589,0
R053786,1
R057343,0
R016066,1
R000153,3
R012064,1
R021811,1
R048831,0
R087058,0
R042751,1
R034295,2
R038709,0
R054872,3
R024606,1
R045425,1
R008869,3
R063343,0
R054785,0
R026251,0
R089962,0
R078019,2
R094066,3
R097503,2
R028537,0
R083833,0
R012133,1
R089426,0
R006540,0
R068364,0
R089843,0
R073393,2
R045088,0
R084954,0
R040784,3
R062307,1
R019812,2
R050326,3
R034998,0
R079277,0
R034276,0
R054933,1
R060504,0
R026626,0
R063605,0
R097285,2
R026176,0
R001721,1
R031833,0
R087238,0
R062085,0
R076955,0
R061425,3
R090161,1
R072409,2
R034719,2
R086629,0
R055030,2
R009892,2
R081469,3
R043695,1
R037730,0
R086692,1
R028108,0
R034090,3
R092894,0
R070914,0
R029356,1
R038570,1
R026985,1
R050945,3
R095161,0
R067716,0
R062310,0
R085762,0
R097680,0
R075266,3
R042793,0
R030014,0
R074902,1
R088114,3
R017854,3
R010567,0
R018632,2
R027651,2
R011646,2
R012339,0
R089703,2
R022121,1
R014069,1
R006240,2
R022933,1
R048936,1
R009952,3
R013069,1
R088437,1
R004691,0
R017604,0
R056183,0
R069275,0
R044605,0
R026603,2
R066003,0
R077534,0
R018830,2
R046539,1
R085574,2
R046095,3
R042465,3
R028825,0
R077323,0
R048990,0
R048143,0
R019221,1
R058467,1
R028867,0
R010141,0
R081203,1
R007593,0
R053423,2
R009737,0
R070229,0
R094960,0
R073428,0
R027889,1
R028150,0
R093286,2
R000320,0
R004778,0
R013519,1
R021828,3
R013769,0
R010667,1
R067014,0
R048944,0
R003404,1
R069327,3
R018844,1
R025904,0
R000917,0
R080678,1
R032288,1
R001241,2
R029730,0
R065337,3
R087215,2
R048323,1
R035637,1
R019549,3
R059292,1
R020198,0
R021927,0
R040310,0
R042779,1
R032894,0
R004812,0
R054614,1
R012770,2
R014098,0
R079520,1
R053566,0
R061775,1
R093199,3
R006762,1
R075807,0
R074510,0
R018170,0
R044532,1
R070536,3
R022345,2
R094625,0
R008655,2
R079234,0
R012893,1
R027848,0
R070375,0
R034638,0
R065498,1
R026226,1
R007442,0
R011909,1
R003607,1
R073316,0
R026389,0
R025943,2
R045193,0
R028655,3
R071635,0
R043080,0
R078548,0
R035279,0
R008509,0
R016256,0
R047891,2
R076887,3
R026632,3
R008101,3
R084454,2
R058885,0
R021473,3
R027713,0
R078627,1
R010345,0
R019346,0
R058995,0
R044813,3
R021021,0
R020415,1
R004563,3
R063710,0
R058654,0
R071175,0
R032355,0
R069645,1
R081447,0
R054707,0
R066444,0
R085594,0
R028580,0
R071321,2
R039961,2
R025432,3
R034316,3
R046375,0
R012866,1
R051213,0
R045327,2
R077113,0
R033759,0
R074455,0
R012189,0
R058692,0
R033931,0
R013570,2
R091761,0
R031098,0
R037506,3
R063352,2
R040344,1
R060166,1
R047083,1
R019881,0
R069825,3
R004609,1
R098850,2
R066067,3
R053921,3
R056885,0
R060923,1
R053505,3
R084436,3
R081392,3
R001246,1
R057917,0
R025948,3
R009069,0
R037692,0
R008647,1
R030298,2
R055224,0
R019835,0
R055713,2
R004426,0
R020761,0
R001137,0
R086809,0
R022109,1
R042631,0
R019047,0
R058754,2
R076643,0
R003398,0
R031397,0
R080471,0
R037269,0
R024807,1
R010939,2
R042599,0
R023407,3
R041448,1
R065482,2
R009922,3
R092503,0
R083655,1
R084612,1
R077123,1
R086283,0
R079551,0
R010497,0
R023520,1
R018917,0
R093133,0
R082406,0
R041807,1
R032689,0
R051244,2
R070701,0
R066186,1
R035783,3
R077337,2
R064448,0
R053397,1
R028850,0
R073314,3
R069168,1
R070825,1
R044342,0
R090744,0
R035119,0
R087473,1
R006453,0
R005792,2
R015894,3
R028539,1
R048651,0
R035228,1
R042622,0
R032999,2
R053236,2
R025209,0
R016045,0
R000551,2
R084458,1
R052276,3
R003820,0
R001114,1
R035548,0
R074998,0
R096544,1
R088753,1
R065423,3
R079027,0
R014140,0
R055081,1
R047054,0
R013358,3
R064557,2
R091113,0
R030604,0
R018283,0
R015061,1
R055770,2
R039929,0
R002082,0
R029917,0
R004144,0
R001771,0
R086677,1
R032984,0
R057053,0
R042596,3
R054609,0
R073786,0
R025894,0
R082926,2
R050650,0
R062969,0
R037023,0
R051112,1
R086961,3
R085014,2
R003874,1
R034257,1
R053015,3
R019230,0
R018886,0
R070831,3
R009560,0
R027644,0
R031399,3
R012443,0
R039310,0
R023446,1
R008376,2
R036396,0
R048633,0
R055537,2
R072601,1
R031634,0
R078967,1
R032437,2
R097725,0
R005732,0
R086973,0
R066604,0
R023757,0
R064596,1
R015661,2
R018157,3
R049629,3
R094601,0
R027319,1
R016269,3
R011693,3
R022341,0
R059634,1
R032470,3
R095440,2
R063357,1
R045007,0
R083097,2
R064521,0
R012003,0
R061444,3
R038051,0
R056346,0
R012419,1
R079177,1
R043615,0
R075160,0
R049552,0
R021572,0
R091281,0
R084790,0
R012168,1
R089852,3
R068472,0
R067689,1
R047061,2
R026347,1
R068784,3
R053345,0
R004348,1
R047328,2
R058809,3
R008321,0
R003835,3
R043980,1
R010338,0
R029248,1
R012999,1
R014743,1
R008059,2
R031067,1
R069195,1
R026212,0
R005527,0
R006609,1
R093491,1
R086853,0
R067400,1
R087528,3
R076843,1
R018477,0
R020062,2
R087324,2
R083835,0
R088644,0
R059244,1
R090923,3
R081966,1
R052358,2
R044299,1
R002745,1
R005418,0
R004604,2
R054615,1
R093336,1
R047702,3
R012631,0
R076037,3
R078385,1
R096038,2
R073837,3
R027461,3
R038018,3
R099121,0
R058175,3
R011475,1
R025215,1
R004232,2
R087074,0
R093638,0
R052667,0
R023002,0
R086955,1
R064078,2
R014644,1
R070993,0
R068711,0
R034037,0
R074970,1
R027047,0
R062689,0
R087438,0
R060195,0
R024809,0
R011725,0
R004162,0
R043900,0
R034340,0
R096227,1
R041450,0
R073204,0
R092107,0
R061601,0
R036141,0
R003984,0
R076375,2
R023712,1
R026573,1
R060141,1
R085695,1
R027512,1
R053708,3
R009448,3
R015067,3
R053012,0
R039297,0
R044347,2
R096442,3
R043676,0
R088551,1
R001217,0
R092068,0
R025027,2
R051514,3
R033883,0
R048079,0
R083484,0
R060023,0
R060303,0
R091067,1
R021045,0
R044022,0
R027853,0
R088218,1
R033624,0
R007289,2
R076409,2
R042450,3
R084623,1
R098221,0
R079113,0
R058332,2
R036808,2
R034625,3
R015279,0
R027409,0
R066619,1
R015765,0
R036635,1
R003900,3
R071884,0
R010770,0
R050061,0
R037924,3
R004060,2
R013944,0
R070826,3
R004194,1
R064566,1
R050478,0
R073882,0
R019054,1
R009809,2
R005840,0
R013150,0
R061547,1
R021539,0
R090853,2
R041394,2
R093513,0
R051436,0
R082714,2
R093188,0
R024480,0
R030141,1
R021849,1
R054175,3
R040448,0
R054619,1
R033322,2
R010885,1
R020646,2
R055157,1
R023039,3
R073507,0
R005782,0
R041562,0
R062338,0
R014272,0
R036317,0
R031958,1
R060829,0
R050414,1
R072525,1
R025515,2
R042185,2
R041824,2
R037033,3
R031152,2
R009899,1
R020366,2
R042714,3
R057634,2
R034482,1
R042949,1
R034620,2
R039541,1
R021145,2
R076017,0
R045594,2
R023695,1
R043050,1
R018590,2
R057589,2
R038812,1
R085215,0
R067885,1
R022758,0
R068151,1
R018092,0
R031428,3
R062894,1
R098485,1
R054699,1
R070169,2
R077558,3
R099598,1
R098625,2
R090654,0
R099762,0
R034808,0
R019535,1
R058747,0
R015837,1
R064761,2
R085763,1
R085213,3
R084007,0
R031841,1
R084027,3
R033992,2
R005160,0
R025911,3
R063237,0
R012840,0
R007299,0
R031392,3
R018568,3
R085020,2
R062696,3
R005165,2
R055125,0
R098192,2
R066829,0
R065214,0
R093340,0
R031730,0
R031024,1
R064729,0
R074844,1
R093390,0
R070294,3
R005064,0
R031952,0
R044479,3
R015382,2
R016978,2
R043688,0
R039794,1
R031599,1
R081704,3
R059102,0
R094768,0
R075959,0
R013791,1
R042442,3
R089789,3
R031195,1
R036057,0
R047772,0
R006473,2
R051584,2
R074579,0
R087526,0
R036730,3
R074715,3
R073651,1
R041531,0
R029641,1
R030512,3
R089053,0
R022071,2
R007026,1
R024895,1
R006204,1
R077745,1
R043276,0
R083883,1
R002719,2
R012917,3
R051027,0
R098472,0
R074517,0
R018752,0
R013863,0
R043183,2
R054531,3
R013477,1
R094009,0
R077894,0
R078906,1
R036073,0
R068341,0
R050847,0
R007203,0
R071421,0
R005493,1
R082633,0
R036451,0
R012989,2
R020322,1
R055520,0
R037139,1
R038227,3
R035141,1
R010674,0
R032326,2
R041084,3
R003139,0
R079745,1
R041859,0
R003999,0
R041231,2
R024318,2
R017176,1
R005924,2
R073977,0
R077378,1
R067854,3
R025374,0
R015162,2
R019560,0
R096724,1
R024947,0
R045427,0
R043678,0
R020147,3
R078749,2
R095202,3
R035644,3
R094492,0
R013426,2
R089652,0
R074379,2
R019887,0
R044584,3
R095193,0
R070411,1
R026278,0
R018877,0
R071108,1
R044065,1
R031376,3
R028977,1
R032663,0
R093300,1
R006363,0
R094259,2
R042955,1
R057075,1
R008537,0
R083718,0
R001533,2
R040133,1
R049621,0
R019456,0
R002587,0
R093736,0
R078838,0
R020533,1
R095409,1
R064362,1
R047672,0
R063465,0
R054116,3
R061713,3
R067852,0
R026540,2
R044493,0
R024993,0
R092125,3
R066623,1
R028012,1
R075653,0
R099872,0
R075596,2
R001962,0
R049541,0
R048972,0
R005385,2
R078992,0
R096876,2
R051404,1
R067708,1
R051389,0
R079980,1
R059031,3
R067107,1
R041679,1
R099275,1
R033207,3
R028333,1
R007770,1
R026691,0
R006790,2
R026773,0
R032035,0
R064350,0
R072496,0
R005290,3
R039559,3
R056927,1
R090676,0
R040057,1
R022577,1
R010209,2
R004823,0
R050754,0
R092519,3
R076795,0
R036095,2
R028764,2
R037491,0
R063241,1
R071540,0
R002652,1
R013162,0
R047326,2
R018059,2
R009743,0
R006393,3
R002337,3
R025011,0
R086438,0
R046434,0
R038243,1
R046405,3
R027385,0
R024381,0
R018416,3
R027833,1
R065749,1
R029023,0
R061727,1
R052005,3
R010668,0
R025268,1
R071949,0
R078766,0
R036904,1
R082058,1
R011437,0
R072401,1
R046505,0
R050046,3
R013672,0
R063510,0
R023364,1
R005416,2
R039694,2
R075121,0
R075397,3
R088435,3
R088892,0
R093113,1
R066667,1
R056586,0
R036584,2
R057635,2
R002376,0
R047258,0
R079263,0
R064254,0
R080252,3
R089031,3
R041247,2
R073376,0
R022892,3
R042709,1
R015404,0
R069486,1
R040015,1
R084657,0
R090000,2
R019966,3
R084036,1
R005207,1
R011708,1
R001844,2
R066502,3
R083476,1
R086660,0
R083363,2
R055561,0
R001953,2
R038882,2
R083436,0
R058850,0
R096408,2
R032354,3
R092250,1
R074345,1
R033849,1
R083781,1
R013928,3
R053252,0
R077943,1
R002212,0
R026663,0
R092762,0
R089812,0
R003005,2
R085645,0
R090697,1
R020936,0
R070097,1
R043982,2
R069553,0
R076551,2
R052345,0
R022773,0
R059670,0
R040477,0
R052338,3
R015206,1
R046310,1
R036315,0
R022594,0
R043979,2
R054137,0
R006605,0
R053298,3
R083547,1
R024815,0
R072644,1
R058814,1
R088342,1
R071529,1
R058815,1
R051297,0
R043392,2
R038922,3
R070000,3
R024867,3
R075455,1
R000475,0
R054499,2
R018290,1
R060367,1
R006265,1
R096093,0
R021073,0
R011719,1
R039403,0
R035736,0
R078874,1
R059357,1
R079020,0
R086046,0
R000168,0
R081653,0
R095494,2
R088770,0
R085050,2
R025220,3
R032069,0
R054959,2
R003163,3
R048722,2
R053188,1
R047660,1
R007541,3
R012927,0
R037199,1
R035031,3
R058593,1
R024437,1
R072845,0
R008450,2
R054473,0
R059945,0
R006563,0
R054686,3
R083948,1
R030835,0
R010359,3
R000041,1
R092164,0
R071017,0
R011800,1
R055078,0
R009315,2
R018473,0
R050841,2
R086451,0
R042851,2
R086884,1
R064373,0
R025452,0
R017544,0
R015492,2
R019376,3
R027274,1
R020926,0
R019621,0
R098779,0
R065107,3
R008595,2
R068940,0
R028224,0
R079005,3
R066685,0
R046798,0
R051116,1
R036169,1
R081346,3
R067077,0
R029622,2
R005074,3
R054827,1
R038457,0
R002385,1
R078516,1
R034955,2
R072961,0
R018945,0
R056580,3
R057006,0
R020865,0
R010623,0
R091468,2
R074184,1
R081607,2
R092558,2
R000288,0
R089604,0
R066255,3
R043836,1
R023302,3
R075344,2
R089487,0
R001416,2
R043862,2
R077582,1
R064182,0
R064027,3
R030349,0
R092767,0
R013137,0
R071541,0
R018541,2
R043799,0
R000677,0
R034605,1
R014346,2
R015072,3
R014362,2
R050221,3
R075631,0
R050586,0
R074331,0
R014429,1
R004102,1
R002545,1
R016467,1
R006229,0
R028026,1
R004914,0
R063111,2
R029969,0
R001980,0
R084837,2
R047239,2
R038083,2
R062608,0
R065285,2
R094612,3
R068156,3
R046182,0
R035631,3
R014643,2
R082036,1
R048774,1
R050429,1
R032248,0
R043034,2
R035421,0
R029236,0
R060201,2
R097777,0
R085011,3
R006701,2
R091946,0
R001098,2
R058173,0
R074260,2
R074449,1
R053462,3
R015695,1
R094603,3
R021001,2
R055526,1
R097119,3
R047270,0
R074696,2
R046717,2
R089658,3
R086397,3
R043340,0
R066368,0
R052752,3
R080195,0
R002221,3
R024149,0
R002352,3
R032198,1
R023392,2
R091953,0
R044397,3
R091858,0
R068102,2
R053697,1
R095775,0
R097569,1
R061924,1
R083082,0
R060317,3
R086365,2
R086421,0
R064275,1
R096695,1
R086714,3
R027922,3
R092601,0
R031281,0
R070233,3
R039105,1
R037681,3
R021434,0
R054433,2
R073396,0
R095421,0
R004918,3
R054955,0
R070504,1
R038723,1
R034157,0
R036170,3
R016661,2
R030177,0
R030868,1
R091293,0
R074226,3
R050081,0
R031190,0
R090880,0
R030840,2
R087866,0
R098467,0
R041057,2
R041473,2
R018573,3
R001868,0
R028885,0
R079440,3
R063962,3
R061919,1
R021468,3
R077448,0
R040800,1
R000675,0
R030098,1
R050342,1
R000521,0
R004140,2
R032434,3
R014121,2
R002955,1
R015558,2
R034493,3
R024052,1
R021915,2
R093832,3
R045300,1
R015386,0
R070187,2
R089402,1
R059378,0
R015596,3
R092491,2
R094063,1
R045235,0
R054356,3
R039099,0
R060368,0
R066971,1
R080474,2
R049322,0
R018231,0
R059525,0
R075309,2
R036009,1
R053568,1
R009414,2
R060065,0
R063714,1
R020817,0
R076891,1
R072954,0
R022124,0
R043381,0
R075146,1
R053903,0
R034522,0
R055279,0
R007016,1
R024533,2
R001691,0
R088495,2
R067688,1
R065508,0
R062312,0
R031511,1
R096630,1
R014908,1
R011911,2
R027773,1
R012966,3
R022828,2
R061355,0
R035563,1
R027080,0
R049181,1
R032859,2
R020770,0
R047820,0
R035907,1
R019001,0
R038754,1
R047284,1
R091688,1
R044721,0
R085556,3
R093649,1
R074704,0
R059837,1
R002127,0
R008277,0
R016027,3
R002292,2
R046752,0
R009621,1
R076308,2
R039544,1
R022083,0
R069015,0
R061809,3
R092648,0
R095894,2
R017709,0
R062201,0
R051636,0
R044693,0
R063906,2
R070704,0
R037485,1
R044672,1
R054760,1
R086662,1
R051648,0
R083816,3
R043278,1
R015239,0
R072350,1
R028587,2
R099284,0
R043030,2
R036813,0
R089627,2
R097771,0
R089308,0
R073844,2
R003684,3
R040264,0
R058388,0
R079432,0
R066805,1
R022947,1
R011668,2
R006827,3
R006649,1
R014319,2
R011277,0
R011002,0
R079690,3
R083673,0
R084409,2
R047158,0
R079267,0
R060515,2
R004816,1
R012828,2
R092705,0
R052813,1
R045266,1
R035706,1
R030368,2
R061267,3
R083478,0
R043087,1
R086393,1
R051408,1
R031946,0
R080222,1
R093685,2
R002117,1
R031517,0
R053388,3
R028725,1
R055558,0
R062844,0
R038488,3
R012869,1
R020356,0
R096288,1
R043895,0
R061767,0
R042459,1
R089815,1
R002467,3
R084381,3
R021135,0
R065417,0
R036291,2
R058642,0
R044885,3
R031334,2
R063015,1
R004167,1
R055675,3
R011675,1
R064367,0
R041091,2
R024914,3
R054047,1
R066299,3
R092371,1
R061845,1
R017278,2
R031798,0
R024865,0
R007425,1
R092565,1
R066020,2
R069739,0
R078803,0
R074565,0
R074921,1
R061651,1
R096846,0
R065198,3
R088261,3
R099317,2
R008328,1
R010350,1
R058569,0
R084129,1
R090228,2
R034677,0
R040758,3
R051331,3
R012472,0
R077163,2
R030873,3
R070213,1
R046969,3
R004795,0
R070513,0
R081357,2
R075216,0
R009979,0
R056922,1
R038279,3
R027993,0
R041056,0
R030878,0
R011805,3
R091241,0
R070715,3
R061015,0
R017108,0
R083348,1
R046234,0
R002549,0
R092258,0
R089856,1
R064301,0
R024126,1
R094941,1
R070079,0
R081171,3
R065578,0
R039963,2
R018182,0
R079129,0
R050510,2
R080166,1
R077264,0
R035060,1
R079961,0
R065784,2
R060391,2
R004737,2
R066918,2
R098046,0
R062496,2
R002944,3
R073463,0
R044229,0
R002825,0
R023293,3
R040820,0
R076565,2
R058907,0
R002165,0
R050101,1
R074038,1
R033459,2
R086996,0
R064277,1
R024681,3
R000299,0
R013739,0
R037526,1
R003217,2
R081887,2
R070758,0
R020118,0
R032922,3
R007883,0
R097001,0
R044239,0
R037469,2
R039697,3
R077539,0
R099295,3
R059632,1
R011662,2
R051954,1
R022006,2
R073824,1
R064931,0
R039911,0
R063249,0
R016309,0
R098284,0
R006908,0
R078003,1
R068823,1
R070946,0
R012299,0
R079313,1
R030046,0
R048149,0
R035365,2
R068555,0
R022332,2
R067698,0
R078136,2
R043141,2
R078411,1
R082791,0
R006550,0
R036384,1
R021389,0
R048394,1
R001090,1
R000393,3
R040852,3
R088304,0
R064306,1
R012580,0
R021149,1
R037573,1
R066963,3
R091872,3
R061850,0
R094191,1
R070128,2
R006543,2
R086376,2
R063095,3
R072158,0
R013566,0
R087786,2
R012605,0
R065812,0
R058562,2
R075900,3
R003284,1
R047513,0
R018663,2
R018639,0
R090105,0
R028832,2
R043561,3
R080561,0
R064979,3
R021217,2
R021350,1
R020710,0
R054320,0
R082529,0
R018501,0
R068651,1
R028858,0
R067165,0
R025576,1
R073072,1
R057981,0
R010039,3
R008760,0
R049180,3
R076959,0
R050104,3
R077304,2
R063578,0
R030417,0
R096943,1
R010455,3
R036752,2
R052366,3
R006856,0
R002961,3
R093611,1
R072705,0
